relpath,category,ext,size_bytes,sha256
.gitattributes,other,,2518,45a7cbb7d9942ba7ffce0b20bc8dbe2d1196533bc6e4bd245871d77fb1eedfdc
.github/copilot-instructions.md,doc,.md,4,dba5166ad9db9ba648c1032ebbd34dcd0d085b50023b839ef5c68ca1db93a563
.gitignore,other,,6223,deab72c393f334c50b9f30ce730eca452ea0ac28f6544cdc2012017f6c9a902c
clean.bat,other,.bat,1016,ea3e342f1b2c203d13c96213f3d1969476ae4c8469bb03484489b283c2392f39
CpuInterfaceBridge/CompilationContracts.cs,source,.cs,3901,4fe7bb497ef52d951f6bb3b7f5b3181e0b31fe42f762ea86dc92b388715be6fa
CpuInterfaceBridge/CpuInterfaceBridge.cs,source,.cs,4537,761e56e597184e14e14026f69391484c2a6fe30ae85ce3c3e64de30026cd266e
CpuInterfaceBridge/EmulationContracts.cs,source,.cs,6607,49ace14317a61b952c5d632b03a0431283fdaf2e23b4faacde203a720933dbe4
CpuInterfaceBridge/HybridCpu_InterfaceBridge.csproj,project,.csproj,1077,9af8c75dc1094e69956e3896a8e81b0f3cc1bd74664a20c562b2b920f6a1756e
CpuInterfaceBridge/ICpuInterfaceBridgeServices.cs,source,.cs,2502,8b86211e6fe30509faa5e0a11cc9c4511b6e15672ec2413d39cb8ab032b65bb3
CpuInterfaceBridge/IseCoreStateService.cs,source,.cs,3653,e29615f9b06122a11b2f0b9d8a5747bc7a393a8aee38875f73edf915989df625
CpuInterfaceBridge/Legacy/LegacyHostCoreStateBridge.cs,source,.cs,4064,a2378eba4f4dec3e1c4391975ab911807149c2bc55d3e83f2b8401d629f04065
CpuInterfaceBridge/Legacy/LegacyUiContracts.cs,source,.cs,3455,7234c7d3a9aaebf7dc71a1eb57861ca7bbdf17fe208aab7708314568502f74de
CpuInterfaceBridge/LegacyCompilerService.cs,source,.cs,6922,e8c04c81feeff07ef8ba76d29c173d996f0959c4b2941365682f38d4fd3acc50
CpuInterfaceBridge/LegacyEmulatorService.cs,source,.cs,9232,134722e7289629d5d12bdd1031a8cae55cbda5888d3e2bf8f019eb4b77ffee5b
CpuInterfaceBridge/WinformsGUIRefactorPlan.md,doc,.md,30858,f4f8d4a5639234a186aa67a909dde82f492e04883e2e251457b8e7b8d39dd5d3
Directory.Build.props,project,.props,597,f53b6aef9b35297db15c8ec757e731137b182aff7acc9384ced8831c0030a77a
Documentation/ActualRefactoring/CompilerRefactor/00_README.md,doc,.md,3794,f0ccda2f751ba45adb655009b70a71f9c6526c3250cb86ad43b8edefa004db4d
Documentation/ActualRefactoring/CompilerRefactor/01_Inventory_And_Authority.md,doc,.md,8232,0dff38e65e4dc329b7eb24fa084c03547b980afe5ab54563c84dd665730d768f
Documentation/ActualRefactoring/CompilerRefactor/02_Scalar_Lowering.md,doc,.md,8222,f136140f6bdba2df344128709b1584509b93466adaab7f1933b1b7e7e1b78b5a
Documentation/ActualRefactoring/CompilerRefactor/03_NoEmission_And_Facade_Boundaries.md,doc,.md,4015,f4047347e9c88a9071c6b9e21c555a3bf7d118553389933ba5fd7dde233ef7ac
Documentation/ActualRefactoring/CompilerRefactor/04_Scalar_Blocked_Future_Rows.md,doc,.md,3938,5691abcd98f4dd7eea67491ceec74c3f3a4a0240cda4896f3932476977a2a3b7
Documentation/ActualRefactoring/CompilerRefactor/05_Vector_And_VLM_Gated_Instructions.md,doc,.md,6413,674108ea5ddfa60930d77ab2a0fc3c868e4dfc188feee8cf01b1ea30ccca5d78
Documentation/ActualRefactoring/CompilerRefactor/06_Lane6_Descriptor_Parser_Queue_Control.md,doc,.md,4303,6f06ba65d911c07daabc6062d5ac19cdc8f0054d82faad5d89a51b1f9284494e
Documentation/ActualRefactoring/CompilerRefactor/07_Lane7_System_Cache_IOMMU_Accelerator_Control.md,doc,.md,4522,4de8a62d57e22bc06e6f92510be228ede72cb126106ab1920d1944f8665b3270
Documentation/ActualRefactoring/CompilerRefactor/08_Assembler_And_Encoding_ABI.md,doc,.md,4362,35c00a41f17d89957e9967e1bb2ff668b1961950f0f1455f27709d217493b44d
Documentation/ActualRefactoring/CompilerRefactor/09_Capability_Metadata_Contract.md,doc,.md,4302,e41f95e86ccfa444a509cecb7217e669e5bcf4f03eeb875fd169f98f870b6283
Documentation/ActualRefactoring/CompilerRefactor/10_Conformance_Tests_Readiness.md,doc,.md,6684,89f6e4b83e63435cf0c29b3609a9984cb2c10e8de6285b767c25da2c48f24f95
Documentation/ActualRefactoring/CompilerRefactor/11_Remaining_Compiler_Open_Tasks.md,doc,.md,5773,c341b5b2e25f83d06986f7f1cefd2de58100314e9608366169a0f15cd30e7382
Documentation/ActualRefactoring/CompilerRefactor/99_Compiler_Refactor_Start_Prompt.md,doc,.md,3024,bc3f5dc91c6b60b5bdeaa2697a5b836a7e73937574af12caef23a281e816454a
Documentation/ActualRefactoring/CompilerRefactor/WhiteBook/01_Authority_And_Inventory.md,doc,.md,4402,9a34120333fa799ebe6947269892b7a8bb95c7c8ca792f5f218564036e044fa5
Documentation/ActualRefactoring/CompilerRefactor/WhiteBook/02_Scalar_And_Control_Flow_ABI.md,doc,.md,4073,4b08b8b289f6a12bc1f640628d2251e3761bcff229bd36b62a2e722d47c6c6fa
Documentation/ActualRefactoring/CompilerRefactor/WhiteBook/03_Capability_And_NoEmission_Boundaries.md,doc,.md,3839,4514dbddfac00fc7db3b95526d04b67cf6a78d47980d573e9462d69f8b21b76d
Documentation/ActualRefactoring/CompilerRefactor/WhiteBook/04_Conformance_And_Risk_Gates.md,doc,.md,5336,1befcfa4c242454921fbee1ac7544aaa980fe74e0b69933167317b7bba1ea380
Documentation/ActualRefactoring/CompilerRefactor/WhiteBook/05_Future_Workflow_And_Guardrails.md,doc,.md,3531,53f6ffad9a47334588dbf9fd09745e65a11a43995420bf8e84b35b0f122dada8
Documentation/ActualRefactoring/CompilerRefactor/WhiteBook/README.md,doc,.md,3079,ed31b2b664034171a59f739ed8ad3278ae110a29444b45aac634131b16bde1ff
Documentation/ActualRefactoring/InstructionsRefactor/00_README.md,doc,.md,7327,fe9faa959cbf77a23fc3e37a62ea5406a9740226a7126dad897f6b0461d2954f
Documentation/ActualRefactoring/InstructionsRefactor/01_Phase_00_Inventory_Contract_Freeze.md,doc,.md,1787,dc6a93770d5d64e7f0f2d635060e3355b2f792cd5de5b7969f3a55b9c2fc69b7
Documentation/ActualRefactoring/InstructionsRefactor/02_Phase_01_ISA_Surface_Normalization.md,doc,.md,1661,8a9ee1786b9f2773edafd03ac8866e8bf21d073c4f323098490a0c85c75bdb00
Documentation/ActualRefactoring/InstructionsRefactor/03_Phase_02_Opcode_Numeric_Allocation.md,doc,.md,969,32d7d2110182af924b5c22455c14530609c4e4e69017b29524066f6691ed8b24
Documentation/ActualRefactoring/InstructionsRefactor/04_Phase_03_Scalar_Mandatory_Completion.md,doc,.md,1008,2ed77f298437d4034abc7795cbc9755b0fb1d872469164690165fdea90101b96
Documentation/ActualRefactoring/InstructionsRefactor/05_Phase_04_Encoding_ABI_Repair.md,doc,.md,1682,1abeda0b2da130709c1416e512adb46442bbd798c461e3e9a208833539b4ed01
Documentation/ActualRefactoring/InstructionsRefactor/06_Phase_05_Decoder_Projection_Repair.md,doc,.md,1327,8c121bab88d0496eec1f06f0541e0ed28bd0961bf23216b41b5e8c5aa37309fb
Documentation/ActualRefactoring/InstructionsRefactor/07_Phase_06_Runtime_Owned_Metadata_Consistency.md,doc,.md,1523,bc502dd59198dfd15c596c3e42987324d5ee78bc6f6ce8fe18f6e71a378e0a00
Documentation/ActualRefactoring/InstructionsRefactor/08_Phase_07_MicroOp_Materialization.md,doc,.md,1437,419fc8767e278b8ad65b72f93766b255973314bb8921829fb6674b1ace111474
Documentation/ActualRefactoring/InstructionsRefactor/09_Phase_08_Execution_Semantics_Retire_Model.md,doc,.md,1970,2a9c01076298827b2af527ebfa2ee44e06f6e440b8de47c2678e3ae291b7ab8a
Documentation/ActualRefactoring/InstructionsRefactor/10_Phase_09_Vector_Gather_Scatter_Stream_Consistency.md,doc,.md,1342,1ab4ff7f1e6cdf989374b9158525264eeb6bab21b289125b257bb8e4ff91a2ba
Documentation/ActualRefactoring/InstructionsRefactor/11_Phase_10_Atomic_Ordering_Fence_Coherence.md,doc,.md,4289,6498df7f9f73d83c31c314289c52c436536171068c993d401a75c939aad31c18
Documentation/ActualRefactoring/InstructionsRefactor/12_Phase_11_Optional_Matrix_Reserved_Cleanup.md,doc,.md,885,69d84950f8fca314798ddee9b7d0e7cf6e273ec267273e44e05f9f45126c12fe
Documentation/ActualRefactoring/InstructionsRefactor/13_Phase_12_Compiler_Lowerer_Assembler_Update.md,doc,.md,1114,5dc98beceb7c99a1ba0a197b551e8f5f4de86e01357fca61e53f5d324b960f32
Documentation/ActualRefactoring/InstructionsRefactor/14_Phase_13_Conformance_Documentation_Cleanup.md,doc,.md,1206,99c5f9d9522f972ec1f9ba3a980013ec104928203c91c44e6f34718a482848c1
Documentation/ActualRefactoring/InstructionsRefactor/99_Implementation_Start_Prompt.md,doc,.md,7530,c22cd38851fd080554a616bd7fda0d0c4662f33fafa08151e352352336eda1ac
Documentation/ActualRefactoring/InstructionsRefactor/UNFINISHED_TASKS_AUDIT_2026-05-08.md,doc,.md,8759,0db67b74b2f304a366ddb70ad7a4c47ff60aa91003699a2c44283702bb6348f8
Documentation/ActualRefactoring/InstructionsRefactor/WhiteBook/00_README.md,doc,.md,5704,dd651f2f1ec2d6b864a283456c43d0ea7caa1edc11ab73f05001fb4da370a52c
Documentation/ActualRefactoring/InstructionsRefactor/WhiteBook/01_Authority_And_Phase_Map.md,doc,.md,5495,b2e3c2f09a34ea9875e08de9f6dfd827191bf84ddee77e835c9cf60d5bff56ec
Documentation/ActualRefactoring/InstructionsRefactor/WhiteBook/02_Runtime_Surface_Closure.md,doc,.md,5697,e62862255388bc8ca716d26f549d8cb6001d339a075b10376640ec131d7bd23e
Documentation/ActualRefactoring/InstructionsRefactor/WhiteBook/03_ABI_Decode_MicroOp_Retire_Contract.md,doc,.md,6910,2dbfcf5997846fc33d2a85ae0f663684bec8bbce24d69f4e0fc77695542c0860
Documentation/ActualRefactoring/InstructionsRefactor/WhiteBook/04_Memory_Atomic_Fence_Model.md,doc,.md,6331,6136b8b4ceebce8c26713e9742872da54d854c502eecd3a4706e9bbcb277b821
Documentation/ActualRefactoring/InstructionsRefactor/WhiteBook/05_NonExecutable_And_Future_Gates.md,doc,.md,4747,0209a22ca66a712aa9c4ee4ddc88f1550264f693a1d582dfc92a5afbc850cb75
Documentation/ActualRefactoring/InstructionsRefactor/WhiteBook/06_Verification_And_Risk_Closure.md,doc,.md,4616,7a52d2f6cee9630c29b1d768aab82f0f638b99a9bc5f633aa2c5bce57aa34626
Documentation/ActualRefactoring/InstructionsRefactor2/00_README.md,doc,.md,18729,a8ef7dfa4673a22c2b7b1e5a3b726cb43b46597d3222c63b7fbe49d3151eed8f
Documentation/ActualRefactoring/InstructionsRefactor2/01_VERIFIED_BASELINE.md,doc,.md,19103,27acfd3924e635602206f51948905a51ff3f45c0f5305c30491c0522285dfb2d
Documentation/ActualRefactoring/InstructionsRefactor2/02_VERIFICATION_MATRIX.md,doc,.md,56716,f24fa6e1775591052eef59f175af0180f9e5f726297007c758b555de8a52860d
Documentation/ActualRefactoring/InstructionsRefactor2/03_PRESERVED_NO_EMISSION_CONTOURS.md,doc,.md,11405,c3858980a5fcc9733bcf030d83a9c8dafa1950f6d1419a9d082ccea73ac4d59e
Documentation/ActualRefactoring/InstructionsRefactor2/04_RESEARCH_CANDIDATE_COVERAGE.md,doc,.md,23006,bf974c893fc9333ac307e6a498bc69017b9f139c11bc623d4fe0c1cb32c0e7aa
Documentation/ActualRefactoring/InstructionsRefactor2/CompilerTasks/00_README.md,doc,.md,2647,a0df380f8f3875b3100b2a59ed7896e4c90d0b38bd4cd0c4c5d0ca2651e7c86b
Documentation/ActualRefactoring/InstructionsRefactor2/CompilerTasks/01_COMPILER_BASELINE_AND_AUTHORITY.md,doc,.md,4081,5d886aa245163c44f1a62edce5bb5b06aa5f7aeea969b364ccfed5785549339b
Documentation/ActualRefactoring/InstructionsRefactor2/CompilerTasks/02_PHASE_ROADMAP.md,doc,.md,3706,88b4c358509195b45996590092aedbe889c257e66cc39ad263a8c45fcef60ab4
Documentation/ActualRefactoring/InstructionsRefactor2/CompilerTasks/03_NO_EMISSION_AND_CAPABILITY_BOUNDARIES.md,doc,.md,3536,3c50b90e9e989b555ebf8932cacfcc039f142122a2561642572b29cb9705945a
Documentation/ActualRefactoring/InstructionsRefactor2/CompilerTasks/04_TESTING_AND_CONFORMANCE_MATRIX.md,doc,.md,5351,c1a1e214638656a6034a20f2624c0c313413007576b0566daf8f8e394d48a8de
Documentation/ActualRefactoring/InstructionsRefactor2/CompilerTasks/05_FILE_BY_FILE_AUDIT.md,doc,.md,6856,8553cdc036b72781027019c1116d6403ab3ce11f8fbce05fd47d8b3693c8827e
Documentation/ActualRefactoring/InstructionsRefactor2/CompilerTasks/99_PROMPT_FOR_IMPLEMENTATION.md,doc,.md,2168,0bfcfe9be14570256aabf44033971151202b4f1acf23795f7d420d440a739887
Documentation/ActualRefactoring/InstructionsRefactor2/CompilerTasks/Phase_00_Compiler_Evidence_Reconciliation.md,doc,.md,2897,05aff92de7e1f2ec7632e94bd4a0b9ae4bbfa5bfdd38af8ed9fb567f8af3c0a3
Documentation/ActualRefactoring/InstructionsRefactor2/CompilerTasks/Phase_01_Facade_And_Helper_ABI_Cleanup.md,doc,.md,3279,1a53f095d285e97f35a903fb406eff956f062ff6eaf820ce954d462848e696e6
Documentation/ActualRefactoring/InstructionsRefactor2/CompilerTasks/Phase_02_Scalar_Optional_Helper_Lowering.md,doc,.md,4716,8e580c1ea7ab0fdafaf630f5274f749155d5ee3cf7ba3defa6a7ad74dee260e0
Documentation/ActualRefactoring/InstructionsRefactor2/CompilerTasks/Phase_03_Vector_Runtime_Contour_Lowering_Policy.md,doc,.md,9319,2704a4a0b65f9a0e8c70039e651d0bdb7c158ce28f0b7f096cf0bd1bc92a9d52
Documentation/ActualRefactoring/InstructionsRefactor2/CompilerTasks/Phase_04_Lane6_Descriptor_And_Queue_Lowering.md,doc,.md,4161,825c604511542a7d7026367246141388a4b70072816e12697a29b4c56f98747d
Documentation/ActualRefactoring/InstructionsRefactor2/CompilerTasks/Phase_05_Lane7_Descriptor_And_Token_Lowering.md,doc,.md,4874,74a050dda989877d8140eb3375b03b9e632845e744c37f3ae1d93782ccf45b67
Documentation/ActualRefactoring/InstructionsRefactor2/CompilerTasks/Phase_06_Scheduler_Bundler_TypedSlot_Integration.md,doc,.md,3705,86e60653f769e21959f040fbbc812574f962c3ca1c8863b5889f06b283b387ee
Documentation/ActualRefactoring/InstructionsRefactor2/CompilerTasks/Phase_08_Compiler_Conformance_And_Golden_Artifacts.md,doc,.md,3609,da0f5af3cc0fe203f9bd2199a09fb9e687ef7a8aadafd041db90d028dc5d8e47
Documentation/ActualRefactoring/InstructionsRefactor2/Legacy_Lane6_Lane7_Refactor_Audit.md,doc,.md,8123,8cd867df6a9d6736c73c507d7530acf7d710d71410f3beea91bf7ddb36a14a42
Documentation/ActualRefactoring/InstructionsRefactor2/OpenTasks/NON_VMX_ITERATION_02A_STATUS_SNAPSHOT_2026-05-25.md,doc,.md,1166,a9175552b3b61cf14456e48555e3dec5be7f1899ad824a06f683268544d91d9c
Documentation/ActualRefactoring/InstructionsRefactor2/OpenTasks/NON_VMX_ITERATION_03A_CTZ_CLOSED_2026-05-26.md,doc,.md,2142,659264e73a505affc1d5f40cc671926f8d847de320d97d0aabfc59fbcedea3bc
Documentation/ActualRefactoring/InstructionsRefactor2/Phase_00_Evidence_Reconciliation.md,doc,.md,3486,3d638c82c74e8eb839cf6e08b1117493dded113ca88355d1428b42a80211fc6d
Documentation/ActualRefactoring/InstructionsRefactor2/Phase_01_VGATHER_Executable.md,doc,.md,5396,ef7547d8665a440e285f2623f4b6579d4bd54b3d5f091898de5c88b736784779
Documentation/ActualRefactoring/InstructionsRefactor2/Phase_02_VSCATTER_Executable.md,doc,.md,4012,f3a7da251077ec3f30397ed315d18d4425971c0307aad0b032bd9b8eb37996d7
Documentation/ActualRefactoring/InstructionsRefactor2/Phase_03_Scalar_Optional_ALU_First_Slice.md,doc,.md,4953,8d93795b29c0cbaa0768b7455956de53392d767cefd4f14e16045bb3343fda76
Documentation/ActualRefactoring/InstructionsRefactor2/Phase_03A_Scalar_Select_Czero.md,doc,.md,3138,278ff875f88b6fa2cc027f0c5c89a64e4da656e8abd8072909176cfdaddfa469
Documentation/ActualRefactoring/InstructionsRefactor2/Phase_03B_Scalar_Bitmanip_Core.md,doc,.md,3636,b203877d84c235b9074c87193a004a844aff17a06f917cc071c13d547c784d52
Documentation/ActualRefactoring/InstructionsRefactor2/Phase_03C_Scalar_Address_Generation.md,doc,.md,3461,6c35fc66e1a9d2329aab247bde052b9d1ec474912f33d73f9d025325c822f2ae
Documentation/ActualRefactoring/InstructionsRefactor2/Phase_03D_Scalar_System_Csr_Timer_Hints.md,doc,.md,3324,25c2a281b6289624b606aaf3ba5355e016b7f3ed4ae83fccaeed6ad1c3a5b281
Documentation/ActualRefactoring/InstructionsRefactor2/Phase_03E_Scalar_Carryless_Checksum_Deferred.md,doc,.md,2708,bcec04957e61daa01094a525e0eed1b771b2a36e30435fba20b38c8b3e1cdbee
Documentation/ActualRefactoring/InstructionsRefactor2/Phase_04_Vector_Mask_Select.md,doc,.md,6333,4d56397065b4e4fc1b35eaebee183d9eee687feeb61c4ace083e65f423feb2d4
Documentation/ActualRefactoring/InstructionsRefactor2/Phase_05_Vector_Widen_Narrow_Convert.md,doc,.md,3592,c5d2acf56ce9b53c16a51998d2e5cddf552f075e56a4506ee77c8e2a96bf6ad0
Documentation/ActualRefactoring/InstructionsRefactor2/Phase_05A_Vector_Scan_Segment.md,doc,.md,4674,fdd304907d1902de2c95ba074485ff07b27c9fcb075f0caa529636345a4b4e05
Documentation/ActualRefactoring/InstructionsRefactor2/Phase_05B_Vector_Saturation_FixedPoint.md,doc,.md,4502,34ffde4ef0031f7d0a3c1bed7f71e4fdcfd4b006c61dbe2c1f51cf49f9435232
Documentation/ActualRefactoring/InstructionsRefactor2/Phase_06_Lane6_DSC1_Production.md,doc,.md,3908,26f290d3cc58d670ff3c02607e12e3d3e0a721972ceacf13b37af9a8be5aae91
Documentation/ActualRefactoring/InstructionsRefactor2/Phase_07_Lane6_Queue_Control.md,doc,.md,2824,1945ef2c55bbd25e1c1379553f9e58af6e74c3aaf2a447c679b18da241b52540
Documentation/ActualRefactoring/InstructionsRefactor2/Phase_07A_Lane6_DSC2_Dataflow_Shapes.md,doc,.md,3180,8d59cc81de74d286e8f9c0678b86710f83ce8fd71306a06bdc0316ee82b797c6
Documentation/ActualRefactoring/InstructionsRefactor2/Phase_08_Lane7_Current_L7_SDC_Production.md,doc,.md,5052,cbef51401432750a1b7b90009c1e416c097d0bc368e23c67a3ce2a5c0b1cea78
Documentation/ActualRefactoring/InstructionsRefactor2/Phase_08A_Lane7_Status_Result_Reset.md,doc,.md,5448,6357410ad5aeb09f2f6b23a3865f436b1a5322d31d81d651416cf83c39a56a5e
Documentation/ActualRefactoring/InstructionsRefactor2/Phase_09_Delta_Advanced_Vector_And_Descriptor.md,doc,.md,57884,33058f064ca3a8eb123e27fcb646ca3b2d950eb5a391ec102d407e48f195a66e
Documentation/ActualRefactoring/InstructionsRefactor2/Phase_10_Epsilon_Deferred_Architecture.md,doc,.md,4154,f9c6de92b9817174d7db304473f1983a0952a7483a4f238f1cadf81eb51eb6ff
Documentation/ActualRefactoring/Lane6 Refactor/00_README.md,doc,.md,3310,28ac2abae7679a38351aa430712f6abf9d714957235f43d1afb600c95a8c7130
Documentation/ActualRefactoring/Lane6 Refactor/Phase_00_Baseline_Lock.md,doc,.md,1867,8bf0f5fc7239e08dbdc105276461a752a59c954e981405b14f5f1b02218d5a1a
Documentation/ActualRefactoring/Lane6 Refactor/Phase_01_Runtime_Authority_And_Lane_Pinning.md,doc,.md,1686,f06d7531690080db15fc54867be4dc74e4cd59e8f826d59e698463e960474cc1
Documentation/ActualRefactoring/Lane6 Refactor/Phase_02_Execution_Backend_And_Admission.md,doc,.md,1813,e928aa25ea3efd939b4216c7fccf98c6a4f6cf6b449c20188a05ff56315d0f9a
Documentation/ActualRefactoring/Lane6 Refactor/Phase_03_Commit_Retire_Visibility_And_Coherency.md,doc,.md,1756,5b0c2665258f482fcb732530f35604549af0f42e4937e25b33d4e349c21ae54b
Documentation/ActualRefactoring/Lane6 Refactor/Phase_04_Replay_Rollback_And_Scheduling.md,doc,.md,1634,537628bbb410303e401e7ed2e0dd2f1b7e617a0bcbfed15429ea6fc4d4bca851
Documentation/ActualRefactoring/Lane6 Refactor/Phase_05_Decoder_Materialization_And_Compiler_Gate.md,doc,.md,1957,67f9cbe6b0fa4682ddfb119bfe39c2c6cceabe64ea9b33498dd41974ce02bcea
Documentation/ActualRefactoring/Lane6 Refactor/Phase_06_Conformance_Enablement_And_Rollout.md,doc,.md,1632,57210b17a60911c6ef03f5966aa5d53cbba1397d34618dd67307e0575e415af8
Documentation/ActualRefactoring/Lane7 Refactor/Production_Lane7_Phased_Refactor_Plan.md,doc,.md,11351,d25d3af56fe11c297f3907e0021a89642bfcf0b875a17e7b46eb47b36b1da037
Documentation/ActualRefactoring/VMX-Refacotor/Plan/00_Executive_Summary_And_Current_Inventory.md,doc,.md,7337,704379af62f0200a14f740fe8bee76425c5c6c0f8c88307249a84387bbbcad71
Documentation/ActualRefactoring/VMX-Refacotor/Plan/01_Target_Architecture_VMCSv2_State_Model.md,doc,.md,21868,9fe6719302d50ce890b29c3d5707692cac74adb487f4e626b2e2609dbfd773d8
Documentation/ActualRefactoring/VMX-Refacotor/Plan/02_ISA_CSR_Pipeline_Memory_Integration.md,doc,.md,26726,b94a7abc2ad74dca6ab66fc26360c8fcf4ad83f1d3386e5405e08f8f864c700a
Documentation/ActualRefactoring/VMX-Refacotor/Plan/12_Phase_Roadmap.md,doc,.md,9216,80ca05eeacd775ac0b7aea3a66d32ed1903f3948d0761bdeb2ae7cde27997f83
Documentation/ActualRefactoring/VMX-Refacotor/Plan/13_Audit_Corrections_Applied.md,doc,.md,5609,035746664515cefed95750088f3d6bdabc3607e935f90f6df8910e3a42a855bd
Documentation/ActualRefactoring/VMX-Refacotor/Plan/14_Audit_Traceability_Matrix.md,doc,.md,9066,f6ac6cda48ca4de565fbc1fcfe0ce5a2334dd4b18c190d0cf24881c0a87a2e99
Documentation/ActualRefactoring/VMX-Refacotor/Plan/15_Implementation_Versioning_And_Layout_Policy.md,doc,.md,3880,854176c89a8ad85ada806524c219a6d6642891085514cad0caa824dcb8e8ca91
Documentation/ActualRefactoring/VMX-Refacotor/Plan/99_File_By_File_Checklist_Testing_Risks.md,doc,.md,17636,1d70d1eb3b741b693a29ea043ec852983e6c255f33608c3c56a35c2790da016b
Documentation/ActualRefactoring/VMX-Refacotor/Plan/Phase_00_Audit_Freeze.md,doc,.md,4507,9859c655638de503f0f69afc5d0b54fedf81280994fdd04c5cbd61aad6b00fc4
Documentation/ActualRefactoring/VMX-Refacotor/Plan/Phase_01_VMCSv2_Core.md,doc,.md,7740,1bbaddce1af12b55fcf7483d578e0aebbb4ebdfb3aabec75dced8d70c616989c
Documentation/ActualRefactoring/VMX-Refacotor/Plan/Phase_02_VMX_ISA_Critical_Extensions.md,doc,.md,5793,d0eb58aa71e33bff54153caa6db902fec4dd1b4beb7d25b0407b1c2b36f963f4
Documentation/ActualRefactoring/VMX-Refacotor/Plan/Phase_03_MMU_NPT_VPID.md,doc,.md,5798,bff4084be9fc9baa93d00bed4892150630fea344ec3bda102d0e7bac8f93ea00
Documentation/ActualRefactoring/VMX-Refacotor/Plan/Phase_04_Event_Intercept_Plane.md,doc,.md,5786,bf0857ee805792e37498d0c5c5eeffdd74e890f46ee2890f4c67e02c590a61d6
Documentation/ActualRefactoring/VMX-Refacotor/Plan/Phase_05_IOMMU_DMA_Lane6.md,doc,.md,6616,9c499ce3c920193b99d8b640a2b4ca733c3397c8f2b5e1e370ff4665a37882eb
Documentation/ActualRefactoring/VMX-Refacotor/Plan/Phase_05a_Vector_Stream_Virtualization.md,doc,.md,12977,ae13af65dafe00682f50d8644ee572201b409ce8dc5be1e68f2f06f02438a768
Documentation/ActualRefactoring/VMX-Refacotor/Plan/Phase_06_Lane7_External_Accelerators.md,doc,.md,10362,aea3f90b54bc8820bed1f77392c21cd0fd7af2bc63e456c41caa48b787eb174f
Documentation/ActualRefactoring/VMX-Refacotor/Plan/Phase_07_Nested_VMX.md,doc,.md,10076,5b939bbbe7375a1e389bd611ae07c3d7ca1b292af307e31955d383cba68f7dce
Documentation/ActualRefactoring/VMX-Refacotor/Plan/Phase_08_Migration_DirtyLog_Observability.md,doc,.md,8271,fed327b5d771d75aaf6474ca7fbd8e2968396b3dbeae803e351d3eaf773253f1
Documentation/ActualRefactoring/VMX-Refacotor/Plan/README.md,doc,.md,2972,0e357433121e65e89b83d8dc8d994e31937e59ccf42a1db0aea86e40d9e92b0c
Documentation/ActualRefactoring/VMX-Refacotor/Research/deep-research-report (6).md,doc,.md,55191,204dacdcb2ec25873f51513bc0d8821d77b54bf9330cca895ba0e52614fee7d1
Documentation/ActualRefactoring/VMX-Refacotor/Research/Анализ и расширение инструкций (1).md,doc,.md,3619,ad72545cd2b8b429633fcaaf1ba9a7234ecf6d2c05afe5c09da781220c619c8f
Documentation/ActualRefactoring/VMX-Refacotor/Research/Анализ и расширение инструкций.md,doc,.md,21821,1b601fd0c679288aa3b22fac63040d0c01dc9c684392e423a64ff01cb2116e44
Documentation/ActualRefactoring/VMX-Refacotor/Research/Анализ и расширение инструкций22.md,doc,.md,19229,ce8f9ca0b6d8b3e3301afe0f5ecca95a73cda0a75c816c16eaf1038adfc3a68a
Documentation/ActualRefactoring/VMX-Refacotor/VMXCompilerTasks/00_README.md,doc,.md,4823,109d20a0ecd4a9930c2d6cf2f083d2cae5ae58cb07bf5c42cff65c70cc36f5f0
Documentation/ActualRefactoring/VMX-Refacotor/VMXCompilerTasks/99_VMX_Compiler_Refactor_Start_Prompt.md,doc,.md,3262,5dc46630e87165e74d9fa970939a4c9c8002e83c83028d7e238b9b560552fb59
Documentation/ActualRefactoring/VMX-Refacotor/VMXCompilerTasks/Phase_00_Audit_Authority_And_Baseline.md,doc,.md,3333,70f4b69e16269c6e91328d54d2021079dc78c8ae7f073e6ef845230484d84567
Documentation/ActualRefactoring/VMX-Refacotor/VMXCompilerTasks/Phase_01_Metadata_And_Spec_Parity.md,doc,.md,2874,f29b056f9699b50f3aac7c14986a47bd9e513048faa8eae6392f40c7b3fe7caa
Documentation/ActualRefactoring/VMX-Refacotor/VMXCompilerTasks/Phase_02_VMX_ISA_Emission_And_ABI_Boundaries.md,doc,.md,2697,e6001ffd83a789ea3f1dd78fe2a792a0b54269cf5ee144aae62e6c80323658fd
Documentation/ActualRefactoring/VMX-Refacotor/VMXCompilerTasks/Phase_03_VMCSv2_Descriptor_Sideband_Compiler_Model.md,doc,.md,2622,548de53ce20a72f325d5994870c7f8e3c59dd88e6e86a39215558a3d9e9bf4c5
Documentation/ActualRefactoring/VMX-Refacotor/VMXCompilerTasks/Phase_04_Runtime_API_Bridge_And_Policy_Gates.md,doc,.md,2536,89dfd4a6c3cf37cbe07c4305b9270871091ef7010c768d9dc9af8e2fa6c2f7f7
Documentation/ActualRefactoring/VMX-Refacotor/VMXCompilerTasks/Phase_05_Lane6_Lane7_Vector_Stream_Boundaries.md,doc,.md,2891,ce2b31c5d740a5ec8c13f1f39fa5f052e5f73e092a5bc3784bbbef1f92eefed7
Documentation/ActualRefactoring/VMX-Refacotor/VMXCompilerTasks/Phase_06_Migration_DirtyLog_Observability_Compiler_Boundaries.md,doc,.md,3081,6df2680142b43d765315280ab5634252ba446c9ac6c1ae8e0b79a4ce83e6f353
Documentation/ActualRefactoring/VMX-Refacotor/VMXCompilerTasks/Phase_07_Conformance_Regression_And_Closeout.md,doc,.md,4603,7c0550a813812c3aa5eac821a35a2b788baa9476f867af11d21b8171ee891aba
Documentation/ActualRefactoring/VMX-Refacotor/VMXCompilerTasks/PHASE_CLOSURE_AUDIT.md,doc,.md,5503,1ea81d14c54af4d90fab13074b72f918784a6efffa3c247595055cfde4eb7d67
Documentation/ActualRefactoring/VMX-Refacotor/VMXCompilerTasks/VMX_Compiler_Authority_Matrix.md,doc,.md,7192,a631820751330f0da8f166fc29b097690a455df130229096db324c84bcc4e3d7
Documentation/AsmAppTestResults.md,doc,.md,33877,1cef9197c03c055e5e4b1179a77edc88ae56ef7acf78226f8d63a706c20c2e8c
Documentation/DocsRefactoring/audit.md,doc,.md,41625,2d117c9204062dfcf97e267e18799a9e21ca3a06ea47e52919fc324a7af72c87
Documentation/DocsRefactoring/docs_refactoring_plan_prompt.md,doc,.md,12009,bffcd9d9e7a0692578ee8647bacdd7206861fad042e98f74b8cc21874bf2d632
Documentation/DocsRefactoring/Plan1/00_README.md,doc,.md,6812,5f04bed601d1a082789efa4d01e20cbe70105a68c7dca9376c9c893b24abdba3
Documentation/DocsRefactoring/Plan1/01_audit_evidence_index.md,doc,.md,6222,0a24b5039237348737a16f82947c15be43b9f1e7f5fc5ee7d4092d25c0e744ca
Documentation/DocsRefactoring/Plan1/02_lane_taxonomy_authority.md,doc,.md,3418,68e318d14ffedf3c46821de18d87a064bc59c86795340ed7823817ee8f80b66a
Documentation/DocsRefactoring/Plan1/03_vector_lsu_stream_boundaries.md,doc,.md,3527,3e8e15a7b08805e2c4d91d0059544ce74ef6d7feed4759266bab2a1b737137e1
Documentation/DocsRefactoring/Plan1/04_lane6_dma_docs_inventory.md,doc,.md,4036,54b1b3f0481df0898a4a16ea4050f39ec08e15d11d034f977437d636bd17da6a
Documentation/DocsRefactoring/Plan1/05_lane7_sdc_accel_docs_inventory.md,doc,.md,3958,fd23335b588eafa55820f20dae6d0075bbcb442a1ae66466f5ab82caf43c6da8
Documentation/DocsRefactoring/Plan1/06_vmx_compatibility_boundary.md,doc,.md,2823,b5bb3f5c15bb66a835c569ced625bcd753c161b56b5d2792afd1bbbdcd3f7e08
Documentation/DocsRefactoring/Plan1/07_support_status_and_instruction_lists.md,doc,.md,3301,71e6c9a172822197811297007a4bcdada6d49815d8e880f42418366a9735decc
Documentation/DocsRefactoring/Plan1/08_compiler_boundary_docs.md,doc,.md,4312,f02d6742b28d34dc63cbfec9a5b1a778b9f2c7a9f6713a8254cc2e9aa05f3a86
Documentation/DocsRefactoring/Plan1/09_golden_no_fallback_docs.md,doc,.md,3936,e6fb6c5bd1722b8903b7f664c50bff552d80906320a9bcaf0cc0fc4ef9465f3b
Documentation/DocsRefactoring/Plan1/10_tests_and_scans_plan.md,doc,.md,5167,a8e0a7eb53eb0dabb1e98f0d593f642a45a8b393909dcb30fa57b76b3c485f0b
Documentation/DocsRefactoring/Plan1/11_current_inventory_and_docs_guards.md,doc,.md,4850,a4d5ca485f297d31df9055db5ec9c7e3660d658c6ef7db0f8452b5368c270444
Documentation/DocsRefactoring/Plan1/12_lane6_lane7_golden_no_fallback_artifact_corpus.md,doc,.md,8195,3064972f5e669e3b8d315047b2244c08073505bd441bf2aaa35053119bb140f1
Documentation/DocsRefactoring/Plan1/13_source_derived_inventory_pipeline.md,doc,.md,6021,40bebb83c2102c0863a561321d179035ac2a88fa801264ef0cdaedc99eeb49ae
Documentation/DocsRefactoring/Plan1/99_remaining_open_pool.md,doc,.md,5566,7bc7344d0f86e7cced2a4668320e330a0b5ceca992541a69b11f89fc0ca5507f
Documentation/DocsRefactoring/Plan1/generated/Plan1_Source_Derived_Inventory_Snapshot.md,doc,.md,3921,d41bea8b27c0ea1862bdeb96068a268c940ae492918e51e401ff62bb3423ed46
Documentation/DocsRefactoring/Plan1/tools/Invoke-Plan1DocsGuards.ps1,other,.ps1,8650,69dfbff66550137fc770524f1afde8189c16e0b63613476e5c7a8773ec8f7e1a
Documentation/DocsRefactoring/Plan1/tools/Invoke-Plan1InventoryPipeline.ps1,other,.ps1,5708,1234d7933d55b01ebfee3af7ea70795cc179e9e237420b8e9fc784202baf1d3b
Documentation/Documentation.csproj,project,.csproj,871,a5bab715fa1e6ba43be9d4951134fe75f3268ab59b5613c65c2b9d1a997590ec
Documentation/InstructionsList/Compiler_Remaining_Instructions_2026-06-01.md,doc,.md,22998,238ff4beaa90d7fb4ea8db78b6813bcd02e96d211bd2c99a914ebb652a07fe6d
Documentation/InstructionsList/Complete/Compiler_Implemented_Instructions_Ready_For_Examples_2026-06-02.md,doc,.md,6867,c2e2874331602022c8ef6badad245a438393e27ef363550fa59fa186117fc2c6
Documentation/InstructionsList/Complete/ISE_CPU_Metadata_Descriptors_Flags_Tokens_CodeConfirmed.md,doc,.md,43906,b335fa746286aa3ca3e2c6deb9ec4382742bc83aff8b8a6b49c6e9f3dc0753d5
Documentation/InstructionsList/Complete/ISE_Instructions_By_Lane_CodeConfirmed.md,doc,.md,10519,306aba2a78d5f4d6f825c5be1d7937fc21f477a4a93c89cb87b2a7f216856335
Documentation/InstructionsList/Complete/NON_VMX_MISSING_INSTRUCTIONS_CURRENT_SHORTLIST_2026-05-25.md,doc,.md,29431,e26cb822d8682ec236c7cfcda3c8e7a4c501c186bb16b9f96c371c00bfe88bd5
Documentation/InstructionsList/Complete/VLIW_Instruction_256bit_Binary_Format_CodeConfirmed.md,doc,.md,8640,85ef48f6ff720d955a4740a457620b8bbda43887c5968da35988fe5d3776fcfd
Documentation/InstructionsList/MTILE_RefPlan/00_README.md,doc,.md,5851,1c88bebeb0ae15f05a4438e33b343d8e000fd14a287df4e5df83aaa67e20cd67
Documentation/InstructionsList/MTILE_RefPlan/01_authority_status_catalog_and_opcode_adr.md,doc,.md,6877,5bc1349660309c3fd4d84c0445c2d6e1e43ad7bbeda563f197cde3fa917374f9
Documentation/InstructionsList/MTILE_RefPlan/02_tile_state_and_descriptor_abi.md,doc,.md,4443,e1bc683cc1034a16c1930da743188660a5459577dd5d547d1e0173cde94ee1db
Documentation/InstructionsList/MTILE_RefPlan/03_memory_shape_and_fault_model.md,doc,.md,4527,0211e4e3cceff80302eb34e95a7901873f34cd71aa3eef9d46448c14b489ca2f
Documentation/InstructionsList/MTILE_RefPlan/04_accumulator_and_transpose_policy_abi.md,doc,.md,4599,45e09e0f1894da4d43fb1d38b50cd3f8daef34209d24bb8cda64ff59aa31c754
Documentation/InstructionsList/MTILE_RefPlan/05_runtime_owned_vlm_rows.md,doc,.md,3483,41b54b3a9a2a87f3323517513e9b2258622d3f3e940fcc45f4a43976086f83ec
Documentation/InstructionsList/MTILE_RefPlan/06_decoder_encoder_abi.md,doc,.md,3698,c7d5202a6a5042427490db41a0d2481a7193101579fa55bed36a4a8dbb7d98da
Documentation/InstructionsList/MTILE_RefPlan/07_ir_projection_and_materializer.md,doc,.md,4491,a5f85f8dc75bffd70549d627393b0af029ab1db03fa4f3253891d66b0a4e0ee5
Documentation/InstructionsList/MTILE_RefPlan/08_typed_tile_microop_and_scheduler_lane.md,doc,.md,4779,feb38e6967397f4261f7f6467dfded8f32e849704f1814b284ff6f67a55d4450
Documentation/InstructionsList/MTILE_RefPlan/09_execute_capture_semantics.md,doc,.md,5265,ee5dbfb4630a347da87df14413e99d270f4d87ac8d6437813d9203d0b28edc25
Documentation/InstructionsList/MTILE_RefPlan/10_retire_publication_and_commit.md,doc,.md,5142,32031e9d9cc16c09cd3b2fb9c80912a785d555e13d5ec7019d9570db43370dee
Documentation/InstructionsList/MTILE_RefPlan/11_replay_rollback_conformance.md,doc,.md,5924,a128a77404fe889dfbd5a8955d4b739f3325e708ded66b8813ed2eb1fc67e8de
Documentation/InstructionsList/MTILE_RefPlan/12_positive_executable_golden_artifacts.md,doc,.md,3854,96c3d06d4420fee1a8d25a3cbed1a5f4681781e3e4e4eee59cb5a01558a8c620
Documentation/InstructionsList/MTILE_RefPlan/13_runtime_isa_readiness_for_compiler_handoff.md,doc,.md,2472,105327fe86a7036722a11ad380fe05d765dcd66fe8fe01276142acb7143d4502
Documentation/InstructionsList/MTILE_RefPlan/99_remaining_open_pool.md,doc,.md,15084,67d7939b6ec084bb6124536747b9a17997fc1bbe57dbf015421494ef72126f63
Documentation/InstructionsList/NON_VMX_IMPL_PLAN_NEW_INSTRUCTIONS_MANIFEST.md,doc,.md,71554,e8b4a8bf388173f038a4a3e45150d979287f8faefc249f4cf8fef030c5d53309
Documentation/Others/build-fix-report-copy-project.md,doc,.md,404597,0828c932211d75855c33c1276d9448208c749fa44759631831534f4d1e375da0
Documentation/Others/build-refactor-plan-copy-project.md,doc,.md,9609,e54d00104b3a01c6edc47f3f17de1cc7ed6b2d0dbdf916d652077bf4f487ef0e
Documentation/Others/evidence-matrix.md,doc,.md,2721,9761b7e19a2e388a89927ce44beebd69c4a70b5b7f40f0cd63f0a9b9206257a5
Documentation/Others/manuscript-implementation-anchor-map.md,doc,.md,10177,3ba321f81171d33c45fa43e76f5a4d688520994e251975b1d145cfcad635d531
Documentation/Others/operational-semantics.md,doc,.md,11237,c05400d1413510c4a63c489f73eec812d3eac98ce0880ed72291b577006962d1
Documentation/Others/paper-claim-evidence-map.md,doc,.md,9442,9e12a8551dec94a010a833060230c80285eef7a3904325426e4e6078b0c5359b
Documentation/Others/validation-baseline.md,doc,.md,4419,6a35d132441b663158efc0f1aeff9b695fc92b18e47b640b1b05a3a9b7d1f97b
Documentation/Refactoring/CustomExternalAccelerator/00_L7_SDC_Executive_Spec.md,doc,.md,43263,b04dd510fa208d841b6b36c0d8e4df1219c4897895440c072724e55feed0b57c
Documentation/Refactoring/CustomExternalAccelerator/01_L7_SDC_Migration_Phases.md,doc,.md,6635,a0ae91c2c4042c55fa41ab5a27193dbe46fb9b236c37097bb5b179fa5be1dc6e
Documentation/Refactoring/CustomExternalAccelerator/02_L7_SDC_Test_And_Rollback_Plan.md,doc,.md,13017,6e7788abd6a89b7f13239ae9bc2ff703a39d1b7d0eebdeb92b3cb783b1431683
Documentation/Refactoring/CustomExternalAccelerator/03_L7_SDC_Phase_Code_Audit.md,doc,.md,12290,1d94d22c5bdf85a69918b8ebc2960e526808edefa82dc89edb074f93fcaca2c6
Documentation/Refactoring/CustomExternalAccelerator/Ideas/00_Remaining_Open_Ideas.md,doc,.md,7697,ac63053566c0cbfab7f4c1a301775b245f8ed625a21929a9055ad730b3ec51ca
Documentation/Refactoring/CustomExternalAccelerator/Ideas/01_Parked_Alternatives_And_Rejected_Historical_Ideas.md,doc,.md,10806,aa45da3e42f117183ab12045f6376d7fe819282ae6c0e1ce1093087154a7e696
Documentation/Refactoring/CustomExternalAccelerator/Phases/Phase_00_Audit_And_Naming_Closure.md,doc,.md,4257,f79e23e20d0e9ac35c4fefe2b86c3f348b651eb22a4f525da294c7d6eb249bd8
Documentation/Refactoring/CustomExternalAccelerator/Phases/Phase_01_Legacy_Scaffold_Quarantine.md,doc,.md,3742,0c664a0dc2640b4348b9ce53e7835d22853aee6e215ec2fce61c9d299a7959b7
Documentation/Refactoring/CustomExternalAccelerator/Phases/Phase_02_Capability_Registry_Metadata_Only.md,doc,.md,3571,318f3a46b97d098fc967cce060b2146749e5a6d6be8938989aacbfacc9e2f59d
Documentation/Refactoring/CustomExternalAccelerator/Phases/Phase_03_Lane7_System_Opcode_Surface.md,doc,.md,5210,a3fe4ef3352c820a7d9d83b64eebbcdd9c6e155112ba87fe5cfd4a90283a264e
Documentation/Refactoring/CustomExternalAccelerator/Phases/Phase_04_Descriptor_ABI_Parser_And_Carrier_Validation.md,doc,.md,4536,d5e9add66c3a343b9fe85cf8bbca5e3a4efa04db6344727cbc21b3e58ecaa99e
Documentation/Refactoring/CustomExternalAccelerator/Phases/Phase_05_Owner_Domain_And_Mapping_Guards.md,doc,.md,4021,a0dd8b8785462e0586c661bffbad7f8e991ab476908662786f372ca44c96931d
Documentation/Refactoring/CustomExternalAccelerator/Phases/Phase_06_AcceleratorToken_Lifecycle_And_Register_ABI.md,doc,.md,3784,29c42c36d8471a561e1dfe9a5926aff6ffd2d915a59e49fca50c215488a48ce0
Documentation/Refactoring/CustomExternalAccelerator/Phases/Phase_07_Null_Fake_Backend_And_Queue_Model.md,doc,.md,3362,f5f6ebf1ecd215aa4d1498e291e12a78c10b6484c6eafda08a7589fc246f3df0
Documentation/Refactoring/CustomExternalAccelerator/Phases/Phase_08_Staged_Writes_And_Commit_Contour.md,doc,.md,3659,c7f2840d2edb53994f1c5e5d824ee16df18eff8d9444316d3647c3b0d70600a0
Documentation/Refactoring/CustomExternalAccelerator/Phases/Phase_09_Fault_Cancel_Fence_Wait_Semantics.md,doc,.md,5165,899b13ea2aaea1385f190f018b557e8a53b63f5497620a6a9638196d7ed1b51c
Documentation/Refactoring/CustomExternalAccelerator/Phases/Phase_10_Memory_Conflict_Manager.md,doc,.md,4520,cccc983dcc53033d64a45ac9cf430940b521fb09408c057448e92b73113ee3b0
Documentation/Refactoring/CustomExternalAccelerator/Phases/Phase_11_MatMul_Capability_Provider.md,doc,.md,4914,3fe8a375278d1fa65ff0a9c30d9c0b9ed2ec897c6cd81a6342d79372ad466328
Documentation/Refactoring/CustomExternalAccelerator/Phases/Phase_12_Compiler_Emission_Path.md,doc,.md,5376,b002f7cae9b714c71b52e2d36e485693d355fa8cba59c63a672a09e7ce143c50
Documentation/Refactoring/CustomExternalAccelerator/Phases/Phase_13_Telemetry_And_Evidence.md,doc,.md,5270,15e9ba63554ef71de62867318a775c3957612c8fecc8ad706216518680cfacc7
Documentation/Refactoring/CustomExternalAccelerator/Phases/Phase_14_Documentation_Quarantine_And_Claim_Safety.md,doc,.md,4615,1bde3746a645ad1775dfaf53c2770d7f21f7178c88d4c72d462571dfad326b93
Documentation/Refactoring/CustomExternalAccelerator/Phases/Phase_15_Full_Validation_And_Rollback.md,doc,.md,5363,4b84ce4f47c63ecc3e4891422835aaf9b5c1712bae0fd09a8140dadfd7bd8452
Documentation/Refactoring/deep-research-report (5).md,doc,.md,54610,770f5375e343390aa99222f906e75e8108d8c82ca8237ca3a9ea5244cd4b2064
Documentation/Refactoring/MetaAudit_HybridCPU_DmaStream_VectorALU_L7.md,doc,.md,32301,41416360e1cb0e2e1cf6283ad392560fcd30018c1d9c5a603c70d5afaefdd973
Documentation/Refactoring/Other/DeepResearch_Audit_Prompt.md,doc,.md,9300,af2c6fba99dce080541433f976aae4c70c16d5caa5e0e6457467fcc3a29b1940
Documentation/Refactoring/Other/ExtentionsAnalytic.md,doc,.md,63555,c94c9852136b088e2d5b140642b2d92cb0704daf08b37b20b813cafe949888d7
Documentation/Refactoring/Other/ExtentionsAnalytic_Audit.md,doc,.md,49420,130ece82ca27f9165e30b9035558a743a8bf9974f0d9541655a26842a3154a7f
Documentation/Refactoring/Other/WhiteBook_Actualization_Prompt.md,doc,.md,11402,38d4536f35f915ab78d703e55534d319aac524fa855ce0f3409aba6a77e1dc1a
Documentation/Refactoring/Other/WhitebookProblemsAudit_OpenTasks.md,doc,.md,8840,cf895e72eb3874ed818792dbc72ace14df26a800701b8a156b5334150aace83c
Documentation/Refactoring/Other/Аудит архитектуры HybridCPU.md,doc,.md,24470,e2d204572f72adab96a6aa8828131b3ab4a3d041ea5b093137253af197f4d070
Documentation/Refactoring/Phases Base Plan/00_Index_And_Audit_Map.md,doc,.md,6805,6b6725167cb4b785706510fbc0e7a207764fbd0669c72787514daad7d0e53353
Documentation/Refactoring/Phases Base Plan/Phase_00_Baseline_Locking.md,doc,.md,4015,c964cb80ef176957b3f1df8107131eb0515d96d9f397b7f3ad8a4d1811c518c6
Documentation/Refactoring/Phases Base Plan/Phase_01_Documentation_Truth_Alignment.md,doc,.md,4449,6ebef8f0820bf137bb80988ee7e49c1fea6a24edacf4ea366617336a946df51d
Documentation/Refactoring/Phases Base Plan/Phase_02_Code_Contract_Cleanup.md,doc,.md,3311,75b68950563e742cb4747be42a5b733050ca0d412ab6bbf4419667b6a020121f
Documentation/Refactoring/Phases Base Plan/Phase_03_DMA_Execution_Model_Decision.md,doc,.md,4375,d09a27c52ef844e77f2727b6501f361935502abe2c6a60b7f0cc96e91f02b447
Documentation/Refactoring/Phases Base Plan/Phase_04_StreamEngine_DMA_Separation.md,doc,.md,2927,9f4d83e17d724e26b223d1c9c658b23c718de99c84339e4ec58462599ecbe5b7
Documentation/Refactoring/Phases Base Plan/Phase_05_ExternalAccelerator_Contract.md,doc,.md,3653,e064defee3706bc0cd21adf3bb94d14125d61f02f2ff11a80206970839348975
Documentation/Refactoring/Phases Base Plan/Phase_06_FEATURE_000_Executable_Lane6_DSC_Gate.md,doc,.md,2832,b3cbd00bb4f211f3dd9e488d97f14f253964e4d6abfef70cabf4fa3d2343cc15
Documentation/Refactoring/Phases Base Plan/Phase_06_Future_Feature_Backlog.md,doc,.md,5141,2973cc876b36439b0a26292680e558ea500df967c8909ece26a0f770a94f177f
Documentation/Refactoring/Phases Ex1/00_Index_And_Architecture_Baseline.md,doc,.md,9018,a67b042d6b3c20cc8013df0216d38ffd6652d79c63a2ac10136a72a48443216f
Documentation/Refactoring/Phases Ex1/01_Current_Contract_Lock.md,doc,.md,5892,d3329fee2381484cdaa11e233d26fdf52438b8cd11531f3f937a4f87e675c5a5
Documentation/Refactoring/Phases Ex1/02_Executable_Lane6_DSC_ADR_Gate.md,doc,.md,5046,264a66599fab9d24b7b22efcad1ac0797381ab5ccb363e9c9497f1711091a348
Documentation/Refactoring/Phases Ex1/03_DSC_Token_Lifecycle_And_Issue_Admission.md,doc,.md,4767,510bc9c2d1ac148647a85a4b019a4f796fe5fcb06dd882fcdab50a74fc7756d0
Documentation/Refactoring/Phases Ex1/04_DSC_Precise_Faults_And_Retire_Publication.md,doc,.md,5417,b9ce0f8b0e03d339184163c6b507cdc33023744c12330f92ba805d1d459a32c9
Documentation/Refactoring/Phases Ex1/05_Memory_Ordering_And_Global_Conflict_Service.md,doc,.md,5175,cda7e80ea12015aec5949970d651d54d0f43aac0d833904d700b8b752296aa2e
Documentation/Refactoring/Phases Ex1/06_Addressing_Backend_And_IOMMU_Integration.md,doc,.md,4692,a927ee38cd97438d62ed1aee21e6cf58b3d76c09fd86e8094c09a7d28fa6073c
Documentation/Refactoring/Phases Ex1/07_DSC2_Descriptor_ABI_And_Capabilities.md,doc,.md,5490,29d6ffae7282bd4e4dc385cdf38a70435587f06da21a517e23c0cf4ddddb8d55
Documentation/Refactoring/Phases Ex1/08_AllOrNone_Progress_And_Partial_Completion.md,doc,.md,4269,0e6a786a90d30fdb9e94609f1a7f1d770ef1e509ee0166e8901196102d57d487
Documentation/Refactoring/Phases Ex1/09_Cache_Prefetch_And_NonCoherent_Protocol.md,doc,.md,6137,d0c5c9876f84a5f1282a24a0551d84a77f72efd7daea165b47150c7e089d062f
Documentation/Refactoring/Phases Ex1/10_External_Accelerator_L7_SDC_Gate.md,doc,.md,4692,114882785f1bb2af196904d742816393c28280bd944c96be32386fa31e7dca75
Documentation/Refactoring/Phases Ex1/11_Compiler_Backend_Lowering_Contract.md,doc,.md,4867,881a826740f28edce05a1cf2306af104cb19b742445f3715225ad47d1b2e831f
Documentation/Refactoring/Phases Ex1/12_Testing_Conformance_And_Documentation_Migration.md,doc,.md,8873,f7bb588bede4498880ad47ac2b717de6769d85fbe2f76eabc20d94e16dd47f7d
Documentation/Refactoring/Phases Ex1/13_Dependency_Graph_And_Execution_Order.md,doc,.md,7652,7f72ae68c8dd2f8f76bb5ffb8d2b600ed5076114416eb5b109f21e39346a66d3
Documentation/Refactoring/Phases Ex1/ADR_02_Executable_Lane6_DSC_OptionB_Gate.md,doc,.md,20700,36a072ac4c838e31e8d78d5bedad1a34250584a3c6e27b729a669ffc3a2b516f
Documentation/Refactoring/Phases Ex1/ADR_03_DSC_Token_Lifecycle_And_Issue_Admission.md,doc,.md,20154,baf7921567532ef80c0ac9f2e544ca5bf062d12689162fb3c25b3aa600744f1e
Documentation/Refactoring/Phases Ex1/ADR_04_DSC_Precise_Faults_And_Retire_Publication.md,doc,.md,20476,a2a9c45ee640ca5b2579cb096ae7b236db826aafc1399bdc4a317c78b2ab339a
Documentation/Refactoring/Phases Ex1/ADR_05_Memory_Ordering_And_Global_Conflict_Service.md,doc,.md,16181,e055b56730192294ebe0d890e2f9d7e9832193cf858949d5f76d6b425af663b0
Documentation/Refactoring/Phases Ex1/ADR_06_Addressing_Backend_And_IOMMU_Integration.md,doc,.md,17776,3f2b1cd965acfcdac1eab6ac317d74067e55a498e2cfcc2fbd9483c520990397
Documentation/Refactoring/Phases Ex1/ADR_07_DSC2_Descriptor_ABI_And_Capabilities.md,doc,.md,18544,d1decbc85d00294c9f761d1e33da1ffdee7d660d4819a1e24749ad824090fc93
Documentation/Refactoring/Phases Ex1/ADR_08_AllOrNone_Progress_And_Partial_Completion.md,doc,.md,7818,f9fd7e15b6ab92ca2e2cdd5f844a7d0620e8fe96ab0d97ad8632cb0220b12e09
Documentation/Refactoring/Phases Ex1/ADR_09_Cache_Prefetch_And_NonCoherent_Protocol.md,doc,.md,9911,f2482f0be44e02dd4fca332499e6cf2d981421cc1806caa02255d14aa1b95be6
Documentation/Refactoring/Phases Ex1/ADR_10_External_Accelerator_L7_SDC_Gate.md,doc,.md,8517,6ee31cad1b29b696569b1130d8c9a8b029badae9f2be96d3ed8f9a9e983ca9e4
Documentation/Refactoring/Phases Ex1/ADR_11_Compiler_Backend_Lowering_Contract.md,doc,.md,7790,c3f6f79145805034c249e624a232d753f0e256eebbb9ccb3e45e51255f432ae2
Documentation/Refactoring/Phases Ex1/ADR_12_Testing_Conformance_And_Documentation_Migration.md,doc,.md,6942,870e27000eda2438cd0440e64b4a2fe71a9fdc2b61e733bb6ffb31d21ccc4961
Documentation/Refactoring/Phases Ex1/ADR_13_Dependency_Graph_And_Execution_Order.md,doc,.md,6707,1ae5e64310b0f9219eee18546c33702e6ee0229a96862f4ad3e3d0263f51116e
Documentation/Refactoring/README_StreamWhiteBook_Expansion_Plan/00_Index_And_Goals.md,doc,.md,5848,55538775683f5795996125abe9878b6f173e4d3cf82e393a0b1bcffb51741f56
Documentation/Refactoring/README_StreamWhiteBook_Expansion_Plan/01_Source_Inventory_And_Evidence_Map.md,doc,.md,13047,742b78e2586cb24a346f1c876bacbf3501644da8324f3bd58178ca7487e9925e
Documentation/Refactoring/README_StreamWhiteBook_Expansion_Plan/02_README_Target_Structure.md,doc,.md,7799,0be8bf05ccb93654c5a596848a9b80affb871d9b2c2da3cfd78cc6602f91724e
Documentation/Refactoring/README_StreamWhiteBook_Expansion_Plan/03_StreamEngine_VectorALU_SRF_Prefetch_BurstIO_Phase.md,doc,.md,5298,422f9960a5af8e6c34fe46a38f76eb84b0033a59b3fe291b3c622c1e3b4cc72c
Documentation/Refactoring/README_StreamWhiteBook_Expansion_Plan/04_DmaStreamCompute_Lane6_DSC_Phase.md,doc,.md,7186,8e182b83488d940a49dc5ae5d44595c97bd069de985e555368c38736ff20e3f8
Documentation/Refactoring/README_StreamWhiteBook_Expansion_Plan/05_ExternalAccelerators_L7_SDC_Phase.md,doc,.md,7903,924e2fa0930f5353af554f400efc0a3ff826e6ed1bc2c58a1312c363cf549b61
Documentation/Refactoring/README_StreamWhiteBook_Expansion_Plan/06_Memory_DMA_IOMMU_Conflict_Cache_Phase.md,doc,.md,6756,a81def102b7769aa9d5a61388c31785e109bfca76645ba0a9767017de3327be8
Documentation/Refactoring/README_StreamWhiteBook_Expansion_Plan/07_Compiler_Backend_And_TypedSlot_Phase.md,doc,.md,6242,2e0bb25a0db497848b58b9f9b6a72d0ececc7a24e86d0793d45014815699055b
Documentation/Refactoring/README_StreamWhiteBook_Expansion_Plan/08_Diagrams_Integration_Phase.md,doc,.md,6560,c7ecc31d5bd5372a3d09024435e0d70e24f7a6d13c49c663c485cf08fcfa7fbf
Documentation/Refactoring/README_StreamWhiteBook_Expansion_Plan/09_Claim_Safety_Validation_And_Done_Criteria.md,doc,.md,9942,aae2b4c74e55feeb748b450a84881882ecd7151f4a725df0880f6db8b2b92c2d
Documentation/Refactoring/VLIW_Bundle_Runtime_Legacy_Unused_Metadata_Audit.md,doc,.md,29663,771a2177a7ac60e6d603d60f65ae9ec8f798dbdd897719def606dfb1e5c00b23
Documentation/Refactoring/VLIW_Bundle_Runtime_Metadata_Spec.md,doc,.md,45785,b401575801fb41cd613b6eeabf5f3a0715681f7f8e7171d07468eb6f41a05410
Documentation/SecureCompute WhiteBook/SecureCompute HybridCPU-v2 WhiteBook.md,doc,.md,26351,c6b6d96534f4f47269b9a9f7e50b92b3d01c990976d5512faf1aed78fa510b2c
Documentation/Stream WhiteBook.zip,other,.zip,144011,dc05d05162613c1ddfd5fd23e8e898c2fd53dc9d375c539f5209def943d5257c
Documentation/Stream WhiteBook/DmaStreamCompute/00_README.md,doc,.md,5491,aee85f0ede09cf81993d65c10aaf5f6ea613f44315f4fcd7ce6c147f7672ce74
Documentation/Stream WhiteBook/DmaStreamCompute/01_Current_Contract.md,doc,.md,9670,9b85ab597fa816e03c6a28e9d71bf5576921d14fa0a3c773831bab5c6c95a7d6
Documentation/Stream WhiteBook/DmaStreamCompute/02_Phase_Evidence_Ledger.md,doc,.md,7204,0f1d45ca6a561b850ceb7d5121e9174e327161a80421d851c29d3cf8aea23309
Documentation/Stream WhiteBook/DmaStreamCompute/03_Validation_And_Rollback.md,doc,.md,5858,728b6e0f8d47bd191291e6f7451aa99c725a30a6b5cb32c82c381ecb33c40648
Documentation/Stream WhiteBook/DmaStreamCompute/04_Continuation_Prompt_Phase12.md,doc,.md,4335,0813394ccc0ba127700094de66ceeb6f198061e27f0ee08f2d178c75d8fe17c9
Documentation/Stream WhiteBook/DmaStreamCompute/05_Phase_03_DMA_Execution_Model_ADR.md,doc,.md,4162,6f12eccd512959224771a079918d7768ad05533c94c3be77b5f17327698e51c2
Documentation/Stream WhiteBook/ExternalAccelerators/00_README.md,doc,.md,5480,21db0310c5f38687cdab87a095ce07661b34121b7d362dbcc9d4bdaebd34334f
Documentation/Stream WhiteBook/ExternalAccelerators/01_L7_SDC_Executive_Summary.md,doc,.md,5379,ea1f89db4bb546ae202e758efb7502732bcc6c9bf68d64748673c986132635df
Documentation/Stream WhiteBook/ExternalAccelerators/02_Topology_And_ISA_Placement.md,doc,.md,4146,d0c8f3e007c22bed01842a5150660df72950c146499dea6b3c4f135014cf6bd0
Documentation/Stream WhiteBook/ExternalAccelerators/03_Descriptor_ABI_And_Carrier_Cleanliness.md,doc,.md,4743,06814e1b9f218796cae81c531b5e9cfb22c4d8e23f87dd8aff0cf89e47436107
Documentation/Stream WhiteBook/ExternalAccelerators/04_Authority_Model.md,doc,.md,3603,03a47503c782576b9a4acc3de0e939029b5696cbdb489b09c047d532711388b8
Documentation/Stream WhiteBook/ExternalAccelerators/05_Token_Lifecycle_And_Register_ABI.md,doc,.md,4855,0a67213e59722c13b189fadd8b316f5075e2225f68be1b0871777ce4649f7281
Documentation/Stream WhiteBook/ExternalAccelerators/06_Backend_Staging_Commit_And_Rollback.md,doc,.md,4196,a0c083c1e5b8df1f2c8d2a546275f6aace1d1d59c5d12e15723bf83f81ffe255
Documentation/Stream WhiteBook/ExternalAccelerators/07_Memory_Conflict_Model.md,doc,.md,3807,f1cbb506cc72c89aba80971e7e9558a018570cffcfc05daa3346f3f132f8fc44
Documentation/Stream WhiteBook/ExternalAccelerators/08_MatMul_Capability_Provider.md,doc,.md,3277,03d502500cb62f54c1ef04aa5d9231e3ac5d1f95438de1f105f101d66dadd44b
Documentation/Stream WhiteBook/ExternalAccelerators/09_Compiler_Emission_Path.md,doc,.md,3554,17b9997ca9423e9f2f3df7f39ca44ea5ea6c654d5a8c99a6bd09b5b5fa107eb3
Documentation/Stream WhiteBook/ExternalAccelerators/10_Telemetry_And_Evidence.md,doc,.md,3125,739991bb775affb4f82a44d7f4f04953bfa61929a9021d780fa398656f59e037
Documentation/Stream WhiteBook/ExternalAccelerators/11_DmaStreamCompute_And_Assist_Separation.md,doc,.md,5544,4cd9d7cc03c20153a850664a48077cd5b8caac4e13ee352f622d7ffb02b92f56
Documentation/Stream WhiteBook/ExternalAccelerators/Diagrams/00_Diagram_Index.md,doc,.md,2298,9f50607eda1a51bbb3608e1b17ff0712a05d73f0b88644b9dc5e0b6a3459fc72
Documentation/Stream WhiteBook/ExternalAccelerators/Diagrams/01_Lane_Placement_And_Carrier_Flow.md,doc,.md,1827,bae5647cf95baa7b06755e8bac14aeeec78dbdbebf56c796512ad90dacc127e6
Documentation/Stream WhiteBook/ExternalAccelerators/Diagrams/02_Descriptor_Authority_Admission.md,doc,.md,1731,a04e8927278ad423e1eeefe5b12f0f05bcc4f0edd9ee93720e2aa2e7854134ae
Documentation/Stream WhiteBook/ExternalAccelerators/Diagrams/03_Token_Lifecycle.md,doc,.md,2054,f2280ac5347a2e051fc7194bbec61000166a14d0508b3964e5055dad38e10fc3
Documentation/Stream WhiteBook/ExternalAccelerators/Diagrams/04_Backend_Staging_Commit.md,doc,.md,2127,fa089d65eb5750668225d51798eb0d1972a7478b94574799be82f1e0d34cdb9b
Documentation/Stream WhiteBook/ExternalAccelerators/Diagrams/05_Conflict_Manager.md,doc,.md,1710,66974a9d88cefa1ed05d40c8a676527a6c6283bf0d017e998b450ab1cd39f244
Documentation/Stream WhiteBook/ExternalAccelerators/Diagrams/06_Compiler_To_ISE_Transport.md,doc,.md,1895,d6b5999d27c3b8583b0dbff94d62e478aa685bba27563ac5fe6670d5656c12db
Documentation/Stream WhiteBook/ExternalAccelerators/Diagrams/07_Telemetry_Evidence_Not_Authority.md,doc,.md,1697,7b1e4790f52e3a25e97cd320375787953d45abac6aa3efc3b244b874fcb37f63
Documentation/Stream WhiteBook/StreamEngine DmaStreamCompute/00_README.md,doc,.md,5379,76913332b3a110efbdf7e55a1ca92c7455ac715e767adc31ebc93cb04e9c8723
Documentation/Stream WhiteBook/StreamEngine DmaStreamCompute/01_StreamEngine_SFR_SRF_VectorALU.md,doc,.md,14195,77f17379870020676032b1344f06430569c8ab670a2764ae6a17642d8d3d5412
Documentation/Stream WhiteBook/StreamEngine DmaStreamCompute/02_DmaStreamCompute.md,doc,.md,19061,6b3b476dccb05e2fa355fc71c97dfd9e37cd7374f5c8c998835b6cc8a2b1781c
Documentation/Stream WhiteBook/StreamEngine DmaStreamCompute/03_VDSA_Assist_Warming_Prefetch_SRF_DataIngress.md,doc,.md,13405,d742f5c177a4857d8cab99c68c594de0512a08709ebbe35e40aedcc1c178bcdf
Documentation/Virtualization WhiteBook/00_README.md,doc,.md,3474,ee198c0ef853587929336544fbd0526ad5243622694a6bd1c37d79e1e2167c36
Documentation/Virtualization WhiteBook/01_Executive_Summary.md,doc,.md,4054,9024680a5c73941f8be64a55dffea6d9b78934559584397da3ab7025344b10a1
Documentation/Virtualization WhiteBook/02_Principles_And_Non_Goals.md,doc,.md,2650,78c7f8346d7597189f83dce1782c51e39f301a82002662d6d544893b590014f2
Documentation/Virtualization WhiteBook/03_Current_Implementation_Map.md,doc,.md,3519,e871bc78737d20994fffd8660e6c64853f54413d57fcb5e2803dc2f7a1a0957e
Documentation/Virtualization WhiteBook/04_Authority_Model.md,doc,.md,3094,cf222bbdc32915fdef4b6bc3834269febd88d484e71b222c4cbdf9d7a62e2a09
Documentation/Virtualization WhiteBook/05_Runtime_Domain_Owners.md,doc,.md,3531,965fc7bd0042f1a113e043d0eed6f507acfa4a7058e70c177029f8b32fd80c8f
Documentation/Virtualization WhiteBook/06_Capabilities_And_Evidence.md,doc,.md,2988,343d57ede83a708b0cffe6d174f28225b46c3e7424010a2b1ea4150f370857aa
Documentation/Virtualization WhiteBook/07_Memory_IO_Lanes.md,doc,.md,2945,51bf995f745a1d3b117634861366d5f0863e4a8c9c8344770e9a9ed9c8c648e9
Documentation/Virtualization WhiteBook/08_Nested_Virtualization.md,doc,.md,2370,9db3f4b41512d4b6abdfb9490fe3bc5c59ffdfda55901eb6a027d2286059a969
Documentation/Virtualization WhiteBook/09_VMX_Compatibility_Frontend.md,doc,.md,3730,4307f026722182e3450ed8d14d4492b19840fca6d27a4be0549a91bcc2b59958
Documentation/Virtualization WhiteBook/10_VMCS_Projection_And_Field_Access.md,doc,.md,5744,d27c61fd80a2785b156e8e1db46c6e8a0b34721de195a73ce979aef5d238ac8d
Documentation/Virtualization WhiteBook/11_Admission_Boundaries.md,doc,.md,3371,936268a963c6d90de46fbe785068ba7cf22568e71a3322b63f38ca14f2535f5f
Documentation/Virtualization WhiteBook/12_Trap_Intercept_Completion_Retire.md,doc,.md,4997,f2f2315b23263e910159c0609d3af78fa135748906ffcb6617a3670902974bd9
Documentation/Virtualization WhiteBook/13_Compiler_ISA_Runtime_Contract.md,doc,.md,3359,860b06952f214ff83931de35b56e13e68cf9a97d0da0bec92fa8160240d3f983
Documentation/Virtualization WhiteBook/14_Conformance_Golden_Artifacts_NoEmission.md,doc,.md,3967,752e2b0fdb2c46205f6879f1d738a2e97fb1eb6ca610618616b06213135219e2
Documentation/Virtualization WhiteBook/15_Security_Invariants.md,doc,.md,3911,dba96fc66fac4c69d0ac35bef328d074eced9102e0135685352f7f008207a3d4
Documentation/Virtualization WhiteBook/16_Current_State_And_Closure_Matrix.md,doc,.md,5757,d12609c834655642586d235cd64f9cf628ac739fc9574f2268a45b7334bc2148
Documentation/Virtualization WhiteBook/17_Roadmap_And_Residual_Risk.md,doc,.md,6524,16b376506c9154db982e65e74c97e4ab4440a40870a1e76738b077675d1c5fe5
Documentation/Virtualization WhiteBook/18_Glossary.md,doc,.md,4056,efe7f8917167f9ff3099d97f92524ba934d95cac61fb93fab9c6adce57f6f9f8
Documentation/Virtualization WhiteBook/19_Source_References_And_Check_Commands.md,doc,.md,11195,7932af2dea7f4ba4fe4bd3f2ce70b2b1a103c4af18fa41102a5fb5cebd6dd074
Documentation/WhiteBook/0. chapter-index.md,doc,.md,8789,716f9d122636393c2f2a6394fd848984f88d67c81dceffefde26e42ef200e511
Documentation/WhiteBook/1. introduction.md,doc,.md,6743,31e3b63a762888c7fc1438859ed74a4212d2dea3c93f70822a64c9c3225c4b80
Documentation/WhiteBook/10. safety-isolation-and-legality.md,doc,.md,8439,42a6681a25b9dcc04b877c9fc72644f61fc4b4bce9f86ae2363fd90c8928d537
Documentation/WhiteBook/11. replay-determinism-and-evidence.md,doc,.md,5937,d74876f39e4de7b8f0db03e83c6adb074df868a57c93d73033eab8d374ba518d
Documentation/WhiteBook/12. telemetry-and-measurement.md,doc,.md,6533,e1b29bc1e4777fc00cef22ea41df381073e10ea489b0d0069ddca37b28e5bcbd
Documentation/WhiteBook/13. validation-status-and-test-evidence.md,doc,.md,13197,c66ae3383c3374691ab73a1876dabf9ffb7f4517772d7d6907ddc4a1a3502cd2
Documentation/WhiteBook/14. repository-layout-and-code-map.md,doc,.md,7218,e7c796b63820bc3ba57796e4a1ca09eb4f5bb56320aecd0d4be26f0a07c1a4ad
Documentation/WhiteBook/15. architectural-boundaries-and-non-goals.md,doc,.md,7278,b4704ef749447470d8c29883fc93267df3b6359c85ae555ace4e565f767e2a00
Documentation/WhiteBook/16. open-research-directions.md,doc,.md,6926,edecab9afe2821696190f8b53a168fd3caa6b386f6f2921400565f8351f92653
Documentation/WhiteBook/17. current-state-and-modernization-tracks.md,doc,.md,10066,de8e96007b666b459c359895884ab751df55b5ee9b586990106bfa7e5379e75b
Documentation/WhiteBook/18. conclusion.md,doc,.md,4610,2f2c98927de4a25f88c1cabdb3dadede737e714225054a5d321b07f70851322a
Documentation/WhiteBook/19. references-and-reading-order.md,doc,.md,10684,fefa5cb41853eccdac2956eba18b1fc5636e7813125ef46e80c07e24ee699b1a
Documentation/WhiteBook/2. vliw-binary-format.md,doc,.md,8019,cf5db2f14a5feaa25297b324c09ec9645fae5b315b68bd2f1fdb084d2b6c5827
Documentation/WhiteBook/20. legality-predicate.md,doc,.md,6822,3a24104a2f37d410b820bf813dec229f28276ffaa27a979d3fe15c829828dd9b
Documentation/WhiteBook/21. reject-taxonomy-matrix.md,doc,.md,6135,9ad68a4760932682b0d8ec6ca42e5e88f418b11f59eadc47235806ed68de40c3
Documentation/WhiteBook/22. typed-slot-contract-staging.md,doc,.md,6419,4eac3e172b14834d5163c6905263e2cb2b7a95a74dc19e57ca04439c40aece02
Documentation/WhiteBook/23. certificate-semantics-and-legality-evidence.md,doc,.md,7034,4bc8ad8de58629509a33786df9dcf347d1e2865c205f8c7859d2d96eded7d6ae
Documentation/WhiteBook/3. system-overview.md,doc,.md,7731,569db9aa29aeb3ca38a66cf01a594894926b883a4cdaadd935b824a2cacce0d5
Documentation/WhiteBook/4. architectural-model.md,doc,.md,7680,cb0e817609347b9a542c8603731f80773bedf7bfed2baee4884fea3ca2a13637
Documentation/WhiteBook/5. execution-model.md,doc,.md,8193,8b6a3de3383bd69022bf4ce78783a8ad5d846b99ad1c71df3f79656e3650c2b4
Documentation/WhiteBook/6. typed-slot-scheduling.md,doc,.md,5328,6e9efd59b43bf01a02df3ee44950274369998ffc81decd6e63f14b32964fd811
Documentation/WhiteBook/7. compiler-runtime-contract.md,doc,.md,10364,40a88db2e6700ceb0603f1a4c47e73d3a5dd4e345da0e68dd1d903102d51a4b6
Documentation/WhiteBook/8. smt-vliw-packing-and-densification.md,doc,.md,4965,b8c3f22f3023fbd5a87c32bb80a210d88d2936a71ebf25b98fc53b38064a74ec
Documentation/WhiteBook/9. assist-runtime-donor-taxonomy-and-carriers.md,doc,.md,7931,bc7de5b9e1aba108674df28aecd1b9ea5cd66be17a6b1b07dc9783829d83c36f
forms/Directory.Build.props,project,.props,680,fe97e92805fd1e611e8b1cd124ed6845256bfeea48257ed359f4f15f84372a9c
forms/Form_Hybrid_CPU/Form_Hybrid_CPU.cs,source,.cs,26646,1d0ec341fb16c641bb683c9d10541b099ad068784a4be903794c99240867860b
forms/Form_Hybrid_CPU/Form_Hybrid_CPU.csproj,project,.csproj,295,78386a4a7308a4cfa914dd68659246dd34190b197a3e94877f0090ab299c98e9
forms/Form_Hybrid_CPU/Form_Hybrid_CPU.csproj.user,other,.user,289,831b58bf0a90c0cf28747280c7b6cffac5a4a5f9d854b40623cdb0a1ef9dff8c
forms/Form_Hybrid_CPU/Form_Hybrid_CPU.Designer.cs,source,.cs,198217,06d00627604ddf12df80ee3653c542602ee71f71758c7e7847103f2d5bb8d44d
forms/Form_Hybrid_CPU/Form_Hybrid_CPU.resx,other,.resx,6440,dc8105ec4100d9e0812e6fa33872f29640ff8d6566096af248815a2774bb118c
forms/Form_Hybrid_CPU/Program.cs,source,.cs,203,a74d3d4685adb24dd76faddbfa219d3b67aa1c6ff441d842e94ee90d8eec2990
forms/Form_Main.CompileInit/Form_Hybrid_CPU.cs,source,.cs,1218,734f194dce42e2a5cc20840e5bbc892ee06d995a6bc38cbd8fa5f84919393c4b
forms/Form_Main.CompileInit/Form_Hybrid_CPU.Designer.cs,source,.cs,6378,f9014f2dba7623e63b6ee288ea266f93fad4ca61b72b4229e6ecd31442b474c9
forms/Form_Main.CompileInit/Form_Hybrid_CPU.resx,other,.resx,6239,5c4aef85e268fee97eccef08611826e91f9a4a407c64bce5b616ba932c3b9df6
forms/Form_Main.CompileInit/Form_Main.CompileInit.cs,source,.cs,673,53577a2391ed66ed02a73038e3e7c3f663525982d8815e881a1a34342bfc5d1e
forms/Form_Main.CompileInit/Form_Main.CompileInit.csproj,project,.csproj,297,467a096e720b719f0356701872b01419e22ca90e3b8215071856caf80e9dc4ae
forms/Form_Main.CompileInit/Form_Main.CompileInit.csproj.user,other,.user,488,fd34c0219997766487f8fa3265a91e753a5c0e0f90f82974a90f9b7be24d8db3
forms/Form_Main.CompileInit/Form_Main.CompileInit.Events.cs,source,.cs,2904,a88968bd8eff38ccc3ea56f9c5e281756aab201c4a4b64cdf0a75032302d6479
forms/Form_Main.CompileInit/Program.cs,source,.cs,203,a74d3d4685adb24dd76faddbfa219d3b67aa1c6ff441d842e94ee90d8eec2990
forms/Form_Main.CompilerPipeline/Form_Hybrid_CPU.cs,source,.cs,24908,4c361a33cee3ecd4ff46538c995fdf1df82fd471766fdd2999ef9c1359a545f5
forms/Form_Main.CompilerPipeline/Form_Hybrid_CPU.Designer.cs,source,.cs,12724,d5eba2f312d6758a10f8ab5b386f95d7872e160de1d36ee5664a308669d81eca
forms/Form_Main.CompilerPipeline/Form_Hybrid_CPU.resx,other,.resx,2813,ebb3417372d58647e50f45c52a62cdc0cefd58b4b65bb02248eb99a4db97461b
forms/Form_Main.CompilerPipeline/Form_Main.CompilerPipeline.csproj,project,.csproj,682,0da2249c308e7035902166d4eca192735a8200c6b48a99309a55efa696e6b238
forms/Form_Main.CompilerPipeline/Form_Main.CompilerPipeline.csproj.user,other,.user,428,7af89db687ae598b836cc5dbe6c387a3b3ab6dd1dd7966d4b26aa11642fc32d7
forms/Form_Main.CompilerPipeline/Program.cs,source,.cs,201,c8a3a712dfeb372494baa6b1aff9860898f33551da0da9cab5f9bff89b6c1d76
forms/Form_Main.Core/Form_Hybrid_CPU.cs,source,.cs,1218,734f194dce42e2a5cc20840e5bbc892ee06d995a6bc38cbd8fa5f84919393c4b
forms/Form_Main.Core/Form_Hybrid_CPU.Designer.cs,source,.cs,13269,adf2cc5d74d4ac0a2a23ca3d27847e7b879d49b27bbca41bc6afabb5a04e2a63
forms/Form_Main.Core/Form_Hybrid_CPU.resx,other,.resx,6239,5c4aef85e268fee97eccef08611826e91f9a4a407c64bce5b616ba932c3b9df6
forms/Form_Main.Core/Form_Main.Core.csproj,project,.csproj,297,467a096e720b719f0356701872b01419e22ca90e3b8215071856caf80e9dc4ae
forms/Form_Main.Core/Form_Main.Core.csproj.user,other,.user,385,c1a468bf2af84131d86ed142c11f486976ddc5371e3449477379f98c15a2fe13
forms/Form_Main.Core/Form_Main.Core.Events.cs,source,.cs,1943,c550723d1727ce97fe9d9046970a6eae7608135bb2a2fb377f50c10f18c0bc03
forms/Form_Main.Core/Program.cs,source,.cs,203,a74d3d4685adb24dd76faddbfa219d3b67aa1c6ff441d842e94ee90d8eec2990
forms/Form_Main.CoreDetails/Form_Hybrid_CPU.cs,source,.cs,1218,734f194dce42e2a5cc20840e5bbc892ee06d995a6bc38cbd8fa5f84919393c4b
forms/Form_Main.CoreDetails/Form_Hybrid_CPU.Designer.cs,source,.cs,7809,b4922834a10469fb6c3bdc641836ce16c68db1fc90cc7654ea975e34f1da5fbf
forms/Form_Main.CoreDetails/Form_Hybrid_CPU.resx,other,.resx,6239,5c4aef85e268fee97eccef08611826e91f9a4a407c64bce5b616ba932c3b9df6
forms/Form_Main.CoreDetails/Form_Main.CoreDetails.cs,source,.cs,26987,b98746dc451bcf20820cb44972f4bc4baee1aad2002aa66391cf22170bba3128
forms/Form_Main.CoreDetails/Form_Main.CoreDetails.csproj,project,.csproj,542,1e864667a36c25d55b5f253242802dfad7aaed1c1f1904aa906ee9b832c56f0b
forms/Form_Main.CoreDetails/Form_Main.CoreDetails.csproj.user,other,.user,524,a1fb4abb2ed85ab8cab3c9c97d04e9c1d0a0c2c204a36275b80cdbb59b485a17
forms/Form_Main.CoreDetails/Program.cs,source,.cs,203,a74d3d4685adb24dd76faddbfa219d3b67aa1c6ff441d842e94ee90d8eec2990
forms/Form_Main.CSRFlags/Form_Hybrid_CPU.cs,source,.cs,1218,734f194dce42e2a5cc20840e5bbc892ee06d995a6bc38cbd8fa5f84919393c4b
forms/Form_Main.CSRFlags/Form_Hybrid_CPU.Designer.cs,source,.cs,10284,60cd657b33ad84cba820ae71f8b226249c2ed6826312a2647e741e146e597239
forms/Form_Main.CSRFlags/Form_Hybrid_CPU.resx,other,.resx,6239,5c4aef85e268fee97eccef08611826e91f9a4a407c64bce5b616ba932c3b9df6
forms/Form_Main.CSRFlags/Form_Main.CSRFlags.cs,source,.cs,7232,eb27a0956f313e7a4ee46ebca85c14c1aa9b4e801b7ec3185dd07719c59129a9
forms/Form_Main.CSRFlags/Form_Main.CSRFlags.csproj,project,.csproj,542,1e864667a36c25d55b5f253242802dfad7aaed1c1f1904aa906ee9b832c56f0b
forms/Form_Main.CSRFlags/Form_Main.CSRFlags.csproj.user,other,.user,521,b073a3fea65ec5dc1a74bd4d39d4ab72197310a7acda894d68b7d3b824234c66
forms/Form_Main.CSRFlags/Program.cs,source,.cs,203,a74d3d4685adb24dd76faddbfa219d3b67aa1c6ff441d842e94ee90d8eec2990
forms/Form_Main.ExtendedUI/Form_Hybrid_CPU.cs,source,.cs,1218,734f194dce42e2a5cc20840e5bbc892ee06d995a6bc38cbd8fa5f84919393c4b
forms/Form_Main.ExtendedUI/Form_Hybrid_CPU.Designer.cs,source,.cs,6293,225f986ac67ce122d18f6260cdd19f26d0c93fa82d8a3946ff19df79d78a0791
forms/Form_Main.ExtendedUI/Form_Hybrid_CPU.resx,other,.resx,6239,5c4aef85e268fee97eccef08611826e91f9a4a407c64bce5b616ba932c3b9df6
forms/Form_Main.ExtendedUI/Form_Main.ExtendedUI.csproj,project,.csproj,297,467a096e720b719f0356701872b01419e22ca90e3b8215071856caf80e9dc4ae
forms/Form_Main.ExtendedUI/Form_Main.ExtendedUI.csproj.user,other,.user,391,2b9500afcc2d2d8d98063b30e318f92c783773796126924dc14c6151812762e5
forms/Form_Main.ExtendedUI/Form_Main.ExtendedUI.Events.cs,source,.cs,8774,791d39b0ef80b6d1adce0f4a6d3a1f2e5c71dc6552c1bc68683f6b3b3f7ddfc2
forms/Form_Main.ExtendedUI/Program.cs,source,.cs,203,a74d3d4685adb24dd76faddbfa219d3b67aa1c6ff441d842e94ee90d8eec2990
forms/Form_Main.HazardLog/Form_Hybrid_CPU.cs,source,.cs,12615,a4e394324e94162d83de297f4a60b8a9cb1f61e9fe1d690d543282d78e76f995
forms/Form_Main.HazardLog/Form_Hybrid_CPU.Designer.cs,source,.cs,13261,b22f8b16fd7149c033d85e63850b47a0a8b58df92777fb2bd8e0c7679f850a74
forms/Form_Main.HazardLog/Form_Hybrid_CPU.resx,other,.resx,2813,ebb3417372d58647e50f45c52a62cdc0cefd58b4b65bb02248eb99a4db97461b
forms/Form_Main.HazardLog/Form_Main.HazardLog.csproj,project,.csproj,438,8c14e26299af4f00be337c76c1f6fd2d3e5fb8e7521d6e9976897303d56427b1
forms/Form_Main.HazardLog/Form_Main.HazardLog.csproj.user,other,.user,289,831b58bf0a90c0cf28747280c7b6cffac5a4a5f9d854b40623cdb0a1ef9dff8c
forms/Form_Main.HazardLog/Program.cs,source,.cs,201,c8a3a712dfeb372494baa6b1aff9860898f33551da0da9cab5f9bff89b6c1d76
forms/Form_Main.IOView/Form_Hybrid_CPU.cs,source,.cs,1218,734f194dce42e2a5cc20840e5bbc892ee06d995a6bc38cbd8fa5f84919393c4b
forms/Form_Main.IOView/Form_Hybrid_CPU.Designer.cs,source,.cs,6036,9b674a6e363964aceb6c4a888e1c96c9f63dc7c03a7361d05f701efa6a44de4b
forms/Form_Main.IOView/Form_Hybrid_CPU.resx,other,.resx,6239,5c4aef85e268fee97eccef08611826e91f9a4a407c64bce5b616ba932c3b9df6
forms/Form_Main.IOView/Form_Main.IOView.cs,source,.cs,12756,bcd293aba83e4a676cebcdde930a94d925f01b62fc189d555a1600c6930798dc
forms/Form_Main.IOView/Form_Main.IOView.csproj,project,.csproj,542,1e864667a36c25d55b5f253242802dfad7aaed1c1f1904aa906ee9b832c56f0b
forms/Form_Main.IOView/Form_Main.IOView.csproj.user,other,.user,519,439a510a88882edf6b09d36b8e22ae1ea12cd31e90161ae0d3031e27774fb2b7
forms/Form_Main.IOView/Program.cs,source,.cs,203,a74d3d4685adb24dd76faddbfa219d3b67aa1c6ff441d842e94ee90d8eec2990
forms/Form_Main.MemorySubsystem/Form_Hybrid_CPU.cs,source,.cs,6164,e7c1e82eb9d43dc1565d6c0a449d8b8275bcf576f36ea3560b5c20839a1e2bcb
forms/Form_Main.MemorySubsystem/Form_Hybrid_CPU.Designer.cs,source,.cs,3294,b5ab2dcf46f838c7f73cffdd5974d9e5b2d191df65675d7d9f41f014cb98b2ed
forms/Form_Main.MemorySubsystem/Form_Hybrid_CPU.resx,other,.resx,2813,ebb3417372d58647e50f45c52a62cdc0cefd58b4b65bb02248eb99a4db97461b
forms/Form_Main.MemorySubsystem/Form_Main.MemorySubsystem.csproj,project,.csproj,566,55f987a9086c7f0b3f2f3918976e207d80f8a938d9095a2789814665de47af0a
forms/Form_Main.MemorySubsystem/Form_Main.MemorySubsystem.csproj.user,other,.user,428,7af89db687ae598b836cc5dbe6c387a3b3ab6dd1dd7966d4b26aa11642fc32d7
forms/Form_Main.MemorySubsystem/Program.cs,source,.cs,201,c8a3a712dfeb372494baa6b1aff9860898f33551da0da9cab5f9bff89b6c1d76
forms/Form_Main.MemoryView/Form_Hybrid_CPU.cs,source,.cs,1218,734f194dce42e2a5cc20840e5bbc892ee06d995a6bc38cbd8fa5f84919393c4b
forms/Form_Main.MemoryView/Form_Hybrid_CPU.Designer.cs,source,.cs,6167,b31972b52fa54ddd6590d2d62118fb48962db43ceff1f127e5d0dc5eeb3bb4f9
forms/Form_Main.MemoryView/Form_Hybrid_CPU.resx,other,.resx,6239,5c4aef85e268fee97eccef08611826e91f9a4a407c64bce5b616ba932c3b9df6
forms/Form_Main.MemoryView/Form_Main.MemoryView.cs,source,.cs,13389,acb8f2e22e0c92e6a0005de93b994604dedeeb48de8dd72a2dd6037f4f1d09d3
forms/Form_Main.MemoryView/Form_Main.MemoryView.csproj,project,.csproj,542,1e864667a36c25d55b5f253242802dfad7aaed1c1f1904aa906ee9b832c56f0b
forms/Form_Main.MemoryView/Form_Main.MemoryView.csproj.user,other,.user,523,da8f49bb49020c0ef5c97a2557d4cdeaa4d09b448b76ffd24783342ef50dca78
forms/Form_Main.MemoryView/Program.cs,source,.cs,203,a74d3d4685adb24dd76faddbfa219d3b67aa1c6ff441d842e94ee90d8eec2990
forms/Form_Main.ObservationBridge/Form_Hybrid_CPU.ObservationBridge.cs,source,.cs,436,c96684e1901f6c91c23d26271755a26d12148d7e3bd822043d7b22508434500f
forms/Form_Main.OpCodesViewAndEmulation/Form_Hybrid_CPU.cs,source,.cs,1218,734f194dce42e2a5cc20840e5bbc892ee06d995a6bc38cbd8fa5f84919393c4b
forms/Form_Main.OpCodesViewAndEmulation/Form_Hybrid_CPU.Designer.cs,source,.cs,5971,5ea862261be74212e51b819758b7e7c653798c39cd5888d311934936cbc720af
forms/Form_Main.OpCodesViewAndEmulation/Form_Hybrid_CPU.resx,other,.resx,5698,4d3ee9059f5b98ab1806f6916ebea2a8c56023f8c63ddfd80b7378d27d1aa0f6
forms/Form_Main.OpCodesViewAndEmulation/Form_Main.OpCodesViewAndEmulation.csproj,project,.csproj,297,467a096e720b719f0356701872b01419e22ca90e3b8215071856caf80e9dc4ae
forms/Form_Main.OpCodesViewAndEmulation/Form_Main.OpCodesViewAndEmulation.csproj.user,other,.user,404,3831b6135224d3fc93f8a7ebe699b6dc4f52c3d4f052b42afc3aa1490f332a93
forms/Form_Main.OpCodesViewAndEmulation/Form_Main.OpCodesViewAndEmulation.Events.cs,source,.cs,1965,e74de2171ba6224eb363cf262de7b5242affd2acf0de3ff7b574bbd2ebb37f5e
forms/Form_Main.OpCodesViewAndEmulation/Program.cs,source,.cs,203,a74d3d4685adb24dd76faddbfa219d3b67aa1c6ff441d842e94ee90d8eec2990
forms/Form_Main.SourceEditor/Form_Hybrid_CPU.cs,source,.cs,1218,734f194dce42e2a5cc20840e5bbc892ee06d995a6bc38cbd8fa5f84919393c4b
forms/Form_Main.SourceEditor/Form_Hybrid_CPU.Designer.cs,source,.cs,7962,515b918ff01c98f603c89c443cc6e42f6282d7412de616d3bf28c170e15e3ec7
forms/Form_Main.SourceEditor/Form_Hybrid_CPU.resx,other,.resx,6239,5c4aef85e268fee97eccef08611826e91f9a4a407c64bce5b616ba932c3b9df6
forms/Form_Main.SourceEditor/Form_Main.SourceEditor.cs,source,.cs,14873,eb5448f0851eb6ac9d92787326700b357d4fc5169814e0dcfa5ab8ee32436cd9
forms/Form_Main.SourceEditor/Form_Main.SourceEditor.csproj,project,.csproj,516,812000c5933055e641ae582b9e122b14d2a316211fb147d835998b81109dae1f
forms/Form_Main.SourceEditor/Form_Main.SourceEditor.csproj.user,other,.user,386,6ddfa44ae739ec5796c59f9071814a379c098e165e97017350f733d1c0524808
forms/Form_Main.SourceEditor/Program.cs,source,.cs,203,a74d3d4685adb24dd76faddbfa219d3b67aa1c6ff441d842e94ee90d8eec2990
forms/Form_Main.Statistics/Form_Hybrid_CPU.cs,source,.cs,1218,734f194dce42e2a5cc20840e5bbc892ee06d995a6bc38cbd8fa5f84919393c4b
forms/Form_Main.Statistics/Form_Hybrid_CPU.Designer.cs,source,.cs,16667,cf7eb4c3781469b0e0920c703b79af7600484d1dc26cb73b0b7ab66fad9153c2
forms/Form_Main.Statistics/Form_Hybrid_CPU.resx,other,.resx,5629,db6c7c77958f430cbfe7480f3f4414cda98bf490e8b609073432b9061f0cff19
forms/Form_Main.Statistics/Form_Main.Statistics.cs,source,.cs,33829,a90fae9f11a8317033a3e1ab2be9b1d7fa39c513f0ec43c2964a201e97419dc9
forms/Form_Main.Statistics/Form_Main.Statistics.csproj,project,.csproj,685,1d293feb1c08b10ba5e3643295fc977b251d1eaaa86bac10fbe217bb20a2418d
forms/Form_Main.Statistics/Form_Main.Statistics.csproj.user,other,.user,523,d4487a39ebd302520b47ffa55a67dcdca8e92e8bed967e4cdda68d5e6767aedd
forms/Form_Main.Statistics/Program.cs,source,.cs,203,a74d3d4685adb24dd76faddbfa219d3b67aa1c6ff441d842e94ee90d8eec2990
forms/Form_Main.StreamDMA/Form_Hybrid_CPU.cs,source,.cs,1218,734f194dce42e2a5cc20840e5bbc892ee06d995a6bc38cbd8fa5f84919393c4b
forms/Form_Main.StreamDMA/Form_Hybrid_CPU.Designer.cs,source,.cs,9013,6a5164be3e2b2e7c8dad51ea99ed5d4ac62cb3da031dbd0b85a7dbf4596b61cb
forms/Form_Main.StreamDMA/Form_Hybrid_CPU.resx,other,.resx,6239,5c4aef85e268fee97eccef08611826e91f9a4a407c64bce5b616ba932c3b9df6
forms/Form_Main.StreamDMA/Form_Main.StreamDMA.cs,source,.cs,10943,9e0513342a9cd7455ca81bf82d9a32c3e5f3c9296b76f281894b32694a662bba
forms/Form_Main.StreamDMA/Form_Main.StreamDMA.csproj,project,.csproj,403,b183635f10c39322dae10c0f3532d4b1c2eee1b5226ca5a51a16b88bc801a4e1
forms/Form_Main.StreamDMA/Form_Main.StreamDMA.csproj.user,other,.user,383,cc61d94259e36381c5afde3233d6c9a64f0f60b22e7ae9a9208f5768d5c0b9af
forms/Form_Main.StreamDMA/Program.cs,source,.cs,203,a74d3d4685adb24dd76faddbfa219d3b67aa1c6ff441d842e94ee90d8eec2990
forms/Form_Main.VMXView/Form_Hybrid_CPU.cs,source,.cs,1218,734f194dce42e2a5cc20840e5bbc892ee06d995a6bc38cbd8fa5f84919393c4b
forms/Form_Main.VMXView/Form_Hybrid_CPU.Designer.cs,source,.cs,5319,b0eaec1ed6fdd00373d945f8ec9e8d97db69040eb9e4a034e6cc434ddaf4cd1c
forms/Form_Main.VMXView/Form_Hybrid_CPU.resx,other,.resx,6239,5c4aef85e268fee97eccef08611826e91f9a4a407c64bce5b616ba932c3b9df6
forms/Form_Main.VMXView/Form_Main.VMXView.cs,source,.cs,1083,8abcebc7d529babce8fe4aa6d84ae8f08793d04af3ea7d958cfe7f9ffe8c51de
forms/Form_Main.VMXView/Form_Main.VMXView.csproj,project,.csproj,403,b183635f10c39322dae10c0f3532d4b1c2eee1b5226ca5a51a16b88bc801a4e1
forms/Form_Main.VMXView/Form_Main.VMXView.csproj.user,other,.user,381,81aa679005308ccc86a4f3a21db72f9f0a259316b58028c337d06710303c95f5
forms/Form_Main.VMXView/Program.cs,source,.cs,203,a74d3d4685adb24dd76faddbfa219d3b67aa1c6ff441d842e94ee90d8eec2990
forms/FormProjects.Compatibility.cs,source,.cs,2518,154803964e372a8e6143683b796b5fdcd51d429a420e38f58f1378c029da2b24
forms/New_Form_FSP_Scheduler/Form_Hybrid_CPU.cs,source,.cs,17116,cdc760010e386b54d8876661e43296db86d1ece8d28960004abcc84f944f3f86
forms/New_Form_FSP_Scheduler/Form_Hybrid_CPU.Designer.cs,source,.cs,9524,efb94d693b7858a9cda3f0160e6d532fd4639363c73767c7697f9c01fd58d4c5
forms/New_Form_FSP_Scheduler/Form_Hybrid_CPU.resx,other,.resx,6239,5c4aef85e268fee97eccef08611826e91f9a4a407c64bce5b616ba932c3b9df6
forms/New_Form_FSP_Scheduler/New_Form_FSP_Scheduler.csproj,project,.csproj,542,1e864667a36c25d55b5f253242802dfad7aaed1c1f1904aa906ee9b832c56f0b
forms/New_Form_FSP_Scheduler/New_Form_FSP_Scheduler.csproj.user,other,.user,643,716b573f0eb1c9d5af6aed13d0778da59d99a9fbab879cff812f317e03c7683c
forms/New_Form_FSP_Scheduler/New_Form_FSP_Scheduler.Events.cs,source,.cs,481,9a4c4c0c89eb43a2956301301b24a612c9986c6607c56f5feee40e256772cb17
forms/New_Form_FSP_Scheduler/New_Form_FSP_Scheduler.Visualization.cs,source,.cs,9432,631351d10329dd9d9e3b3d617dd1f2085bace6f8a6883885e582655a66e8d3e7
forms/New_Form_FSP_Scheduler/Program.cs,source,.cs,203,a74d3d4685adb24dd76faddbfa219d3b67aa1c6ff441d842e94ee90d8eec2990
forms/New_Form_Pod_NoC/Form_Hybrid_CPU.cs,source,.cs,11971,fe3776b6b285d52c8fe42613418ea3694cb70d06f80a2f98935d94ae942f5403
forms/New_Form_Pod_NoC/Form_Hybrid_CPU.Designer.cs,source,.cs,7065,850f5d31d6a3463e0fb05aea907d68e81610e80499c3d3a83bc685ed8750e7e0
forms/New_Form_Pod_NoC/Form_Hybrid_CPU.resx,other,.resx,6239,5c4aef85e268fee97eccef08611826e91f9a4a407c64bce5b616ba932c3b9df6
forms/New_Form_Pod_NoC/New_Form_Pod_NoC.csproj,project,.csproj,569,bf58926215507072f521eb365829bbeeeb6d669421765a661f4e0c8fe0d97b8a
forms/New_Form_Pod_NoC/New_Form_Pod_NoC.csproj.user,other,.user,526,d13e8cd68652b2a2de1e55788a4ecea4d83e7f7b304151666cc6855a51835dc8
forms/New_Form_Pod_NoC/New_Form_Pod_NoC.Events.cs,source,.cs,396,c8885e816ae744c30858812ea92c8126e3a0e6a26544bc8e9361878dc6f05303
forms/New_Form_Pod_NoC/Program.cs,source,.cs,203,a74d3d4685adb24dd76faddbfa219d3b67aa1c6ff441d842e94ee90d8eec2990
forms/New_Form_SafetyVerifier/Form_Hybrid_CPU.cs,source,.cs,23748,6c29bc5e9a1bfafdd8a8810d2ee3be744812a23bf4dd98c26afc7ac018068119
forms/New_Form_SafetyVerifier/Form_Hybrid_CPU.Designer.cs,source,.cs,13161,754bdb9aeb5762ff5a4e5a1ddbd0c611a0003aef01d355fa1f251ec7dde1cc51
forms/New_Form_SafetyVerifier/Form_Hybrid_CPU.resx,other,.resx,6239,5c4aef85e268fee97eccef08611826e91f9a4a407c64bce5b616ba932c3b9df6
forms/New_Form_SafetyVerifier/New_Form_SafetyVerifier.csproj,project,.csproj,440,1d78d607f6e072cde3bfbd6508ee6b926071bbc2b12d3f593076cecab1542fff
forms/New_Form_SafetyVerifier/New_Form_SafetyVerifier.csproj.user,other,.user,394,96cdcda1c7fa4bbdd42ea3040997c9cc6dd229a1462dc003c54a0918b7d9da19
forms/New_Form_SafetyVerifier/New_Form_SafetyVerifier.Events.cs,source,.cs,424,440bbbc6047058d13a2895f4c0ce11027e39001a1a3109122f118559d4f6e7b3
forms/New_Form_SafetyVerifier/Program.cs,source,.cs,203,a74d3d4685adb24dd76faddbfa219d3b67aa1c6ff441d842e94ee90d8eec2990
forms/New_Form_SMT_ThreadViewer/Form_Hybrid_CPU.cs,source,.cs,24307,7b3fbb4eb3d734929a6878cd9f1cf6f96f903a9196e99277c4a5ab6d1f3d6e96
forms/New_Form_SMT_ThreadViewer/Form_Hybrid_CPU.Designer.cs,source,.cs,25818,93dac909bbf6097f982aec3719390941ff1f5591cec48c849b323cbaaa6106d4
forms/New_Form_SMT_ThreadViewer/Form_Hybrid_CPU.resx,other,.resx,2813,ebb3417372d58647e50f45c52a62cdc0cefd58b4b65bb02248eb99a4db97461b
forms/New_Form_SMT_ThreadViewer/New_Form_SMT_ThreadViewer.csproj,project,.csproj,513,d616599303ee6266278d281468f551aa280b1316ac390178d3f46ef35ad4d420
forms/New_Form_SMT_ThreadViewer/New_Form_SMT_ThreadViewer.csproj.user,other,.user,396,0269071422ca788843fe0dcc6cc9c6e4deaccfae2221796d2d9877a2917fd06d
forms/New_Form_SMT_ThreadViewer/New_Form_SMT_ThreadViewer.Events.cs,source,.cs,7465,bde7257c114f80e8b5b6447dd179b5b614391d14df2f3fa64253963a0a7f7903
forms/New_Form_SMT_ThreadViewer/Program.cs,source,.cs,343,293cf30dc2d0100c36bedd9bf7a0f30f3d67013321ab035348e5c613d8a699d2
global.json,config,.json,85,f368191a0d8b7510fcb3fc6a0bbadbd728b50fbefa0315e62bb87c59cb72dc58
HybridCPU v2.slnx,project,.slnx,2589,2f7d0645ffcde7975d0d2cf11c8f757b5a861dcdfadf112b0a650675efbceb87
HybridCPU_Compiler/API/Compilation/CompilerResultStore.cs,source,.cs,719,a0e4b34d9c6df0704d879ddadae1d0de38d9c01692650ffaec64841e1d7b2ded
HybridCPU_Compiler/API/Compilation/HybridCpuCanonicalCompiler.cs,source,.cs,12956,e3cff4d4d5732361c79a306c55ca59779bcba156afbef576916c70c7602d1e92
HybridCPU_Compiler/API/Facade/AppAsmFacade.cs,source,.cs,34583,6e3b16b7aeec10a3a8eb5fbd378b00dcbeeaebe23df819d18bf812ab734fcb83
HybridCPU_Compiler/API/Facade/AsmFacadeTypes.cs,source,.cs,1553,ffeab20b07265878e7e23189922c96b96f4d632b4f298d297b60136c3fa87406
HybridCPU_Compiler/API/Facade/ExpertBackendFacade.cs,source,.cs,1835,2b9e304ce0d542895c9f2c3ba1a46d8e33a6753c1a0953a4d8f2672b63745041
HybridCPU_Compiler/API/Facade/IAppAsmFacade.cs,source,.cs,8615,60d357e927d0f466eabf9859a4c3465ab938cfad6a2b8d9059ea300c19eb5595
HybridCPU_Compiler/API/Facade/IExpertBackendFacade.cs,source,.cs,953,9be017a7bd6e331ee78a4db424ae82c9f35732a574dda9dccc5718d07d56a61c
HybridCPU_Compiler/API/Facade/IPlatformAsmFacade.cs,source,.cs,1173,e35c94390fd2a8cab4db1175cd8176d3d73e815fae50e8d29ec926d6e739a278
HybridCPU_Compiler/API/Facade/PlatformAsmFacade.cs,source,.cs,4374,c2f5a8c0b12618675c8d070f99d39bf9721f54b4946c5e698ef5f8df5982bd2b
HybridCPU_Compiler/API/Frontend/Directives/HybridCpuCompilerDirectives.cs,source,.cs,14620,f6777d1c8b05e29627b35358cf642c99487f1db1c17822c20588fa1a07b5a98e
HybridCPU_Compiler/API/Multithreaded/HybridCpuMultithreadedCompiler.cs,source,.cs,22065,6ebd43e7747d85c12f6a949b37f098985bf79ff6bb4fb245f74552fbdd4051e5
HybridCPU_Compiler/API/Multithreaded/HybridCpuMultithreadedCompiler.IR.cs,source,.cs,896,b4e573b6c8ec553d2e07633c8ffa69c3dc8d94e5d7d086b60ae198fd06d0850e
HybridCPU_Compiler/API/Multithreaded/MultithreadedCompiler.Canonical.cs,source,.cs,1099,bb8f3c766535d5c6e2de72ea10f910c1b98d0d2b450055770b836459a811118a
HybridCPU_Compiler/API/Multithreaded/MultithreadedCompiler.CanonicalEmission.cs,source,.cs,1545,f5a1b347713cc55c2e51739b7a97e421f44853122b0fda3602017b7d5e1b16ca
HybridCPU_Compiler/API/Multithreaded/MultithreadedCompiler.CanonicalMetrics.cs,source,.cs,1275,9f8ae4add426dd8de7e9e07eb6e6f2d6e290f8a19d6653d3d64c6f8cfc195934
HybridCPU_Compiler/API/Threading/HybridCpuThreadCompilerContext.cs,source,.cs,27258,a4af7d97e669694e0984e39ee1740b092f94152811b72b5f0bcc7995513b49be
HybridCPU_Compiler/API/Threading/ThreadCompilerContext.CanonicalCache.cs,source,.cs,1253,bda6ae2811b4561c208f313b661205a896aa41e15e0d755b6672ecfd338c6452
HybridCPU_Compiler/API/Threading/ThreadCompilerContext.Compilation.cs,source,.cs,748,18e8a89fff6c2f5edad7bf154c2938379f61ab94db25ac2cc5a10b1aaf7acc36
HybridCPU_Compiler/API/Threading/ThreadCompilerContext.ControlFlow.cs,source,.cs,4055,d83f479ed6c2cfb8aa8654e4a7fd347b54ef7dbf1673bad903b2699b90e8e38a
HybridCPU_Compiler/API/Threading/ThreadCompilerContext.IR.cs,source,.cs,786,20c720da29e0dbb6aab66685c64f5e202eede9de3a3d0b221b705dfc831a3b42
HybridCPU_Compiler/API/Threading/ThreadCompilerContext.MatrixTile.cs,source,.cs,4653,be6434de02fe3ee54ebd987b7e19b5d655608fd71fdf452b09714edcd68b21ea
HybridCPU_Compiler/API/Threading/ThreadCompilerContext.Metadata.cs,source,.cs,8266,ee8d25ff0d34097304fd4698cd18e87fca3e3369c3555035d64d06a66e2a35dd
HybridCPU_Compiler/API/Threading/ThreadCompilerContext.Mutation.cs,source,.cs,3730,afc12ccf52a6f2a866ab41c20ec2b311ec5304245753976198f69d118854d0d6
HybridCPU_Compiler/Core/IR/Admission/HybridCpuBundleBuilder.cs,source,.cs,5586,730d5dc66a51713f0d3594e557a474a49b3a950725494ab28403f454f1893a24
HybridCPU_Compiler/Core/IR/Admission/HybridCpuStealabilityAnalyzer.cs,source,.cs,6061,494be719fbc71d2eb2315f2f1e52aaab2974f1e573a896ba795345f97d936451
HybridCPU_Compiler/Core/IR/Admission/HybridCpuTypedSlotFactsEmitter.cs,source,.cs,5487,6a2ed20098c6156cb632fe25892b904aa1934e9c283af82020e61c0e2075ce3b
HybridCPU_Compiler/Core/IR/Admission/SafetyMaskDiagnosticChecker.cs,source,.cs,10288,5c7b6363693f421d788697a4bceeed3636f9665b2bd0fca27cc37e93c307f13c
HybridCPU_Compiler/Core/IR/Analysis/ParallelRegionDetector.cs,source,.cs,12619,0fe2e78bb85f9d63a9f92d8f4f6f069777d6e068c4012395c82fc59b0d622f97
HybridCPU_Compiler/Core/IR/Bundling/HybridCpuAdjacentBundlePlacementPolicy.cs,source,.cs,8073,9d9f879a232caf1dacc52619257ca35168778ae4ed9f947a282ab23e303fa1ce
HybridCPU_Compiler/Core/IR/Bundling/HybridCpuAdjacentBundleTripletPlacementPolicy.cs,source,.cs,8528,1ce0f3e0e16fb201e0fbbf0ef2129dd63de063bfa51503554ca6a64ada803a80
HybridCPU_Compiler/Core/IR/Bundling/HybridCpuBasicBlockPlacementPolicy.cs,source,.cs,8293,e3d1f058cd246aef696e957fc7a6c7610495a64f787e41cb5867d0b35d46de87
HybridCPU_Compiler/Core/IR/Bundling/HybridCpuBundleFormer.cs,source,.cs,27910,28e88a7fd68ebf18a76e35c6c33f3746dccd4e24f7aa8fc23b36c42027d3fd97
HybridCPU_Compiler/Core/IR/Bundling/HybridCpuBundleLowerer.cs,source,.cs,14893,b4e6a9f56cf3892ea46d3ff13f799a6cf632284f4bd29d168b83111a6fc015cb
HybridCPU_Compiler/Core/IR/Bundling/HybridCpuBundlePlacementPolicy.cs,source,.cs,6740,8d64cf0e3a4b29c6c6e8690c5d1d46a3c191859e93e418263ca7edfd8514e2bb
HybridCPU_Compiler/Core/IR/Bundling/HybridCpuBundleSerializer.cs,source,.cs,1915,4c2ab1beef7353776de8d0509605d119775ff2f0047ff5d80ff156d855d65176
HybridCPU_Compiler/Core/IR/Bundling/HybridCpuBundlingQualityEvaluator.cs,source,.cs,12132,69275a5d12872adb8b0715f842a1092a8ddc70e48c5fd69a3a95d1849505b2c8
HybridCPU_Compiler/Core/IR/Bundling/HybridCpuClassCapacityChecker.cs,source,.cs,4956,fa41e2b3af08232244b1b5340161f03bdf3eee9837541f171df87e48e297f6f6
HybridCPU_Compiler/Core/IR/Bundling/HybridCpuControlFlowRelocationResolver.cs,source,.cs,6309,3f6ab698e7139d7b5181e35943896d23285fd8e4a8871a274193104929887326
HybridCPU_Compiler/Core/IR/Bundling/HybridCpuLateLaneBinder.cs,source,.cs,5693,742dc23c1ab885d9acb2a42ff84599e20f3cfe5c75dc79049e9357baaf475a9e
HybridCPU_Compiler/Core/IR/Construction/CompilerMatrixTileEmissionLowerer.cs,source,.cs,18188,bffe83f64858d0a44b0cfdb5a2dd8ae6b9c1029942e3384afda67d47ca3596d6
HybridCPU_Compiler/Core/IR/Construction/HybridCpuIrBuilder.ControlFlow.cs,source,.cs,17016,d0574dab096c5df2420f769cab91d4fb4d77d5f8d1ac10362bbe8eac3b58ba3c
HybridCPU_Compiler/Core/IR/Construction/HybridCpuIrBuilder.cs,source,.cs,45179,8b4d095c080e29e2ad87324e2bd8e135fe44fabc14c452c09d7303e1e6f4adcf
HybridCPU_Compiler/Core/IR/Construction/HybridCpuIrBuilder.Metadata.cs,source,.cs,8926,a1a0b4c37aab1d50bc301677a184118adfeb43e3b86c63a43b9e83b6f03a4e6e
HybridCPU_Compiler/Core/IR/Construction/HybridCpuIrBuilder.ProgramContainers.cs,source,.cs,15948,6763507bdbd1f2414f7a5c640a670d60f89ecb0e357e867506079ad240472caa
HybridCPU_Compiler/Core/IR/Construction/HybridCpuIrBuilder.Symbols.cs,source,.cs,6870,5dac36c1cbdac37980124ac703d5f6784b6776f24f4a1c7a26dbf1e082db0fc5
HybridCPU_Compiler/Core/IR/Decomposition/CoordinatorFunctionSynthesizer.cs,source,.cs,8127,6e0ed0ff8d745f0b47dac92ac70774357192e2245c84ec8154bed9fa5ddaf4d4
HybridCPU_Compiler/Core/IR/Decomposition/ParallelForCompiler.cs,source,.cs,13116,b822b859aec5955bf9d3886a3ee7430194121003ccb36c58536b0e9a7ed195b9
HybridCPU_Compiler/Core/IR/Decomposition/PartitionPlanner.cs,source,.cs,7135,65504343b5e601b93e3d7a72713e0f876f053b793802d17431a5606251c3aa85
HybridCPU_Compiler/Core/IR/Decomposition/WorkerFunctionSynthesizer.cs,source,.cs,9620,109df42fba5fb5bf9c01d31192d3e0a5a053b1d3acf34399686f37ba1e39c04c
HybridCPU_Compiler/Core/IR/Hazards/HybridCpuBasicBlockDependencyAnalyzer.cs,source,.cs,10391,3c923bb4800f52f1a12455cdcf3650592bc78af99d3ef7e2913a867ef2b7c0d5
HybridCPU_Compiler/Core/IR/Hazards/HybridCpuDependencyAnalyzer.cs,source,.cs,12997,8e779b228adb56b439affb54d934d1620da1ec4f9f3d18c4af06280c8d6538d8
HybridCPU_Compiler/Core/IR/Hazards/HybridCpuDependencyLatencyMatrix.cs,source,.cs,6025,d322050475fa05335fe3b455c8b3241732b52098b037d32b8d69054108dcdb78
HybridCPU_Compiler/Core/IR/Hazards/HybridCpuDependencyOperandClassifier.cs,source,.cs,548,892051afd5a5fcbb77a9ee856a828825e2edc4c1f26376bf814374175c0cd6f9
HybridCPU_Compiler/Core/IR/Hazards/HybridCpuHazardModel.cs,source,.cs,7490,84969fee55890a9d4ecd34aebf19ff79cd2672e2b5435e66de836814a014a601
HybridCPU_Compiler/Core/IR/Hazards/HybridCpuInstructionLegalityChecker.cs,source,.cs,22137,0f91e44f720497502d1e7645c26803b382515f2fecb99c8edcc8b6205e9a3c98
HybridCPU_Compiler/Core/IR/Hazards/HybridCpuInterBlockDependencyAnalyzer.cs,source,.cs,11123,672c2ea2ad4fbca29b3c8e25389f4d5f127daa955040e65f7738750cfa90ce12
HybridCPU_Compiler/Core/IR/Hazards/HybridCpuOpcodeSemantics.cs,source,.cs,11775,64544c3e417ef5f32b711a792c1d5f9b660d7c0b8f0c42fb02c14c6ea8e155fb
HybridCPU_Compiler/Core/IR/Hazards/HybridCpuProgramDependencyAnalyzer.cs,source,.cs,904,c9b971f6721c7d02a45496237865d189f1f11171ce7212747243ef2018479c62
HybridCPU_Compiler/Core/IR/Hazards/HybridCpuRegisterDependencyGuard.cs,source,.cs,1712,a4f07863ec38d9c36f44ef7b2ea9341c2ace384748b0daeb44903a753c7535e8
HybridCPU_Compiler/Core/IR/Hazards/HybridCpuSlotModel.Analysis.cs,source,.cs,3853,74612233c9c6a5b1c949862fe89ab1dddd940d3549619447ad40e070c6592787
HybridCPU_Compiler/Core/IR/Hazards/HybridCpuSlotModel.BundleSearch.cs,source,.cs,9818,8386628b38b4eb72f66eeee0a0093200600ff3e7f2b94ace9584b6aeae817165
HybridCPU_Compiler/Core/IR/Hazards/HybridCpuSlotModel.Helpers.cs,source,.cs,19510,fd085bd3a07f3fe27c6e6bb38d0d8be87759bd5035b29615377a7adc2cc139eb
HybridCPU_Compiler/Core/IR/Hazards/HybridCpuSlotModel.ProgramSearch.cs,source,.cs,20227,5332c4bee7d256d55e6587b7143d17fb7e9c2cf0ecda943631c8cee81ba7e731
HybridCPU_Compiler/Core/IR/Hazards/HybridCpuSlotModel.TieBreakContext.cs,source,.cs,735,e8bc87c03d3ee84bee267e7d247d4bb2619d40d54b3ea64a32897b63e5956874
HybridCPU_Compiler/Core/IR/Hazards/HybridCpuStructuralResourceModel.cs,source,.cs,9373,0ab3e6d319399081ce9c9b86c5c744f095efa8e9880c8971ee4fdf1b46bc6315
HybridCPU_Compiler/Core/IR/Model/AdmissibilityRuntimeVocabulary.cs,source,.cs,6224,4522f6a297f40197ded014fe63d5dec39288df3a2ba9a235270c291b5c0810c6
HybridCPU_Compiler/Core/IR/Model/CompilerBackendLoweringContract.cs,source,.cs,9503,00e95d2778b205f48604396e9b1927a5866998f228fc926d17cf2da835950423
HybridCPU_Compiler/Core/IR/Model/CompilerDeferredScalarAbiContract.cs,source,.cs,16922,32cd62f29a495f0e271aa9370ea4b4baa870fe9a1c9210e8049f9478133d8b69
HybridCPU_Compiler/Core/IR/Model/CompilerLane6DeferredAbiContract.cs,source,.cs,56968,c7b680cd77a50c9dc384ec9b61814baf592c3c36df65281b1fc99898d115f051
HybridCPU_Compiler/Core/IR/Model/CompilerLane7AcceleratorControlAbiContract.cs,source,.cs,12543,39919e90e56267693b2fda240eac4d7641c53effe7f94bb3ae0d6ddc284fc059
HybridCPU_Compiler/Core/IR/Model/CompilerLane7CacheTlbIommuAbiContract.cs,source,.cs,11322,fccf60040d857f71bb5ef748c6feeaea5e4446619abc841d7c861f1f85d2edfb
HybridCPU_Compiler/Core/IR/Model/CompilerLane7CounterHintAbiContract.cs,source,.cs,9809,5edd05dd6f9b5e6d3a8153bc1d282986922834736de5afc1110f63ce447720db
HybridCPU_Compiler/Core/IR/Model/CompilerLane7DeferredAbiContract.cs,source,.cs,45884,930abb51ac3d3f49e036267d8b1ae994642fc199600ac373e7f48970caaf473c
HybridCPU_Compiler/Core/IR/Model/CompilerMatrixTileOptionalDisabledAbiContract.cs,source,.cs,15655,9d795477af52a63945b64047fa569d3ae0b031594cfe6ddbf1ac90f4fd583959
HybridCPU_Compiler/Core/IR/Model/CompilerMatrixTilePositiveEmissionAbiContract.cs,source,.cs,16645,b7a03c860bd507eead0d8d876cc693274db1a871c347a51dd5681e38613272b9
HybridCPU_Compiler/Core/IR/Model/CompilerNonVmxScalarCapabilityModel.cs,source,.cs,1997,89887030ceaebf1e208b96d0f99f9f42dd859607ecebb444e073f4b7a8617a0d
HybridCPU_Compiler/Core/IR/Model/CompilerSystemCounterAbiContract.cs,source,.cs,8616,e4d9809872a513620bfbda9427ff66d25b112be78cd9090502583f281674d12c
HybridCPU_Compiler/Core/IR/Model/CompilerVectorHelperClosedAbiContract.cs,source,.cs,26219,6d899c27774675de973987a9deae17d4cefb20a54c2b60ca4c7ee3fa168812af
HybridCPU_Compiler/Core/IR/Model/CompilerVectorVlmBlockedAbiContract.cs,source,.cs,84165,e99a0bee3f81ce89adf2b8ff959b9846443bbed39482e775f3ee060e960ca9b5
HybridCPU_Compiler/Core/IR/Model/ControlFlowGraph.cs,source,.cs,316,c8c017344cafb039db6787422f1f232d85ed3d0abdbbe083ec07491c175dfae6
HybridCPU_Compiler/Core/IR/Model/HybridCpuCompiledProgram.cs,source,.cs,6913,d8b675d15d331ae3451642c83fe12ac1e587e9754f273557c5ac7ea070427568
HybridCPU_Compiler/Core/IR/Model/IrAcceleratorModels.cs,source,.cs,12286,ff3b8cb2fc1a8051a5c701efb2580f859451c62d7a8253c756f84134708eb34f
HybridCPU_Compiler/Core/IR/Model/IrAdjacentBundlePlacementCandidate.cs,source,.cs,3244,53be0ff484c18d92e9710ac8b62718c14ab4cdb678fb196ac331d735a3e829cd
HybridCPU_Compiler/Core/IR/Model/IrAdjacentBundlePlacementQuality.cs,source,.cs,3007,7b3bf52d32c8c6dd86d031f90ed08842be7877b09b6e38b99591afc941f6791f
HybridCPU_Compiler/Core/IR/Model/IrAdjacentBundlePlacementSearchResult.cs,source,.cs,2789,42557c8d371122c7586eb6d6b127ed9846d8a8e92e6b0322991383893ad0caa4
HybridCPU_Compiler/Core/IR/Model/IrAdjacentBundlePlacementSearchSummary.cs,source,.cs,551,76ddf580cbe73b9caedc0575e45e644cd48bbd3ccac6e28b777e37dbe1a5bf15
HybridCPU_Compiler/Core/IR/Model/IrAdjacentBundleTripletPlacementCandidate.cs,source,.cs,4521,330b03ca474200a1a2e381f34d3ad543c9a40e4bad5c471d21728d5ba89378c7
HybridCPU_Compiler/Core/IR/Model/IrAdjacentBundleTripletPlacementQuality.cs,source,.cs,3685,2787ed9f32cd2b6ca07cf0c9689627ba1aff5cad40106ff3f1c12b7475e588fe
HybridCPU_Compiler/Core/IR/Model/IrAdjacentBundleTripletPlacementSearchResult.cs,source,.cs,3335,c576fbd57b522b278f1ba3e51a6ecc17cde434d6beb126f8c6c5b353ee9355cf
HybridCPU_Compiler/Core/IR/Model/IrAdjacentBundleTripletPlacementSearchSummary.cs,source,.cs,590,710f7dcc9ba44414f2e25eee2c1e574626597cff0df1108311f60509b26244bf
HybridCPU_Compiler/Core/IR/Model/IrAdmissibilityAgreement.cs,source,.cs,4561,769b675a7eb67694e2b96a9c6c7502560b3e841a556be4773b79bbe30bf3576a
HybridCPU_Compiler/Core/IR/Model/IrBasicBlock.cs,source,.cs,748,9925315ff3020842859bab4cca5c6e5d06582e7c3cebc91726630c521b82d2aa
HybridCPU_Compiler/Core/IR/Model/IrBasicBlockBundlingQuality.cs,source,.cs,4296,ad6a90174337a1811d9a1527ae75d7e2c86b35ea4ab8cb08a04182e1221c504f
HybridCPU_Compiler/Core/IR/Model/IrBasicBlockBundlingResult.cs,source,.cs,2172,258b05d8d485e94bff4aa7b0c63cd32da57ee7899d474a21383181ed18b7ad47
HybridCPU_Compiler/Core/IR/Model/IrBasicBlockDependencyGraph.cs,source,.cs,4552,ff68c71ce9be462ed53038e00d5fac83895232ef6e9284d423acbc804bdb83d0
HybridCPU_Compiler/Core/IR/Model/IrBasicBlockPlacementCandidate.cs,source,.cs,2967,78dd0446e572a7da097a7d9271cb18d6c5262406539284a9965fa967b63d6c81
HybridCPU_Compiler/Core/IR/Model/IrBasicBlockPlacementQuality.cs,source,.cs,4243,51e3f00d0187cbea758cb126da71c3a57bac3be255077e9f683e7eb2dea825b9
HybridCPU_Compiler/Core/IR/Model/IrBasicBlockPlacementSearchResult.cs,source,.cs,2428,585c9279ac3f2d0a88bbd7334a13385d8e0b9158136cec838ffde0e136391154
HybridCPU_Compiler/Core/IR/Model/IrBasicBlockPlacementSearchSummary.cs,source,.cs,533,ef46a48ba0dfb59fa45a22fb0f4a701dacaefa0f309338014e7707fee14ecaea
HybridCPU_Compiler/Core/IR/Model/IrBasicBlockSchedule.cs,source,.cs,3848,33f8e86797d1e6488ad4fd6f7074492b09763ac6a531946200354019eba95653
HybridCPU_Compiler/Core/IR/Model/IrBasicBlockSchedulingDag.cs,source,.cs,4579,1d6cb777c004ac9396dc3c8cd2a30b3b10dbf14a6f577e77ee09e5af9393ced7
HybridCPU_Compiler/Core/IR/Model/IrBundleAdmissionResult.cs,source,.cs,3959,0d044871643dd1c868565fb6d5875a9ac62df22c6b0b58b9549ffe689b28b345
HybridCPU_Compiler/Core/IR/Model/IrBundlePlacementCandidate.cs,source,.cs,1166,00efbad733775145674858bfbadc045c3b0a524ce6eaf4ef5afe6664a18fbe6c
HybridCPU_Compiler/Core/IR/Model/IrBundlePlacementQuality.cs,source,.cs,5592,144fb08be9ec1530fa8f4d2602dd99d13ab14e4ae1a39961e30d29e927d774ab
HybridCPU_Compiler/Core/IR/Model/IrBundlePlacementSearchResult.cs,source,.cs,3346,e9a2a81864fc029ac6be94e8a79b6f45a9dac293e03011eaa6ab82df2e0df709
HybridCPU_Compiler/Core/IR/Model/IrBundlePlacementSearchSummary.cs,source,.cs,505,ec9eec833c14b33b6c045145523a22bea09c2388ceeb85332173da4ad805b9d1
HybridCPU_Compiler/Core/IR/Model/IrBundleTransitionQuality.cs,source,.cs,1854,b2e43d77217a2b221311610b1c5034e7dd597083c0ef9431894d298447f2a40f
HybridCPU_Compiler/Core/IR/Model/IrCandidateBundleAnalysis.cs,source,.cs,692,9e30244530cdb74375a3b70708cebfe153e297ae164017702f4a2ee74438873b
HybridCPU_Compiler/Core/IR/Model/IrClassCapacityResult.cs,source,.cs,1361,c9c49df7faa918927776246590461a70f6f956e7681d405d5632f71bca378658
HybridCPU_Compiler/Core/IR/Model/IrControlFlowEdge.cs,source,.cs,236,eac198fb2743e28414ed0dd16717ea1df2090ace6a501adb020e182f73e91d15
HybridCPU_Compiler/Core/IR/Model/IrControlFlowTargetReference.cs,source,.cs,592,4851abdab7076f82596d12ae67e7195b3d489dc63cd0686645b6501d1c2c51b6
HybridCPU_Compiler/Core/IR/Model/IrEntryPointMetadata.cs,source,.cs,672,8e73cdc432e0c19c873a9c71230bdd8932001beb26801e3ebe7ca0e75282c8d6
HybridCPU_Compiler/Core/IR/Model/IrEnums.cs,source,.cs,1485,be7ea6496c062c97c83e0de903c4c5f2e8d75b32af3190361d5550ada67d1b36
HybridCPU_Compiler/Core/IR/Model/IrFunction.cs,source,.cs,563,1b675d1068a0ba0a0ea30030390bf3a6615dd2b60504d0f6d6c58b79eef81a2c
HybridCPU_Compiler/Core/IR/Model/IrFunctionSymbolGroup.cs,source,.cs,430,0d8854400c0d2167cfd5cbc0bfb5ed58a782f1f4bc0a0bce5868f33a702ae362
HybridCPU_Compiler/Core/IR/Model/IrGlobalBasicBlockPlacementSearchResult.cs,source,.cs,1935,bf9caf7d9c41d1df4ecb15b472bf7bdfcc41047bacee5e768ad2e2924fd1863e
HybridCPU_Compiler/Core/IR/Model/IrGlobalBasicBlockPlacementSearchSummary.cs,source,.cs,547,8a2991929c3bcfda48ec616f1486604bc86eb07dc701e25ebdd7f46f61d2bc06
HybridCPU_Compiler/Core/IR/Model/IrHazardDiagnostic.cs,source,.cs,1567,89091ecdcb4a4e929365db1ff5edcfbf1676ee957fd69d585003172a64471560
HybridCPU_Compiler/Core/IR/Model/IrHazardEnums.cs,source,.cs,3803,d67d545a94ef161d0dbf0252b90d7ecfd8368025b2f8233c467a85012265c0df
HybridCPU_Compiler/Core/IR/Model/IrInstruction.cs,source,.cs,2720,7250c77fa1363b1f034ad151ac1ba418cbbc40c381d501e6f33c02e97b17d34f
HybridCPU_Compiler/Core/IR/Model/IrInstructionAnnotation.cs,source,.cs,2341,bd27aed77bd81f019e1a1ee6d260989fb7484a1748e333e84ea282e957bcfac4
HybridCPU_Compiler/Core/IR/Model/IrInstructionDependency.cs,source,.cs,758,1a98298f0243582426828b8e391f8fbcacaf03553e2f0c7ac34ba8d98de48f75
HybridCPU_Compiler/Core/IR/Model/IrInterBlockDependency.cs,source,.cs,354,624f38d8fb47e2670d17176be091edbd27a881987ea5fa5c2b4d77cce4e36544
HybridCPU_Compiler/Core/IR/Model/IrInterBlockDependencyGraph.cs,source,.cs,5147,debc9860cf7fe2501fedc727c5d16b61753621691747a8a032b24c7b9d3ecf8c
HybridCPU_Compiler/Core/IR/Model/IrLateLaneBindingResult.cs,source,.cs,380,b473d21c555944c83dd59fb0e7f2a4630a3017a261e076270d4171b6320bb9e9
HybridCPU_Compiler/Core/IR/Model/IrMaterializedBundle.cs,source,.cs,3924,373f52ae67b817a12dd98d50f5b20729c23495c4352bed1361e3db83022c4b78
HybridCPU_Compiler/Core/IR/Model/IrMaterializedBundleSlot.cs,source,.cs,1136,8ad6fe78f38e85612d18bd8f8d258e3545ca5fac4c94a294381900cb1e67bf6f
HybridCPU_Compiler/Core/IR/Model/IrMaterializedSlotAssignment.cs,source,.cs,706,be48abdaf8840390766a6c324044466edbda97deef55ec80d928811348ca44a6
HybridCPU_Compiler/Core/IR/Model/IrMemoryRegion.cs,source,.cs,230,62e93bdaeb08b61d8b2167a450f2b8a6788091f579181140cf27af992a8da90d
HybridCPU_Compiler/Core/IR/Model/IrMetadataDeclarations.cs,source,.cs,754,eab75134286a70bdfd276813093cbb5d4ebe2831079b18cd7d8305508c9f4e69
HybridCPU_Compiler/Core/IR/Model/IrOpcodeExecutionProfile.cs,source,.cs,905,bdd48c3c36ad07dff35f453f9ba5ef755d11f253e6babd074ae8cf3633c8c080
HybridCPU_Compiler/Core/IR/Model/IrOperand.cs,source,.cs,191,5b628945b5c0656c38af2123c2e59468c571fc9f165c00f113db21db78b9b959
HybridCPU_Compiler/Core/IR/Model/IrParallelRegion.cs,source,.cs,3059,ba4dd7d16fcf2c483ea3ac09e1b58cb7e26b6793e54f6bdf7a29a6395c62944a
HybridCPU_Compiler/Core/IR/Model/IrProgram.cs,source,.cs,784,4c942568dc280424e27e2395bd810c2f92ead6fbc1354e48123e5a299a1d1f81
HybridCPU_Compiler/Core/IR/Model/IrProgramBundlingQuality.cs,source,.cs,4555,0b90c452b2c9cd75d17a5efe070efe85dfd97fe6bb99638f6d2d16d677c9af6d
HybridCPU_Compiler/Core/IR/Model/IrProgramBundlingResult.cs,source,.cs,2136,303de7f443aa5055426d44fa64c0ebc868c8cff0a33e72ab45c024a9b01278d1
HybridCPU_Compiler/Core/IR/Model/IrProgramDependencyGraph.cs,source,.cs,3669,f2f69f0a10b81941de6b9b59d7803ceb47b15a59d46d8383d450856b291492f6
HybridCPU_Compiler/Core/IR/Model/IrProgramLabel.cs,source,.cs,408,47716e9c2a8e1393e93ec58fe40a7093074914af7710dbaae34e4850e0a43abe
HybridCPU_Compiler/Core/IR/Model/IrProgramPlacementCandidate.cs,source,.cs,1632,c7ddf95334d5c4dc2785a86ba1eb770cd04f32ca6c404ecfe0a554ecdd37e9f2
HybridCPU_Compiler/Core/IR/Model/IrProgramPlacementSearchResult.cs,source,.cs,2112,0597b55bca69cb39801977b9d96f0b69dcc7dbbb0bbc571b2e7e0ce5f9cf2cc0
HybridCPU_Compiler/Core/IR/Model/IrProgramPlacementSearchSummary.cs,source,.cs,548,db489a6c6541aea89454ad186491fb09c6adf8ba46a8897bf118261c705bbca9
HybridCPU_Compiler/Core/IR/Model/IrProgramSchedule.cs,source,.cs,1941,bf5b7e0d797b016f71887150fa7339e19ef98b14bd94d577ac3760c9ce692661
HybridCPU_Compiler/Core/IR/Model/IrProgramSymbols.cs,source,.cs,7399,6c8b332f7eb8a4334d2a7e220320eab13ae1cc9d3111f0d028b522e64213dc1d
HybridCPU_Compiler/Core/IR/Model/IrScheduleQuality.cs,source,.cs,2467,cf449856da1703ca08a5045fdf74b6790b3f609ed47337df32f25f7aad98d1a6
HybridCPU_Compiler/Core/IR/Model/IrSection.cs,source,.cs,562,662e2d7822ba4197d02a24f4dcce1c2368aeb2d810fe30e56c79a1a9d95a3a07
HybridCPU_Compiler/Core/IR/Model/IrSectionSymbolGroup.cs,source,.cs,470,329c9366d3c0539cd728ac0876344568522d648e5ef4b6382b9654100b237799
HybridCPU_Compiler/Core/IR/Model/IrSlotAssignmentAnalysis.cs,source,.cs,461,e566f4c3fb141d7c5312d7ef9f6538470a487c4b1a0da98df8c9a3fa0864ed96
HybridCPU_Compiler/Core/IR/Model/IrSlotBindingKind.cs,source,.cs,1606,74863357b0cecfcf23e24e6dcbda050b54818c53e0e076b51e8bf90936b5df97
HybridCPU_Compiler/Core/IR/Model/IrSlotClassMapping.cs,source,.cs,3149,751c1861ea0e0d673833289b78e7986cef5f7b71d7e65f2b1c857b0ff522f586
HybridCPU_Compiler/Core/IR/Model/IrSlotMetadata.cs,source,.cs,2982,cc9db013061fee769737bd258232a4810dc499157c2946c27f9edea2cec47327
HybridCPU_Compiler/Core/IR/Model/IrSourceContracts.cs,source,.cs,1000,33d174ed1af5d775313525a533d6c27c9896e53761cc3deb07b361e2e31eea12
HybridCPU_Compiler/Core/IR/Model/IrSourceSpan.cs,source,.cs,2594,3e8222bca823e72f3a38bf49187230a0f27e0d7434b4480a710891e22bed8597
HybridCPU_Compiler/Core/IR/Model/IrStructuralResourceAnalysis.cs,source,.cs,1108,dfb470f4b1ddbbe55bdcbcbe603efadfd0318ec7fa90f0db124637eb057553dc
HybridCPU_Compiler/Core/IR/Scheduling/HybridCpuBasicBlockSchedulingDagBuilder.cs,source,.cs,3166,4a01abf14012a64b6608c3e2b14cf13f54e7966f41fdadb6b00077b7ae1f3fc9
HybridCPU_Compiler/Core/IR/Scheduling/HybridCpuLocalListScheduler.cs,source,.cs,14192,628f1d718690a0cd4209796f7fc2c86b1433cb1f4454326a6a786a35a3da3305
HybridCPU_Compiler/Core/IR/Scheduling/HybridCpuLocalListScheduler.Heuristics.cs,source,.cs,32478,b77a6f48fe96b6442080592d915d8c234ba4d41f61275e9adde6b5acb4dba43b
HybridCPU_Compiler/Core/IR/Scheduling/HybridCpuLocalListScheduler.PostFspScoring.cs,source,.cs,6065,b63b9838adfa553ee9ab1bbff758a820080fec287c1cd0cf9f7eee4b3aa7de03
HybridCPU_Compiler/Core/IR/Scheduling/HybridCpuLocalListScheduler.ProfileGuided.cs,source,.cs,21081,b95aa397364219194beb20aae9064fc43334fa00fa049ef69e4ad150318e1333
HybridCPU_Compiler/Core/IR/Scheduling/HybridCpuLocalScheduleQualityEvaluator.cs,source,.cs,1850,326b351655e71f1c9e733ee109c43fe825016f39ef56c16c16ea7dc86c50655e
HybridCPU_Compiler/Core/IR/Scheduling/HybridCpuProgramOrderLocalScheduler.cs,source,.cs,7013,96b53fece3b9473a826869f3a13f1cd3d4a182881ec2c9d9586bd2325d1f1488
HybridCPU_Compiler/Core/IR/Telemetry/TelemetryProfileReader.cs,source,.cs,27285,c8bc60f0ae2d8fe79bec69219793dcf90026c05131e99c0b5545a8a828cb2845
HybridCPU_Compiler/Core/IR/Telemetry/TelemetryProfileReader.Phase06Eligibility.cs,source,.cs,3417,00775e6383a1089fc2134df1a1dc318e1fc8fee290a47b83076f9375979a569c
HybridCPU_Compiler/Core/Support/HybridCpuBarrierScheduler.cs,source,.cs,9735,dee7eaaa89408115e31a3f0da2d281860dbfb19fc797fc2aca3a6a1a2412966d
HybridCPU_Compiler/Core/Support/HybridCpuDependencyGraph.cs,source,.cs,10121,de34ece3164077015779dc505a64dda5a87f40468ff6bfadb83ef05fa8acbdca
HybridCPU_Compiler/HybridCPU_Compiler.csproj,project,.csproj,993,f3e6ec2f398b3fa2b6d416257509a820344945e8fb122085755527298880da1c
HybridCPU_Compiler/Legacy/VMX-2/Core/IR/Model/VmxCompilerAuthority.cs,source,.cs,13582,d15b595ec87ee24f7a29b8446611793e3da1701e6675bacf6b57189dbe34fbaf
HybridCPU_EnvGUI/Form_Hybrid_CPU.cs,source,.cs,152602,7f3f9bde586d5a036d008555bd5a7cc68b2ca8e12bf505140745109e8684758f
HybridCPU_EnvGUI/Form_Hybrid_CPU.Designer.cs,source,.cs,25261,9fe429f1a1ad37881cc3a23efe85902c811ccfb0a3676b79066ffa801cf16196
HybridCPU_EnvGUI/Form_Hybrid_CPU.resx,other,.resx,6239,758eb1fb48ac244a6de646c7ce712bfaf6f5362c978f843fd7278602290acc65
HybridCPU_EnvGUI/Form_Main.Breakpoints.cs,source,.cs,13065,1f660ed6b1da99005e2f77c3ec7d79fe2aa200f3095725f2b4175c916b83ea6e
HybridCPU_EnvGUI/Form_Main.CompileInit.cs,source,.cs,684,50d48f8a340b9d0975618a119956a6081ffaaf64b60abd8b09a0f3a68d494e06
HybridCPU_EnvGUI/Form_Main.Core.cs,source,.cs,3191,9756c44f0ebe9ae4578c1a16e43978b5a86a13883931b4765cdcb57afa9f899d
HybridCPU_EnvGUI/Form_Main.CSRFlags.cs,source,.cs,7037,65398f01671e38b4dc9e27210631a9d3c18baa03ff87f0363037a08fc2789ba0
HybridCPU_EnvGUI/Form_Main.ExtendedUI.cs,source,.cs,89708,2753d7bb40eb6526f462b55f059d93eac2b030c109a578f089b593bba06a0f84
HybridCPU_EnvGUI/Form_Main.ExtendedUI_Events.cs,source,.cs,1015,d6f4af3f096933813de112a57ab9dd395dae9b3fdb4e2578687ae654f2a53672
HybridCPU_EnvGUI/Form_Main.ExternalModulesBridge.cs,source,.cs,27144,1aa5ca76b7d6f43ed46d5a05def35edb3f673c03fc8fd21035803a1986f7d3d0
HybridCPU_EnvGUI/Form_Main.Init.cs,source,.cs,50994,a52e69a81e32b1c16407b609a025836cd3827da749afdd9d840e789d06b2c7f6
HybridCPU_EnvGUI/Form_Main.MenuActions.cs,source,.cs,4448,dc5851d26f80431475b5da47a7a6594c8e32ac1c7eb77480ea92b4bdad1d72b4
HybridCPU_EnvGUI/Form_Main.ModuleIntegration.cs,source,.cs,5022,871deb562aa637d9942e0000d3db182c0300c02a8be29fb1a2dc62b8ab2eb946
HybridCPU_EnvGUI/Form_Main.ObservationBridge.cs,source,.cs,447,c7d35846b202ee30a01b1b454d0f351bfe4704bf67399e43a77d1f2dcf300e9f
HybridCPU_EnvGUI/Form_Main.RefUiInjection.Generated.cs,source,.cs,15357,55bcd7aa50c2be188febcdbedf4f0e70ae5a865f9f3e480cb543b25316da9f67
HybridCPU_EnvGUI/Form_Main.StatusBar.cs,source,.cs,5378,fb326b40506ab9a1622372bcb086f3e3c36009aa953cf1c170764ca04917a73e
HybridCPU_EnvGUI/Form_Main.Toolbar.cs,source,.cs,2455,4c211f8b00a427a1db51edfad4a4da4777fa261b9cf3b9446b119eb1bbca2560
HybridCPU_EnvGUI/Form_Main.VtStatistics.cs,source,.cs,16130,b208756d8a31aacbcb02280dbdb4d82cd5b48c16a63152ec8b426745826b9e99
HybridCPU_EnvGUI/HybridCPU_EnvGUI.csproj,project,.csproj,3416,df221c3d393c1cd0adcc306deb647de7c27f2af0252ceb0dfef4d665f4d4d6b6
HybridCPU_EnvGUI/HybridCPU_EnvGUI.csproj.user,other,.user,1657,67c8e556030c6c538174cf1696b4ba06f5874d57a47b94765c8a13d473d960f5
HybridCPU_EnvGUI/Program.cs,source,.cs,533,5b7be84d58184a649bb7de05923a54c4fb462aba006a5be858e8a8d3686b1047
HybridCPU_EnvGUI/refUI/00_GUI_Integration_Analysis_And_Roadmap.md,doc,.md,33087,f43765d01f515b8fcc38d420471cb21d5f0af997413e830c2c18feb0e74cfff8
HybridCPU_EnvGUI/refUI/01_Flexible_Integration_Architecture.md,doc,.md,26304,b69eec5eb7d08a124ca6e9894b22f07f86f0228cb44775dadcdcca080cdb141c
HybridCPU_EnvGUI/refUI/02_ISE_StateAccessor_Integration_Examples.md,doc,.md,30840,42fb291f8517b4ea352ffa0cbe61e61be50873cb86ee87a8de97c03e04cdcc44
HybridCPU_EnvGUI/refUI/03_Missing_Modules_Implementation_Plan.md,doc,.md,17449,461f6a3c29ee97ae90e5dcb81a6a9f154bec2f5e6d84877f9ff2a4be20619073
HybridCPU_EnvGUI/refUI/04_Stub_Modules_Enhancement_Guide.md,doc,.md,21456,1c8e2d0b0e208c80b7ad2aa8bb5f7a8655191979f3053416a447122661e12e0a
HybridCPU_EnvGUI/refUI/Compiler_GUI_Integration_Guide.md,doc,.md,19830,94f9733443d22a40f4c9aae60d14b8c427ec1b6218c05559e5d2745a0729cc64
HybridCPU_EnvGUI/refUI/CONTROL_AUTHORITY_INVENTORY.md,doc,.md,900,0fb0358aaa146b2d050d8ac46dba47c9a499638a4f61d34e768dcfde6e6ab086
HybridCPU_EnvGUI/refUI/Form_Hybrid_CPU.md,doc,.md,4463,3fa4d23e68cad0de683ad2e25c9c7d91f26e31ac7b65603fd3b1aedc08b3b34b
HybridCPU_EnvGUI/refUI/Form_Main.CompileInit.md,doc,.md,1932,928ec91f71b986d1ad6b5fb261ee3084776a3043ddcf02938583b3f466960f2e
HybridCPU_EnvGUI/refUI/Form_Main.Core.md,doc,.md,1549,c26c9a40965ee5c117d9b48006c96e1c4d6b58c20e36b4cd553f2960a40bda61
HybridCPU_EnvGUI/refUI/Form_Main.CoreDetails.md,doc,.md,1203,70b094f0b4c09bf240789be9588da21558ef62d22e37a638b985116399ceb708
HybridCPU_EnvGUI/refUI/Form_Main.CSRFlags.md,doc,.md,1532,5d72d22bb1abbc1039428fab1f2612b291c17507d15fd0336444109d98092fbc
HybridCPU_EnvGUI/refUI/Form_Main.ExtendedUI.md,doc,.md,1410,1f1c973b98f6a54a2ba5e7db0662a5f645b9b4564a972050efacef1952f91290
HybridCPU_EnvGUI/refUI/Form_Main.IOView.md,doc,.md,1280,fb827646c48329b564b2b156f038aaf2f8eed79d0f1ceceb36eadc45c6e01ff9
HybridCPU_EnvGUI/refUI/Form_Main.MemoryView.md,doc,.md,1593,65e897e7a66588f867e82c48f85b004e40d8b1c940af499ff2b28425cf57fdf4
HybridCPU_EnvGUI/refUI/Form_Main.OpCodesViewAndEmulation.md,doc,.md,8855,0ef480af480de665e57ad006c55cffd0463a1b4be56ac37a8bbcf767357dbe4b
HybridCPU_EnvGUI/refUI/Form_Main.SourceEditor.md,doc,.md,1711,602763dcff5875c1b33cb9b47f787b919a90cdf9ae753d9dba7b91bc847cc25c
HybridCPU_EnvGUI/refUI/Form_Main.Statistics.md,doc,.md,1356,120048f7adac5d562162ce73f6664ec38bc4495410cc27edd3f3f17d3b40e80f
HybridCPU_EnvGUI/refUI/Form_Main.StreamDMA.md,doc,.md,1419,f0a37b813034c5538d94bcc1c0fae66edff21fc0572faa41d1d033e64077d4cd
HybridCPU_EnvGUI/refUI/Form_Main.VMXView.md,doc,.md,1312,3162cace34581f53cc40a1aa242b64ae36d68de45cee556f509fa99a388d0c28
HybridCPU_EnvGUI/refUI/New_Form_FSP_Scheduler.md,doc,.md,37543,a1e2707c425d9a5b05526e0521938170da4de962576501a4158293334e30d4e0
HybridCPU_EnvGUI/refUI/New_Form_Pod_NoC.md,doc,.md,1118,12421f61d393f8ece9dc1c78625b549741a6b8922be15f0b9dc1b9d12f8047ba
HybridCPU_EnvGUI/refUI/New_Form_SafetyVerifier.md,doc,.md,1426,fcfc8b3c3bf644017699ec487ff895875bd957a8c24de3bc16f7f5cf1722fec6
HybridCPU_EnvGUI/refUI/New_Form_SMT_ThreadViewer.md,doc,.md,24102,fb2e231fe6480ec381a5518b0e4c45ca6f6de2e8bfb665f0d000b208ebc2e003
HybridCPU_EnvGUI/refUI/Quick_Reference_Compiler_Integration.md,doc,.md,5836,60c9742f1721e7b30b8768aeaced8795897284b94bb60dc8734d40b799775bc9
HybridCPU_EnvGUI/refUI/STEP_SIMULATION_IMPLEMENTATION.md,doc,.md,17941,4b5962b0ff87d844096f80804dc7730196b52d7803a52d6e6687b42b661851e9
HybridCPU_EnvGUI/SimpleAsmApp.AppLevel.cs,source,.cs,7626,ab1dc8604359cf9f0462fade9e48a854ddd36a3dd51175c67b61151c8c7b3e9e
HybridCPU_EnvGUI/SimpleAsmApp.cs,source,.cs,18392,84825aa8537898ff9574972da34c29e97a7f0e803f58fbdd96ffada001bfb465
HybridCPU_EnvGUI/SimpleAsmApp.PlatformLevel.cs,source,.cs,45650,e89ac74addd9b0bf571c982227092294020a3fb7f11be7b160b12d8e6b7e0b98
HybridCPU_EnvGUI/vector_exception_modes.asm,other,.asm,7477,36dd2fc153e2632ee5b7de6a1d918ad1c35a9a4482ee6ac6750387ce507a3329
HybridCPU_ISE.Tests/Architecture/Vmx8AbiSnapshotTests.cs,source,.cs,2771,aed3202da5bdb5e42dd45838c031837ab4e437bf7119ecb9c1c1f9dc55ea3e47
HybridCPU_ISE.Tests/Architecture/VmxInstructionMetadataConsistencyTests.cs,source,.cs,9249,2db28f8bc27d3b93daba26e34d7e0963545754d231077dd1e45830ade2e5198f
HybridCPU_ISE.Tests/ArchitectureAndExecution/BaselineModeConfigTests.cs,source,.cs,6835,24ccc2d2b26c354425b3af55ec0be178d81bb9c6e6bb19183a545a2b3f804e9e
HybridCPU_ISE.Tests/ArchitectureAndExecution/IntraCoreSmt4WayTests.cs,source,.cs,18592,f85a2f77ceaf32bcd90aa949b1fc1d09eeaa8bc5c902a95bf3be76835d8f84bf
HybridCPU_ISE.Tests/ArchitectureAndExecution/MicroOpSchedulerTestExtensions.cs,source,.cs,563,386b1e18ab9851f6c9cbdf93b0e55fd128036b6fa84b857a83f9094e5a3ee652
HybridCPU_ISE.Tests/ArchitectureAndExecution/MicroOpSchedulerTestModeTests.cs,source,.cs,12913,b2d32a4b5a78e050d90941900728d0b6c93d9da1240b0ec2c9412a474f235a65
HybridCPU_ISE.Tests/ArchitectureAndExecution/MicroOpSchedulerTests.cs,source,.cs,12623,1a90e518e3fc5ca35880a6ee5ecb2c7b9216e2d6fd087642476a37d3af5e6649
HybridCPU_ISE.Tests/ArchitectureAndExecution/MicroOpTestHelperTests.cs,source,.cs,15800,1d9d11b94bf914c7426cd7d3183858f9a087f11c32aadf411bd8c22c582edf37
HybridCPU_ISE.Tests/ArchitectureAndExecution/PhysicalRegisterFileTests.cs,source,.cs,8296,732abb7f3e564431fd9cce75cd79581eb22ea4305006566a5d68a00b33f73077
HybridCPU_ISE.Tests/ArchitectureAndExecution/PipelineHiddenWriteHazardTests.cs,source,.cs,2714,9f29d7b3ccb1f068a4d1e789c751991656bace5fc7e28f87ba61fd0641caced7
HybridCPU_ISE.Tests/ArchitectureAndExecution/PipelinePONRTests.cs,source,.cs,11378,02277527e20b6580431fa684b886c3d437d04c6425a7f4ef064acb1b1dd3b862
HybridCPU_ISE.Tests/ArchitectureAndExecution/RegisterIdentityTests.cs,source,.cs,3686,005cf159152d7c822c700cf899a53bee909c0c2e8774877aa2c378c71f0ac3db
HybridCPU_ISE.Tests/ArchitectureAndExecution/VLIWDecoderTests.cs,source,.cs,40286,ec7417fa4283293ea41820171dfa6a2ec5064833e16a0087435d0d709a0ad663
HybridCPU_ISE.Tests/CompilerTests/CompilerBackendLoweringPhase11Tests.cs,source,.cs,26286,1ac6a8253a5e13f896e072c18ec5707b7af1cc3fc10563fc3e3b055a9dfbb54b
HybridCPU_ISE.Tests/CompilerTests/CompilerEmissionInventoryTests.cs,source,.cs,254090,427d3caa18702238134e27e60511b85e2de0213a3918f0d5d944f623bdd40150
HybridCPU_ISE.Tests/CompilerTests/CompilerFacadeAbiPhase01Tests.cs,source,.cs,12350,d22b58cde5961f2f58f1275e2e5970871a24768f51c8c751ddbb4155905f3510
HybridCPU_ISE.Tests/CompilerTests/CompilerFacadeControlFlowEmissionTests.cs,source,.cs,15468,0408720cf0de1af1dc1bd2008af665b134b8494b025de8553cc276f32ec879b3
HybridCPU_ISE.Tests/CompilerTests/CompilerMatrixTilePositiveEmissionTests.cs,source,.cs,15888,59d76b5eca407c73d015d06ecfe22aad11154d49b2caaf4d49d6c6e02798df04
HybridCPU_ISE.Tests/CompilerTests/CompilerNoEmissionBoundaryTests.cs,source,.cs,49155,7337c9e2a1217a0eceffde4761b7b83b1469a15a199999d450023ff28fee8d94
HybridCPU_ISE.Tests/CompilerTests/CompilerParallelDecompositionCanonicalContourTests.cs,source,.cs,7286,5a53d342de13e4d6070d57a2dad5122c8475d6ec615d22bdced753b9927ea18b
HybridCPU_ISE.Tests/CompilerTests/CompilerV2Phase08TelemetryFeedbackTests.cs,source,.cs,44481,e4f3bbde850b5b2271b26e888d3d58c8db40c187cd3e5759f524c458e91becb5
HybridCPU_ISE.Tests/CompilerTests/CompilerV3Wave5BankAwareHintTests.cs,source,.cs,11194,9c35cca56fc4e521e86e5a83298a94758884dcb23a342419213f2e7c08aba935
HybridCPU_ISE.Tests/CompilerTests/CompilerV4LsuTruthTests.cs,source,.cs,3454,7f163ca5d399797ae5885a1c530d82aabaa1ec293d1a13e5cbae1cb78769288b
HybridCPU_ISE.Tests/CompilerTests/CompilerV5ContractAlignmentTests.C3.cs,source,.cs,9060,502ca9a67ddb42fea2ea29697ace79d8aa78d0797ea5190f6f884bd6801542fb
HybridCPU_ISE.Tests/CompilerTests/CompilerV5ContractAlignmentTests.C4.cs,source,.cs,28792,2776b13ebf595dc5581e8562ce56a42b16ace97d54d4af596f66906c83733733
HybridCPU_ISE.Tests/CompilerTests/CompilerV5ContractAlignmentTests.cs,source,.cs,28697,3a34c64ecd256f181858a0f756a0512c93430dec112de3fa29357820a8b4fdfd
HybridCPU_ISE.Tests/CompilerTests/DmaStreamComputeCompilerContractTests.cs,source,.cs,10009,ea2d564772fa3bb0a3927f623511d5b9f174b636f2fba861b6b58c363a8afca6
HybridCPU_ISE.Tests/CompilerTests/L7SdcCompilerPhase12Tests.cs,source,.cs,24231,9bc5099bb4cf5db9f58c9dc75a266ba2e1268abe2cdd1d1069d4a5dde62307de
HybridCPU_ISE.Tests/CompilerTests/LegacyInstructionAnnotationBuilder.cs,source,.cs,1179,89aafd49ddb4365b9a4500d851e533741f88a20ef3239f24951e66c9887d69b7
HybridCPU_ISE.Tests/CompilerTests/TelemetryProfileReaderPhase06EligibilityTests.cs,source,.cs,3549,84f80d0e1a45fcb124ab3723f5f66f0dbd4a1c5d51a2b96074bf504316e74e49
HybridCPU_ISE.Tests/EVALUATION_TESTS_README.md,doc,.md,4122,42639a7cb401df9ac3cb9eac947f69eab31d70bc150d1ba7f868b09993ad5b54
HybridCPU_ISE.Tests/EvaluationAndMetrics/PerformanceReportPhase06EligibilityTests.cs,source,.cs,3557,22524a271dcd89bcc848217dff229c610e0c2890c956620b5ca1593cc313b922
HybridCPU_ISE.Tests/EvaluationAndMetrics/PerformanceReportQ1Tests.cs,source,.cs,22934,474c0062c321ef178be4c16b2a586a83357c6fa4d949ada383b4049ca606f195
HybridCPU_ISE.Tests/EvaluationAndMetrics/StreamRegisterFileBypassTests.cs,source,.cs,8907,a4a3c9b3fcb092de8df3395bf53bfeca3db2183086d205e60fb240d112a8714e
HybridCPU_ISE.Tests/FSPAndSpeculative/BankPressureRankingTests.cs,source,.cs,3635,933bda60214e3021f57c0c67235ef881822312e8d7fa03de8374ce9daa25a0ba
HybridCPU_ISE.Tests/FSPAndSpeculative/CounterexampleGuidedRefinementTests.cs,source,.cs,8626,d9bce12909fbbef773161f7be5b0c67eb49c9f1afbffd4ec20f6cc38f9d2c029
HybridCPU_ISE.Tests/FSPAndSpeculative/CreditFairnessTests.cs,source,.cs,9014,3973fa02efedcbebcb13f6d0ff623f2c48b54f6d4b772a48805c7cd71931f5c8
HybridCPU_ISE.Tests/FSPAndSpeculative/DeterminismEnvelopeTests.cs,source,.cs,8365,51b2343948dd2ff8c66860d871011967c40fc2904d940b0f84c588f5da0ac517
HybridCPU_ISE.Tests/FSPAndSpeculative/DeterminismTaxTests.cs,source,.cs,2460,82a62e827caa6c0d4049172447b6afe05044c75321f0b433e089e57f64de4a47
HybridCPU_ISE.Tests/FSPAndSpeculative/DomainIsolationStressTests.cs,source,.cs,2441,2c00b0e917da4e6fd56e1e15a4edd2650d7977190d904e0caff8ac1fdaf03122
HybridCPU_ISE.Tests/FSPAndSpeculative/FSPPerformanceMetricsTests.cs,source,.cs,40240,f0f4b93c62b0e859df66b3e957963461cb79f74dfbb4580f5924d1a9baa5c142
HybridCPU_ISE.Tests/FSPAndSpeculative/IntercoreFSPTests.cs,source,.cs,10810,39272d04cc7e0a2a339ad8ccf332fba6327aa88ec72ad57c982790cb9eb12eb4
HybridCPU_ISE.Tests/FSPAndSpeculative/LoopPhaseTelemetryTests.cs,source,.cs,4458,1083491b3c8bdfa099db05b8cd01abd51d8f1745be5751f0d3991637371de52d
HybridCPU_ISE.Tests/FSPAndSpeculative/OracleGapAnalysisTests.cs,source,.cs,5988,5fc5a623805b44cb2ca0998c84ef8368bcd3df15efbb10e2210bf0c7d4414c0a
HybridCPU_ISE.Tests/FSPAndSpeculative/Phase4PerformanceReportTests.cs,source,.cs,5176,0acb200deda9206ede1da02712388de5c4b53154de048131adb97b56eb1043c9
HybridCPU_ISE.Tests/FSPAndSpeculative/PhaseCertificateReuseTelemetryTests.cs,source,.cs,4462,d0982752a130fdbdac722fec0e12901a41797ca3ec6cd9d9984e023b9950e601
HybridCPU_ISE.Tests/FSPAndSpeculative/PhaseCertifiedBundlePackingTests.cs,source,.cs,4952,57a8f5b23073f40a6cf80e1e81a167c4b4b534232cc34ada7b80bfaa91e748ed
HybridCPU_ISE.Tests/FSPAndSpeculative/ReplayAwareFspDeterminismTests.cs,source,.cs,2822,b16e33fdddcf0cb0d9f85475d94c79f1aabbe5964170902f39c1e36e5c464677
HybridCPU_ISE.Tests/FSPAndSpeculative/ReplayAwareFspTests.cs,source,.cs,4719,2fbd13749b93d10e7916b481f26fe986654fd4d52ce1388d9a36aeed11358f6f
HybridCPU_ISE.Tests/FSPAndSpeculative/ShadowOracleSchedulerTests.cs,source,.cs,5766,04be226cc7e33fe7783300faa27329e23f45e3c250a035ac6fe183e76c98abba
HybridCPU_ISE.Tests/FSPAndSpeculative/SpeculationBudgetTests.cs,source,.cs,5710,a8e64d5ad1b8c29c11d28343d0de01a72f8cad15077e981082abd885a1bb9540
HybridCPU_ISE.Tests/Generated/VmxSpecConformanceTests.cs,generated,.cs,3733,0e06aa911993c36c364dbcaebf967e57f2ac06b782a3e1cb1ec5ebb8144ec20b
HybridCPU_ISE.Tests/GlobalSuppressions.cs,source,.cs,80,3f7edd72eac91614fcf49f709dd4e560c74ebef8da68a53a02947e5611cd1869
HybridCPU_ISE.Tests/GlobalUsings.cs,source,.cs,98,934bf6643613e75140ea2094a876157a1461fefbccbdf45767f0f77802c064f6
HybridCPU_ISE.Tests/HybridCPU_ISE.Tests.csproj,test,.csproj,5455,41e7e7c21a1f295c168108be95d9a1a13752c08a8d3d4f4f678b94bdf4577e37
HybridCPU_ISE.Tests/ISA_MODEL_TEST_STATUS.md,doc,.md,1841,75f0222dec260c5b4b6ff66bca3d28573a3ee803136b55b10d833a4af1089b05
HybridCPU_ISE.Tests/ISAModel/ISAModelDeterministicIsolationTests.cs,source,.cs,13992,27cb6870dd1ab1f369a8537de876439a6cf645fcd9da43eabe6ef427164493c1
HybridCPU_ISE.Tests/ISAModel/ISAModelDMACorrectnessTests.cs,source,.cs,12187,1fac79c13c69160ee9da4a38484863054112c43c345688ef018cef9bd54e96d7
HybridCPU_ISE.Tests/ISAModel/ISAModelExceptionTests.cs,source,.cs,15940,802454592d32512d9b08a6226062a35faa17d603df885feea8aac6f391150dd6
HybridCPU_ISE.Tests/ISAModel/ISAModelFalseConflictTests.cs,source,.cs,16133,e1d5edbe85d41b436e9a857f5a6cb45a032d0cba1ad0b721995fd6164846f335
HybridCPU_ISE.Tests/ISAModel/ISAModelFSPInvariantTests.cs,source,.cs,23369,201f690d92e45d4e3d6d9c513eae4aa87614d12d7fa9b3f17ae035b78e2b49b5
HybridCPU_ISE.Tests/ISAModel/ISAModelHazardDetectionTests.cs,source,.cs,22035,09a1e1e59de5c1ee7f34a3c0afb428d7ba6493db65788cdf8f8e808c28566f7a
HybridCPU_ISE.Tests/ISAModel/ISAModelInOrderEquivalenceTests.cs,source,.cs,17218,c4a71234186e8d1f7919ec11f2c8d9d79c91058311e3663beedc12368702ce41
HybridCPU_ISE.Tests/ISAModel/ISAModelLatencyHidingTests.cs,source,.cs,14818,b0408aa764df936d1f3eb3d49e514218519ff5940a6f44085574eaebb3f7c597
HybridCPU_ISE.Tests/ISAModel/ISAModelMemoryConsistencyTests.cs,source,.cs,13650,be4eb4d33c2536958abc665bab7735b1ce4ca7a1c81f1a936bd6128420fe4861
HybridCPU_ISE.Tests/ISAModel/Q1ReviewIntegrationTests.cs,source,.cs,10345,bfc53cb14a91a872d275b2fe8ddd483e22e96a0a36e43b125a3c2f1bbb50ed9d
HybridCPU_ISE.Tests/LegacyRedTestsReport.md,doc,.md,1401,18a41434fa35eff5fe677eceafe0a21c3aaf739cba068d9caa1d9234e9f6ef78
HybridCPU_ISE.Tests/MemoryAndRouting/DMAControllerTests.cs,source,.cs,7152,de98997daae75be1012a163f5026ae4ac47009c47b0395a2554374aa1998aa18
HybridCPU_ISE.Tests/MemoryAndRouting/DomainMemoryIsolationAndExecutionModesTests.cs,source,.cs,17321,69b886d2621c7aa0c399da8f979a6fcf642987d229daaf54e4cfebb211b02ace
HybridCPU_ISE.Tests/MemoryAndRouting/GRLBTests.cs,source,.cs,19404,77a4a304492da039465d9ec55c7319d038d8ac48bf895ce6a2ade4e35c52a6e8
HybridCPU_ISE.Tests/MemoryAndRouting/MemoryDomainTests.cs,source,.cs,9197,4d76d02081d8d04f98291949581d7b1ffbfb6f122e2b71b37552476f0a80fbb7
HybridCPU_ISE.Tests/MemoryAndRouting/MemorySubsystemBankSchedulingTests.cs,source,.cs,11199,bee56fc7e192d9ca489286567e9e2e5e97c6ac785c2845ace050258934b35b6a
HybridCPU_ISE.Tests/MemoryAndRouting/NoCDomainIsolationTests.cs,source,.cs,21896,043ef1b523bd9c2596f1fa3b416940c7621168cbc8ef3efea4513ca98686d4c7
HybridCPU_ISE.Tests/MemoryAndRouting/NoCXYRouterTests.cs,source,.cs,20239,c38e2933d78b115e5395d653ca33730f1f5db3fc418a8200a755428327531cbe
HybridCPU_ISE.Tests/MemoryAndRouting/PageTableWalkerTests.cs,source,.cs,7063,dede20f3692cec0eafa2684e4dc43b8403320143fa3dca7a55b1c9e3a5bc6244
HybridCPU_ISE.Tests/MemoryAndRouting/TLBTests.cs,source,.cs,16329,7a8b66510777f1c23cd7c7584f6e775b31185dd225c796c7a40bea4029843a7a
HybridCPU_ISE.Tests/Miscellaneous/BundleResourceCertificate4WayTests.cs,source,.cs,11435,83e349c3968882e70fbade69bfc9c0d7db39966775bb28d16356610343f43a0f
HybridCPU_ISE.Tests/Miscellaneous/BurstPlannerTests.cs,source,.cs,10893,412def8e4f2f44cff2a5e4c09035831e6ae23c9d7929c251b35f678b4cd6a485
HybridCPU_ISE.Tests/Miscellaneous/ExceptionTrackingTests.cs,source,.cs,17365,18ecffa56f412ddbfa6a0a0581d54e6338d1bddefa53c3efe4f6e38802e77a47
HybridCPU_ISE.Tests/Miscellaneous/MaskBitPositionsArticleQ1Tests.cs,source,.cs,4392,aa0159aa24673e534630b762b8c4b4e356ea81e2bbe37db01ba7393aa533ef75
HybridCPU_ISE.Tests/PhasingAndExtensions/AssistRuntimeTests.cs,source,.cs,47394,0aa511d1fe0ec3dc61c9ea777d54851eb57f858000a63349960dbc11488bc8d4
HybridCPU_ISE.Tests/PhasingAndExtensions/AssistRuntimeTests.Part2.cs,source,.cs,45450,1d4b0fec2e2d499b7e8f0baadb5c088422cd6aea72a796656a81cc8a9312f51f
HybridCPU_ISE.Tests/PhasingAndExtensions/AssistRuntimeTests.Part3.cs,source,.cs,39346,4d1be40115381468b2ff0e5b4810446e35b686d445b326c5c9f0afe48ebab186
HybridCPU_ISE.Tests/PhasingAndExtensions/AssistRuntimeTests.Part4.cs,source,.cs,41998,9e8060a7151273f81c629bf7b26b6e779e9c13a1c638a14847d8f4c1ebed209c
HybridCPU_ISE.Tests/PhasingAndExtensions/AssistRuntimeTests.Part5.cs,source,.cs,54546,3c13328111a2512c59b5bc17d1a08bcae713057514fc6b770eb7786b793cadf2
HybridCPU_ISE.Tests/PhasingAndExtensions/AssistRuntimeTests.Part6.cs,source,.cs,12999,43e49247594b0889bc25db2f2c76e44e7d86e9d38b83507fddd8940a8de1436c
HybridCPU_ISE.Tests/PhasingAndExtensions/CertificatePressureTelemetryExportTests.cs,source,.cs,17355,420325f8cd77ca69e15e0570207e030c77d00723f60ea6853514975f0aeae2ba
HybridCPU_ISE.Tests/PhasingAndExtensions/DeterministicLaneChooserTests.cs,source,.cs,18043,5af7391103ee55e78904dec8b77efb4a6aceebcee6b8cfbbc644290b982310dd
HybridCPU_ISE.Tests/PhasingAndExtensions/DomainIsolationContractTests.cs,source,.cs,4563,9bc30e69171bd7578b2690c680a1ef3795fbc6531ce2d765906acee001202e69
HybridCPU_ISE.Tests/PhasingAndExtensions/Lane7RetireAuthorityTests.cs,source,.cs,2552,bb18cba7cd7c3fe3c8981511d1daac725fd9a3d99ad19ef03f652217ec7ebae9
HybridCPU_ISE.Tests/PhasingAndExtensions/Phase04/Phase04SerializingEpochTests.cs,source,.cs,22402,e2079a51bc1b03a966553cce483ae84891813eb73f95b892cba156bcb259c908
HybridCPU_ISE.Tests/PhasingAndExtensions/Phase05/Phase05PolicyLeakageBoundaryTests.cs,source,.cs,13008,aa684847a166bf38b40634674ab5cc09f475715e850043b7657604f3e102195e
HybridCPU_ISE.Tests/PhasingAndExtensions/Phase06CleanupWaveTests.cs,source,.cs,3234,16ffa99b339f5689cb0781f95256697d27bcb8bd9cfbed5669d25bc2381a60f1
HybridCPU_ISE.Tests/PhasingAndExtensions/Phase2RefactoringTests.cs,source,.cs,15938,ba1a93aa415f2e5fabe39d1872f2cbd79d8ab98a79558be0694871361f95989e
HybridCPU_ISE.Tests/PhasingAndExtensions/Phase4ExtensibilityTests.cs,source,.cs,8254,f3dd30daa4382c8dc95c412b7940d02477694b305bbc114360ffdf83d9701bd3
HybridCPU_ISE.Tests/PhasingAndExtensions/Phase5ExtensionsTests.cs,source,.cs,13468,501aa7e9363d0c1f432a2a2eac72adaadf54b1c337c8753a131ccc66199b0931
HybridCPU_ISE.Tests/PhasingAndExtensions/Phase9NominationRefactoringTests.cs,source,.cs,7988,3eb28d3359bd52d983188c3f4da52ee7129f8c65909aec23edd55bc273e58ad5
HybridCPU_ISE.Tests/PhasingAndExtensions/ReplayClassTemplateTests.cs,source,.cs,30441,46151b7f7d79caadd7ddfa590b9d12def4e3b465de1494c597fb313925f60947
HybridCPU_ISE.Tests/PhasingAndExtensions/SafetyCertificateExtensionTests.cs,source,.cs,19898,a193bcaddaaf28804a2809305c6089462dcfeb1a88db71df7bd9e5437dbe738b
HybridCPU_ISE.Tests/PhasingAndExtensions/SlotClassCapacityTests.cs,source,.cs,12384,68dfd42d9bbbab41b4f7e817f57ca898f0e52a43b91a99c6316e30a2e4aa7ab2
HybridCPU_ISE.Tests/PhasingAndExtensions/SlotClassTaxonomyTests.cs,source,.cs,10420,4c5bd989aa26ef4e1bd9e5ca67cafa7eec21739ebf49370846fcc98c818e0761
HybridCPU_ISE.Tests/PhasingAndExtensions/Stage7AgreementTests.cs,source,.cs,34671,460806b976c28faf3f5c88f2db08a56ed434aeb303781361b70b9d83c6cef098
HybridCPU_ISE.Tests/PhasingAndExtensions/TelemetryRejectTaxonomyTests.cs,source,.cs,23895,316e693a756c7d5f7703b9715aec790ac8c630300849b7f65e373fe0cd559ce2
HybridCPU_ISE.Tests/QUICKSTART.md,doc,.md,2257,7c95257098addd40eb5cd90f6f5cdfdc5225b48f91313f5b84819f9cdd333f6b
HybridCPU_ISE.Tests/SafetyAndVerification/DynamicGRLBMemoryIntegrationTests.cs,source,.cs,39046,d1b9a38a72eb1c039ee6e8d6195b949245918dd51da224fd3e3672cbf2689489
HybridCPU_ISE.Tests/SafetyAndVerification/EarlyDomainCertFilteringTests.cs,source,.cs,13498,7f558a5ad540a2821a7213352cc2fe6fc7db141e4f555dd671bc14e5f13a2f57
HybridCPU_ISE.Tests/SafetyAndVerification/ReadRangeMetadataHelperTests.cs,source,.cs,2335,95a91c4fece004367c63beade341c55e79ace45b50c50d96ecad49487f345b10
HybridCPU_ISE.Tests/SafetyAndVerification/RegressionTests.cs,source,.cs,15607,13b30e023ecd449e8d117e1078180bc25b58051957020a321da7d4c0c4af0e59
HybridCPU_ISE.Tests/SafetyAndVerification/SafetyMask128Tests.cs,source,.cs,9743,3084e9b538bed6a7edc2c09e26410f86b3b4d40e413a9d7de232aa1d81a686b8
HybridCPU_ISE.Tests/SafetyAndVerification/SafetyMaskTests.cs,source,.cs,27555,1af16f94d47574714b56399dffdd614174d6acb061f75ea948090b50c1891268
HybridCPU_ISE.Tests/SafetyAndVerification/SafetyVerifierTests.cs,source,.cs,21783,1d6d9c0108dad55accf406fe24c90f65b9d9cad3f96c0d01d8bebf8eb0d1c8a3
HybridCPU_ISE.Tests/SafetyAndVerification/ScoreboardGRLBTests.cs,source,.cs,16490,fe41f03e254df394f40149b757c97f5f15e3f1a6ddafd12751bc23527905f243
HybridCPU_ISE.Tests/SafetyAndVerification/SMTConflictResolutionVerificationTests.cs,source,.cs,21431,9e3771e6416c380d0e12b458e5930d5b6e2c1a08a5bdff24fe9ea026f34c08a0
HybridCPU_ISE.Tests/SafetyAndVerification/UniversalScoreboardTests.cs,source,.cs,29273,efbed0a25828bf21727b92c8df2f0e22dd9bdef24d5d7ab1a3e8e19fc2546f6c
HybridCPU_ISE.Tests/SecureComputeRefactoring/SecureAuthorityDisciplineTests.cs,source,.cs,15784,dc86597b7d9c488ef77c33242c00d7327afd2df108fd2d2a1cec1c9b6564462d
HybridCPU_ISE.Tests/SecureComputeRefactoring/SecureBackendOwnerRfcGateTests.cs,source,.cs,13565,b2e0f0f8ff135056fcf0d5c1820979f9abbf29c8232c697a088196746d281217
HybridCPU_ISE.Tests/SecureComputeRefactoring/SecureComputeDomainDescriptorNoEffectTests.cs,source,.cs,7185,21f455c1bd6962319bcadf23d0c6164780c98fd1198d052db59716d8a51e2f30
HybridCPU_ISE.Tests/SecureComputeRefactoring/SecureComputePhase10ReleaseGateTests.cs,source,.cs,83369,afeee5f115183717da1f2a2d95e292ca3396f3be38f652f1233476bcc75e1606
HybridCPU_ISE.Tests/SecureComputeRefactoring/SecureComputePlanAuditTests.cs,source,.cs,8587,c8184408e525ba4bc15bfc5c8733447d016820811f1564f1d9622168778a4164
HybridCPU_ISE.Tests/SecureComputeRefactoring/SecureEvidencePublicationPolicyTests.cs,source,.cs,15913,b120f60f7606ae2aa0525274a27954e375048178a71ba2ecde1da9e7d8769665
HybridCPU_ISE.Tests/SecureComputeRefactoring/SecureIoHypercallPolicyTests.cs,source,.cs,23108,b5867bbaf08780bcda2bfab427325c7425978bd5232638b88c5d64fb6028da6a
HybridCPU_ISE.Tests/SecureComputeRefactoring/SecureMeasurementEvidencePolicyTests.cs,source,.cs,17248,5b78df1f7eea277a2a0538761fc0eb4a4da71f0daba893aba403f72c75d899c9
HybridCPU_ISE.Tests/SecureComputeRefactoring/SecureMemoryDomainPolicyTests.cs,source,.cs,30708,cd8a335c90ea781d788b02b919495eebd7e0c8b5e26cc5ef6b57e6622a99dd63
HybridCPU_ISE.Tests/SecureComputeRefactoring/SecureMigrationPolicyTests.cs,source,.cs,24357,848e824102ecd91f67405b72bf738bb55cac9c122e20bf9edf70011f9f115e5e
HybridCPU_ISE.Tests/SecureComputeRefactoring/SecureNestedDomainDesignFenceTests.cs,source,.cs,15515,96f081d51eef57040f560decab4d5178f94d73fa2b47b6c75c12081b705d1e1a
HybridCPU_ISE.Tests/SecureComputeRefactoring/SecureRuntimeBoundaryAdmissionHookTests.cs,source,.cs,10498,43cff18cdad2fef9e8e49b9d265c956c610284ed85773d490a717920cf7bf5bf
HybridCPU_ISE.Tests/TestHelpers/CompatFreezeGateCatalog.cs,source,.cs,15928,715211d33f75f18fc52312cca626ef7404f0200673f10e4f4b60ce29377ccbee
HybridCPU_ISE.Tests/TestHelpers/CompatFreezeScanner.cs,source,.cs,5947,bf5314bec65750231dd9e6d063e517923d9dd4a5f18856e872e2b0326c8de245
HybridCPU_ISE.Tests/TestHelpers/CompilerFailClosedEmissionInventory.cs,source,.cs,17269,1fc75fc4d3bc0883a34de6eb2083e8cfac8c07f9f9d20c1656600810cdd271e6
HybridCPU_ISE.Tests/TestHelpers/CompilerLane7DeferredAbiAssertions.cs,source,.cs,4012,37ba727426850298d539baa71572d356130bbf796cfc783614effc2c7150b7d0
HybridCPU_ISE.Tests/TestHelpers/CompilerSourceScanner.cs,source,.cs,2219,98b73207677b95be8331052667203682d0be65db0ea7b53f27fb3063bd07d956
HybridCPU_ISE.Tests/TestHelpers/DirectStreamCompatExecutor.cs,source,.cs,403,476121b9859f328af44fdc2e53491702be1588c6b84248bf8471396af36569c4
HybridCPU_ISE.Tests/TestHelpers/DmaStreamComputeTestDescriptorFactory.cs,source,.cs,5937,c0f8063fe7f86072679a2858879fbab04a421ee3eff92a0057a340b3e64d2607
HybridCPU_ISE.Tests/TestHelpers/L7SdcPhase07TestFactory.cs,source,.cs,7119,c58ef90fae92ccdf8873c4a2c0396e0dbf30de8045be4fa9b029276731fd67cf
HybridCPU_ISE.Tests/TestHelpers/L7SdcTestDescriptorFactory.cs,source,.cs,14554,ac1ea6f05a3ac4138f4fe7fc38bbbc3c97885da6c54fd6357393c08ef00facfa
HybridCPU_ISE.Tests/TestHelpers/MicroOpTestHelper.cs,source,.cs,14300,70811296fa9be86562e73f1f5dbec0f6b2c2f2761e7d735097dc39ff75d3b86e
HybridCPU_ISE.Tests/TestHelpers/ObservationServiceTestFactory.cs,source,.cs,3856,444550263b1eb2b27b32e10b67ea995e314e922105ef9d66185f60bd5a148cdb
HybridCPU_ISE.Tests/TestHelpers/ProcessorMemoryScope.cs,source,.cs,1212,d76f3d780326398f881dfe51d30648a254d8ad4fdb0868c496dafdf84f713618
HybridCPU_ISE.Tests/TestHelpers/RetainedCompatDecoderTestFactory.cs,source,.cs,247,80cdb93f4999a5cce4755cdd75314fd69b1d0b09eb66aeb7d3b9944393ce9ff6
HybridCPU_ISE.Tests/TestHelpers/RetireWindowCaptureTestHelper.cs,source,.cs,9123,84bf0638740f47a19dfe53f89bd8d5ec795f7a333ed567fd7aa054b6adce17a3
HybridCPU_ISE.Tests/TestHelpers/SafetyVerifierCompatibilityTestModel.cs,source,.cs,5090,0d65973aa46c6680fac0d6747c6eee55c75bd54bc3523ac610fa7da3c28d76bb
HybridCPU_ISE.Tests/TestHelpers/VliwCompatDecoderV4.cs,source,.cs,11727,f16ff1c267d5f97e3cbd9b2cf07edff9b5f6c4e3e182fab6dbf90c65f5a0beca
HybridCPU_ISE.Tests/TestHelpers/VliwCompatIngressTestAdapter.cs,source,.cs,2643,790c546a640ad79fb0f24ba48edf5eaccf8f5f9ab1af0dd0b83e989a78407309
HybridCPU_ISE.Tests/tests/AddressingBackendResolverPhase06Tests.cs,test,.cs,25267,62bf204a4d318189c57a512dd017c4325c849321729b9dddab3034a473e344cc
HybridCPU_ISE.Tests/tests/CachePrefetchNonCoherentPhase09Tests.cs,test,.cs,20119,dc09e9484b856f735e1a2928e10f11cf8264154c14e05cb154d3097ea5f6a108
HybridCPU_ISE.Tests/tests/CompilerDirectivesTests.cs,test,.cs,15361,9069e4a32255668f8811c35cfcd398d7ef8f3e1ed5612c7925b7d5264028a019
HybridCPU_ISE.Tests/tests/DataTypeMatrixConsistencyTests.cs,test,.cs,3943,8eefec7acf2c617e795606e25b2d5ed86a608407b6c15e3a14f7405b1b628fd3
HybridCPU_ISE.Tests/tests/DmaStreamComputeAllOrNonePhase08Tests.cs,test,.cs,24225,3393a3e3b04f3353130aeecf8a7bfa79cccbfe234ea7f0a300f6d16ff8c2f11e
HybridCPU_ISE.Tests/tests/DmaStreamComputeCommitTokenTests.cs,test,.cs,20216,757ba1ab50757c919750f93f237d0820d8313dba6622af1ce1c13c12f696351a
HybridCPU_ISE.Tests/tests/DmaStreamComputeDescriptorAbiTests.cs,test,.cs,16772,4dd782fe927fce379cf2d6397dd619397dfa3276e8bbc687878ca79caf7dc5f5
HybridCPU_ISE.Tests/tests/DmaStreamComputeDomainGuardTests.cs,test,.cs,18648,89598e03a683459986835f2d140b71331cd67eae4707025fa482cbb9eead637b
HybridCPU_ISE.Tests/tests/DmaStreamComputeDsc2Phase07Tests.cs,test,.cs,31489,2c62939a968548808173b6425ad676059ba173ff6f47336e81f54eac3337f3e4
HybridCPU_ISE.Tests/tests/DmaStreamComputeExecutionTests.cs,test,.cs,25172,ea957010e855d921fbb363d43befbe375beba9d142cf18143f21e02d8b508c35
HybridCPU_ISE.Tests/tests/DmaStreamComputeFootprintTests.cs,test,.cs,15083,f403ae06a7eb83d3633145e2abd5de1640d575585d58122b2ea4eaf28d53c967
HybridCPU_ISE.Tests/tests/DmaStreamComputeIsaEncodingTests.cs,test,.cs,9025,acd8ff947e7215b2cf6d374b23eeb75b7499d089af856511ebac6b1b80a132da
HybridCPU_ISE.Tests/tests/DmaStreamComputeQueryCapsPhase07ATests.cs,test,.cs,15320,7623ed2f98eadc706cc784138f6e064919100b286342aeb4652eb22d9de1889b
HybridCPU_ISE.Tests/tests/DmaStreamComputeReplayEvidenceTests.cs,test,.cs,18757,da4ef142fc3b10012ead0f8051de16cb390b0a479e18759dad5115850f338b65
HybridCPU_ISE.Tests/tests/DmaStreamComputeRetirePublicationPhase04Tests.cs,test,.cs,18388,04fdcbae93a953c2dce75bb5ae19c980b401a889932bd699b81ed7337032c807
HybridCPU_ISE.Tests/tests/DmaStreamComputeStatusPhase07Tests.cs,test,.cs,19096,d58e98e326517313b3deb81c60dda52fc61e1ad3a0fdabda470838e4537bd471
HybridCPU_ISE.Tests/tests/DmaStreamComputeTelemetryTests.cs,test,.cs,29174,f611cc1ee09bc9a219f84f80eccbcaa3045603db5372a71cc767b8d4073afdd8
HybridCPU_ISE.Tests/tests/DmaStreamComputeTokenStorePhase03Tests.cs,test,.cs,18857,b01b9ac1f368568388380e82b84b5107160702b1636875083127bb193acf6e4b
HybridCPU_ISE.Tests/tests/DmaStreamComputeTypedSlotTests.cs,test,.cs,15591,ea56edcbaa91836d5d5db416c7ac31fc51c9f17e96f7ab7a8fcdd61c26b57c9a
HybridCPU_ISE.Tests/tests/ElementCodecRoundTripTests.cs,test,.cs,14382,7d4136af9d207a81de2b71cfbad9ea085ef3ab2a6105030403283a5333f20dd6
HybridCPU_ISE.Tests/tests/Ex1Phase12ConformanceMigrationTests.cs,test,.cs,20498,23fdfa6d3ccf004c47cbae12e6288be3daf2e439a927c088f1737ebae7f91fc5
HybridCPU_ISE.Tests/tests/Ex1Phase13DependencyOrderTests.cs,test,.cs,9189,49841a5791d67e2356fff522871454bb1e62fa21d5974708cc0348c2b3285a4c
HybridCPU_ISE.Tests/tests/GlobalMemoryConflictServicePhase05Tests.cs,test,.cs,23395,e31087072fcedcf7a9d0aa29bd32a58afd76c7a636456ccf9396c6173d25d04c
HybridCPU_ISE.Tests/tests/IsaV4SurfaceTests.cs,test,.cs,11360,2b43b525b4b91f00d4d0a3325e86a54e97da0298a98b8ed58fd94db1b0f9a834
HybridCPU_ISE.Tests/tests/L7SdcBackendTests.cs,test,.cs,15479,1dbe7e045681a0a910e68bbf6ddc4613d8624733f59a5d99717a471cd022b5da
HybridCPU_ISE.Tests/tests/L7SdcCapabilityIsNotAuthorityTests.cs,test,.cs,4104,c3c64940c428b10badca4cc9ed838fabe3a1b6589d282c5087869641483750c5
HybridCPU_ISE.Tests/tests/L7SdcCapabilityRegistryTests.cs,test,.cs,6114,bc3197ae20cd0dab9be49c9e1c2aa2fe4dcd5bd9696053da974f45b8cb624d7b
HybridCPU_ISE.Tests/tests/L7SdcCommitTests.cs,test,.cs,32371,ff1db60fba022c1f212e02ce6a97aab52d0607901d1c9613262f1cc1947d50dc
HybridCPU_ISE.Tests/tests/L7SdcConflictManagerTests.cs,test,.cs,12795,486319692308ac7720c4de67131effc62f899f830796499f819e6b6720d3a4e4
HybridCPU_ISE.Tests/tests/L7SdcCryptoSparseDescriptorTaxonomyPhase09Tests.cs,test,.cs,16821,a7169a732fd2eb0706579c1b3971c3f1657050d36e99042eadc1147e5fd49754
HybridCPU_ISE.Tests/tests/L7SdcDescriptorParserTests.cs,test,.cs,13435,9ae053826a6761b69a632559b1a9586019bbc2948506414c3fe12aa142780958
HybridCPU_ISE.Tests/tests/L7SdcDescriptorTaxonomyPhase09Tests.cs,test,.cs,8156,ff761cf1d8b9ba6285d92773ef25e0a5fc1204fd44545c742a970d150243ba69
HybridCPU_ISE.Tests/tests/L7SdcDirectWriteViolationTests.cs,test,.cs,3896,605698cefc9c724d20d0347c2c8156b65dbef0f457d4e5d6b4a899bd18ef15a0
HybridCPU_ISE.Tests/tests/L7SdcDmaStreamComputeConflictTests.cs,test,.cs,4862,bc3c538bf443d0b936d391897810200597bc3f2cfb5d445bfb36e42d61661c55
HybridCPU_ISE.Tests/tests/L7SdcDocumentationClaimSafetyTests.cs,test,.cs,16384,96b75451d9dda1bc5f359a8569d8a411eb229c2c0780730e612831aa1981bcd7
HybridCPU_ISE.Tests/tests/L7SdcEvidenceIsNotAuthorityTests.cs,test,.cs,9092,1591ede1380f79114017ab0d5b133409590e3b8d9c34ed4d2f1960606651df32
HybridCPU_ISE.Tests/tests/L7SdcFaultPublicationTests.cs,test,.cs,7862,1c522957235c2393693eff9c0fbe1cfced86200bc627aa74b2f49493ec6e5b3f
HybridCPU_ISE.Tests/tests/L7SdcFftDescriptorTaxonomyPhase09Tests.cs,test,.cs,12681,46e12405609c5ccfbde599f8057885fd09ecd73d781fa295c8c0aac791bb6a1c
HybridCPU_ISE.Tests/tests/L7SdcHardPinnedPlacementTests.cs,test,.cs,6251,f8dd046f1625316364736ffec2fb4a86a0ffb5ccbe7de70cf888d84b34668329
HybridCPU_ISE.Tests/tests/L7SdcInstructionTransportSidebandTests.cs,test,.cs,7280,98042c63facf84211b2b3a83419bb1eb5e25658efed7240ab9695ee72a9366e4
HybridCPU_ISE.Tests/tests/L7SdcInvalidOwnerCompletionTests.cs,test,.cs,3531,fb29a6c144f6291ad1092c6db622fe405eae2e78550ce5c10a88ef4623516665
HybridCPU_ISE.Tests/tests/L7SdcLane7PressureTests.cs,test,.cs,4046,b186e2be03aff2ce8996ff473e42a017ff5a919ea4614bd8cab9efa00a901aa0
HybridCPU_ISE.Tests/tests/L7SdcLegacyQuarantineTests.cs,test,.cs,6876,1bde1f086f12448dd64a5b9be5933a3cc15f116f8058af411e51b5e83a05a291
HybridCPU_ISE.Tests/tests/L7SdcMappingEpochGuardTests.cs,test,.cs,5178,2ece8a5836bf60a8570e3a9ff4ddb6bd12a7029782245d4ea6f2f3e3792785e9
HybridCPU_ISE.Tests/tests/L7SdcMatMulCapabilityTests.cs,test,.cs,1592,6371d4b3a5738413880aca94d345c272571c49d351f0d0296b250c834348d25f
HybridCPU_ISE.Tests/tests/L7SdcMatMulDescriptorTests.cs,test,.cs,7576,5dcde22792e502729d237093027b8a2d7071f630c0a397a537db99bb0a8136ab
HybridCPU_ISE.Tests/tests/L7SdcMatMulNoLegacyExecuteTests.cs,test,.cs,9431,b00abca035597c964de6490e1f49a2c78ef5353040b7b2d82442b6b3d2cdfa77
HybridCPU_ISE.Tests/tests/L7SdcNativeCarrierValidationTests.cs,test,.cs,15763,90f5de688cf1ee0baac5681316e1a9f567059d6eae0488d879204b3304839c16
HybridCPU_ISE.Tests/tests/L7SdcNoBranchControlAuthorityTests.cs,test,.cs,8888,1d42f95ea3b5c209d5d851bf3d9b72ef5befa0199fa87e9c46f2e9c44a343742
HybridCPU_ISE.Tests/tests/L7SdcOpcodeSurfaceTests.cs,test,.cs,11645,339132b5a68260355e341247728dd84bb0ed26302ae34c5c241e9495e0d8e9e4
HybridCPU_ISE.Tests/tests/L7SdcOwnerDomainGuardTests.cs,test,.cs,12469,1ff2378ed43156aef541cd2e58e36fa3de422ac2d03f65f2e24bec55152ec99e
HybridCPU_ISE.Tests/tests/L7SdcPhase08AStatusTests.cs,test,.cs,18789,b3736a9fc907e04939d0f8d6f37c406e29d7a984b32b423406da135426b009b2
HybridCPU_ISE.Tests/tests/L7SdcPhase08ExecutableTests.cs,test,.cs,11533,b09becfb3a5ea34bf6ebe7e911972644777042831c390418ccc5d6683647ef97
HybridCPU_ISE.Tests/tests/L7SdcPhase10GateTests.cs,test,.cs,19259,518e4e1b49cc362cca0d36d63e4406e7423e5ecd06a2b8a21bb788fa0b74033e
HybridCPU_ISE.Tests/tests/L7SdcPhase15RollbackControlsTests.cs,test,.cs,5014,cedcfbebb01b42afbfeb8ca95d756a729bb18e7c19b7c931d574f2426882b23d
HybridCPU_ISE.Tests/tests/L7SdcPollWaitCancelFenceTests.cs,test,.cs,24038,efccf3f25d99b3dcdee87d1909bbfdf941526ad4280687f8b36f769b11c5b5e1
HybridCPU_ISE.Tests/tests/L7SdcQueueAdmissionTests.cs,test,.cs,11682,5cd2d5c7739b8701caa1947404decc6240c0454ad847cd0c662453d89ab54479
HybridCPU_ISE.Tests/tests/L7SdcRegisterAbiTests.cs,test,.cs,8701,257e6bfb6b40efe6bb434373ed71aeb3f15355dd10e6ab13375bbb7c7e18a390
HybridCPU_ISE.Tests/tests/L7SdcRollbackTests.cs,test,.cs,8494,82692a8b87aa262736be923dee37a0e82ec28d1f4966f1a7bcc09363367ebcc2
HybridCPU_ISE.Tests/tests/L7SdcSrfAssistConflictTests.cs,test,.cs,7404,00bf6a833a51125f55e537c66c26bcf4d8766edf2f9e372e4288c9b6e5b149db
HybridCPU_ISE.Tests/tests/L7SdcSrfCacheInvalidationTests.cs,test,.cs,5800,28f8f3c3ccc6b17bf66e9106e9943ddeba25903a5a4a0db7196707f3a8405210
HybridCPU_ISE.Tests/tests/L7SdcTelemetryTests.cs,test,.cs,19949,efd6539da96b0c0e8af2af1b4f75b9690e153126064ef3e216a0f5a37418acfd
HybridCPU_ISE.Tests/tests/L7SdcTokenHandleIsNotAuthorityTests.cs,test,.cs,11118,32b607a170fb62c513e39a6f8847cd8da416fd9693d3ea5fa97c39aaa363941d
HybridCPU_ISE.Tests/tests/L7SdcTokenLifecycleTests.cs,test,.cs,9734,a902a88d1eb3aab52c56a04e71dd1183517530338caaf691f873d3d3901bcb12
HybridCPU_ISE.Tests/tests/L7SdcTopologyQueueTaxonomyPhase09Tests.cs,test,.cs,13870,696b2816e424a22fcf5a0a8dc254dcfabbbea4ade5815be395377ffedb603b85
HybridCPU_ISE.Tests/tests/NonVmxIteration02CatalogStatusTests.cs,test,.cs,5332,f66ba85da8e65b54f758d5b64f9fdf3ef823aad59ca64270c26aa69e98415672
HybridCPU_ISE.Tests/tests/NonVmxIteration03ACtzExecutableTests.cs,test,.cs,19745,62f94e85782268eb7a4c9b5cd1a0e217cabf7fbd7ce1592b36390303fcfa46e8
HybridCPU_ISE.Tests/tests/NonVmxIteration03BScalarExtensionExecutableTests.cs,test,.cs,26480,d93874d7aa1235ed471731c655f9a51077621dc6954a5c2eaecd62ef35142510
HybridCPU_ISE.Tests/tests/NonVmxIteration03CRotateExecutableTests.cs,test,.cs,26242,eee6c3913304f342bf3623971053a866974897b6039c0cb35728dcfcf40f3108
HybridCPU_ISE.Tests/tests/NonVmxIteration04AScalarDeferredTemplateTests.cs,test,.cs,6585,e7e3072aed89a59e1baceb83b7487e4567ad5e22d348a2185b7842895596cc39
HybridCPU_ISE.Tests/tests/NonVmxIteration04BDeferredTemplateSurfaceTests.cs,test,.cs,64225,d255f103c5182c164c2cd707c2ebc389fe2353dcb0f4f19acee07127a74b67fb
HybridCPU_ISE.Tests/tests/NonVmxPhase01AndnExecutableTests.cs,test,.cs,21880,6d544eb8f17db04de32df25e6359d6f24d29b72b1e7ecae330da713e9cf58ab0
HybridCPU_ISE.Tests/tests/NonVmxPhase01BitCountExecutableTests.cs,test,.cs,19712,b002de99fde86d6f5f11fd053521dde727cf2c2d116853be148de9dfe11bf8e1
HybridCPU_ISE.Tests/tests/NonVmxPhase01BooleanInvertExecutableTests.cs,test,.cs,30534,caa933aa94cc6e71fa3a5e91349d4cbf6e577da7c31aef7ecec051c8cd5bbdf6
HybridCPU_ISE.Tests/tests/NonVmxPhase01ByteBitReverseExecutableTests.cs,test,.cs,30523,0774af5b65fa6e12bb3883799d3267d6d07fbe6b7317d83ae10774b6eecf71bd
HybridCPU_ISE.Tests/tests/NonVmxPhase01ScalarMinMaxExecutableTests.cs,test,.cs,33735,07f1f15d753a60121d21d0020839b00a5354411b6cafb4a51966dfe4c3285def
HybridCPU_ISE.Tests/tests/NonVmxPhase01ScalarSelectExecutableTests.cs,test,.cs,24178,4d9b3db2822f78ff5d802137cda4adf7c911ac5aa725f62a4e349c06ac53b523
HybridCPU_ISE.Tests/tests/NonVmxPhase02BitfieldImmediateExecutableTests.cs,test,.cs,32469,6822b19cfb284c85be2e3b8044bc1104cbea1a1696b69009ee030ce4487c54ee
HybridCPU_ISE.Tests/tests/NonVmxPhase02BitfieldRegisterExecutableTests.cs,test,.cs,31698,222f7aed993bb60c0a62526ae7aee7aa22ef1bdaff4b608223aed654656c1a6c
HybridCPU_ISE.Tests/tests/NonVmxPhase02RotateImmediateExecutableTests.cs,test,.cs,27877,3537286cee8fb7838e3f1dcfd806a4183d64d88c0bddcc2f67125eb33cfb1f86
HybridCPU_ISE.Tests/tests/Phase00InstructionInventoryTests.cs,test,.cs,142413,089ab6422cb166c53c7849042ca9b15658e53c00ed7bf28c1e773fb672914a55
HybridCPU_ISE.Tests/tests/Phase01ScalarSraSupportChainTests.cs,test,.cs,163714,6889eb1e9942a5182047be2a41df2c7ae02059b598550bba73c2f4a0a5a9c89c
HybridCPU_ISE.Tests/tests/Phase01VGatherExecutableTests.cs,test,.cs,20112,ef2cfdcdaae4d738314e4934dbfd6efb91a1dccb2e9353dd78ceb660b28a90f8
HybridCPU_ISE.Tests/tests/Phase02InstructionIrTests.cs,test,.cs,19981,e195f34301e6f1a3939516935517cc115b6759436d50383c6bd3745d634f72c6
HybridCPU_ISE.Tests/tests/Phase02VScatterExecutableTests.cs,test,.cs,20101,ce8219dbc565bbf15c547e63f16ca23962f813f39c43e908058aa0569d56a07b
HybridCPU_ISE.Tests/tests/PHASE03_RED_TEST_AUDIT_REPORT.md,test,.md,1902,af65b1f601bb596e4501872e96ec0bcd7e88501fefe7c9db8c23c5683260c894
HybridCPU_ISE.Tests/tests/Phase03AdmissionCoexistenceTailTests.cs,test,.cs,5103,7703c1fd5413225b79c9aa7a2038d022380f77770c0439c74ab4b94aadc1c6c5
HybridCPU_ISE.Tests/tests/Phase03CanonicalOpcodeIdentityTests.cs,test,.cs,73201,b1d0a788ec674f2a808160238be99215dc045f50b50e4cd51e8c197cdcbd80f0
HybridCPU_ISE.Tests/tests/Phase03CarrierProjectionExtendedVectorNonRepresentableTrapTests.cs,test,.cs,3278,33946c713bd0c23566ba0ff5a65409421a8c13281845847bab6af38752dec4f1
HybridCPU_ISE.Tests/tests/Phase03CarrierProjectionOwnerResourceTailTests.cs,test,.cs,11558,b9188c597064c2fc3499da074f77cc1d463a8823ca4f787688a943f9ba21b61c
HybridCPU_ISE.Tests/tests/Phase03CarrierProjectionPlacementTailTests.cs,test,.cs,4987,9a5aea277585803be10d70b6543e3d390f465906cc7fc47eb01e7c8f730b0727
HybridCPU_ISE.Tests/tests/Phase03CarrierProjectionTransportTailTests.cs,test,.cs,89772,dadcf194a552a6e9e5f5ac1ab00d2f689b4bf4e3d70b7f297206b4f16a944f79
HybridCPU_ISE.Tests/tests/Phase03CarrierProjectionTrapTailTests.cs,test,.cs,20436,7333a2cd0e58918d56b9caab14a78bc67a58125d688d88a5aa69741d49399695
HybridCPU_ISE.Tests/tests/Phase03CarrierProjectionVectorNonRepresentableTrapTests.cs,test,.cs,2996,f34a5138faa5d64a31f25e40823050ba3cf35a2fa7631609ae7dabf5f1c4c257
HybridCPU_ISE.Tests/tests/Phase03CompatibilityShellTailTests.cs,test,.cs,885,c77a986017437aafc929aaaf84e690abf0fd378f7ffbc29c69fccbb79da1a113
HybridCPU_ISE.Tests/tests/Phase03CoreExecutionModeSeamTests.cs,test,.cs,1794,57839dfd10906b683c7b7ac5f1eda8488d34f625dfddb1355f9fdb3b5e336dcd
HybridCPU_ISE.Tests/tests/Phase03CoreInterruptDispatchSeamTests.cs,test,.cs,2720,b6db33061f7efbda84e924160b3135357df170687620e1ff404fc0979308e232
HybridCPU_ISE.Tests/tests/Phase03DecodeBankPendingStallTailTests.cs,test,.cs,10475,cf9c69b08d72fefac1e8dd0e959317f2d84be3c94bbfb597264d92926a0e24c2
HybridCPU_ISE.Tests/tests/Phase03DecodeExceptionCarrierTailTests.cs,test,.cs,4994,99ebacb0ef0b8674624cddd69deb6933355dd2082db1f5c35bab11d43b33532d
HybridCPU_ISE.Tests/tests/Phase03DecodeIssueCarrierTailTests.cs,test,.cs,15467,3af5c8bad4127f1f1c884187f277d0dc893b6fdc9dd61722e0e1450b7d04b4cb
HybridCPU_ISE.Tests/tests/Phase03DecoderContextImmediateAbiTailTests.cs,test,.cs,21225,e4fa87e521263c54234378e7dad4654f61e0d25dad062a0a86f17183fe8baf0c
HybridCPU_ISE.Tests/tests/Phase03DecoderContextVectorAddressingAbiTailTests.cs,test,.cs,6535,38766650ff7457f58530ec814a46b4e765cc91d89916cdd453393fd1d4956b4e
HybridCPU_ISE.Tests/tests/Phase03DecodeStateKindContractTests.cs,test,.cs,10680,c107b0f6fb9630b131b56c1839d8a89b60b398a2b27d124fb5d713b74ed58d20
HybridCPU_ISE.Tests/tests/Phase03DirectFactoryAtomicPublicationTailTests.cs,test,.cs,3820,1186fc281a975169005beeb66adb54844bc0104f3e9b6c343818cc2ce58729c2
HybridCPU_ISE.Tests/tests/Phase03DirectFactoryConditionalBranchPublicationTailTests.cs,test,.cs,3230,942d95d5129c8357b47f2bf474a30de3375cc7f592b2b0a0f9a37c7d7e0bd86e
HybridCPU_ISE.Tests/tests/Phase03DirectFactoryExtendedVectorNonRepresentableAddressingRejectTests.cs,test,.cs,1473,4e80ed045a2a19f39b097ee8df008d7242446d958173209e3bd7c85aaabb4aea
HybridCPU_ISE.Tests/tests/Phase03DirectFactoryNopPublicationTailTests.cs,test,.cs,2382,1408be562cb71a0a8358c28a50179fbc325bb21e4ebba18ed3d17015d9317214
HybridCPU_ISE.Tests/tests/Phase03DirectFactoryOptionalScalarRejectTests.cs,test,.cs,1532,eff1426774d41bcccc08ca707cdff62db2a5ab405c269708a4352ee9503a8a43
HybridCPU_ISE.Tests/tests/Phase03DirectFactoryScalarImmediatePublicationTailTests.cs,test,.cs,3331,171347e332874362c2294763dca64848dae55bac613f9eec64c2a8393907cf87
HybridCPU_ISE.Tests/tests/Phase03DirectFactorySystemEventPublicationTailTests.cs,test,.cs,7493,0b4fade247f72e3e20e449d5998cd03d746ea8e99bec7a707103b6340ee67e15
HybridCPU_ISE.Tests/tests/Phase03DirectFactoryUnconditionalBranchPublicationTailTests.cs,test,.cs,3305,8e019f3317b020e686fcd7a8f46da3f432a69ce83d3a17f5f39a3a0b3c84ddb0
HybridCPU_ISE.Tests/tests/Phase03DirectFactoryVectorBinaryPublicationTailTests.cs,test,.cs,3142,57829cfb6d2980c398525b1434de8595bf341c4dc5173e60d3ff852187ab6b47
HybridCPU_ISE.Tests/tests/Phase03DirectFactoryVectorComparisonPublicationTailTests.cs,test,.cs,3191,ed749cf6fcdbc5cc9e93b1b815c9e0840b81aea23137a4c40784a1af43e14991
HybridCPU_ISE.Tests/tests/Phase03DirectFactoryVectorDotProductPublicationTailTests.cs,test,.cs,3809,1c28c128917f84debd3b38e27d4c8be4ca1386bf75bb77d82f9466834ecec1e6
HybridCPU_ISE.Tests/tests/Phase03DirectFactoryVectorFmaPublicationTailTests.cs,test,.cs,4623,31b7f4c301a7fb990c768a95b46b90d15ba70010b9003c750b3fb11ee9fc27e2
HybridCPU_ISE.Tests/tests/Phase03DirectFactoryVectorInvalidDataTypeRejectTests.cs,test,.cs,1559,cfe6345a57a54469b3624c1f7ddafc300b151f5d9f6bcc7c73f047c5e097ead0
HybridCPU_ISE.Tests/tests/Phase03DirectFactoryVectorMaskPopCountPublicationTailTests.cs,test,.cs,2874,59ebceb247d53571c0ab3fa7ce35be6cf8f0be2688368e410b692a4af42dd54d
HybridCPU_ISE.Tests/tests/Phase03DirectFactoryVectorMaskPublicationTailTests.cs,test,.cs,2854,814a977eca5a3e95679eeec26b43830c741b196b555cb5112704390e0dc75b67
HybridCPU_ISE.Tests/tests/Phase03DirectFactoryVectorNonRepresentableAddressingRejectTests.cs,test,.cs,1594,ca5657d3ea9a497840252ac814889d68ae7abb5d15584feda52ad6730e5b2cd8
HybridCPU_ISE.Tests/tests/Phase03DirectFactoryVectorPermutationPublicationTailTests.cs,test,.cs,3100,1dbd1cae4eca4e48f9f3f969e1948040f9a33a935289d40340c7d33c4acc1fca
HybridCPU_ISE.Tests/tests/Phase03DirectFactoryVectorPredicativeMovementPublicationTailTests.cs,test,.cs,3063,5a64fdb1d4651d62030b3674fbafe8e932522b749aca108345fb0ad883d1dc6b
HybridCPU_ISE.Tests/tests/Phase03DirectFactoryVectorReductionPublicationTailTests.cs,test,.cs,4975,b1920d8a1ab1e4b74bc7ff86b734fddd7f99943bfc98384c0754073ea9528376
HybridCPU_ISE.Tests/tests/Phase03DirectFactoryVectorSlidePublicationTailTests.cs,test,.cs,2728,237cfef7d50c5266ad8b45be03619f9e62510139d1eab69f08f8dc0b38fe4550
HybridCPU_ISE.Tests/tests/Phase03DirectFactoryVectorTransferPublicationTailTests.cs,test,.cs,3609,87e398d878edde7e55afe1a3ea17ee6c099b71f5b3851abfbec588470a6815eb
HybridCPU_ISE.Tests/tests/Phase03DirectFactoryVectorUnaryPublicationTailTests.cs,test,.cs,3143,c782b1e0bc233191266b4fc810c869cc55f0cc2cf22af8c4d31cca2c86968390
HybridCPU_ISE.Tests/tests/Phase03FallbackControlFlowCarrierTailTests.cs,test,.cs,3538,61249d0cd9d0348d6b10d8210081f7a965f5efb7abf718e88e77ee30c1711635
HybridCPU_ISE.Tests/tests/Phase03FallbackTransportSummaryTailTests.cs,test,.cs,22329,2eb284852ac405e08aea739a49e5af07b3c5e8a86c7c9d5e72e91f79324e109d
HybridCPU_ISE.Tests/tests/Phase03FetchedOwnerThreadTailTests.cs,test,.cs,31454,83739c9304349b06c1329ad1a261343db40b6265a9be0fb20de8ef4ae61b2213
HybridCPU_ISE.Tests/tests/Phase03FspDerivedIssuePlanProgressTests.cs,test,.cs,3447,5134f5b0b4468a8636d423c28fe0abf4e9f4e2e3bf9332c25603e582fbb5f101
HybridCPU_ISE.Tests/tests/Phase03HelperCoexistenceCarrierTailTests.cs,test,.cs,3629,67353f1d671210b17d0564ed68acc47d16c9d9ef4334484c2f07805484a5ea6f
HybridCPU_ISE.Tests/tests/Phase03InstructionRegistryPublishedDescriptorTests.cs,test,.cs,20002,27b525808618489ca5132a3dd7c6792dfe527e842e2bcf95a2ee65153c904b2e
HybridCPU_ISE.Tests/tests/Phase03IssueHandoffPlacementTailTests.cs,test,.cs,14833,19a6e4c198430e2aa215b8b9049293a0e210eb93a09f687e5941fc08357ba888
HybridCPU_ISE.Tests/tests/Phase03LegacyCallReturnJumpHelperRejectTests.cs,test,.cs,6842,8e19206514b2d65911e066d29b6d042290d9eab3cb7302081738765d90e76956
HybridCPU_ISE.Tests/tests/Phase03LegacyInterruptHelperRejectTests.cs,test,.cs,2827,c9d34091065399e372010e7d34d25eaefd3604dc191f8c25b6be33aa5fae73d2
HybridCPU_ISE.Tests/tests/Phase03LegacyMoveCompilerPublicationTests.cs,test,.cs,4684,67e6691a0b30163b3d2fdf1f2cdcb1f39cd7079d6d88ecbf68e2832266fcb3ca
HybridCPU_ISE.Tests/tests/Phase03LegacyMoveDt4HelperRejectTests.cs,test,.cs,1109,47c1b3b4d139d211cfd89466c2edcac4d9d8c89c1b655b571a18a99558efa772
HybridCPU_ISE.Tests/tests/Phase03LegacyMoveDt5HelperRejectTests.cs,test,.cs,1262,0cbc35914b3c0649a7bc0a86ce282df91a072a9a1a968ae1d4072632d7c8f16d
HybridCPU_ISE.Tests/tests/Phase03LegacyMoveFamilyPublicationTailTests.cs,test,.cs,30910,14e9598202501e8cea8d11feaff7997b1ab20d5891009411050a25f495ae9b24
HybridCPU_ISE.Tests/tests/Phase03OptionalScalarHelperRejectTests.cs,test,.cs,1925,68f013d1ac155bc7d61c1d9dd1640d36ff9a7b3f0965dbf1f7fa3562ccaf53e2
HybridCPU_ISE.Tests/tests/Phase03PublicFacadeOpcodeSurfaceTests.cs,test,.cs,3504,ed89a4b4a01fa9cc724209170549a80230986a12a12d84ad72c17c37e05dd7d2
HybridCPU_ISE.Tests/tests/Phase03PublishedControlFlowOperandTailTests.cs,test,.cs,3827,59afb436514ad240cccc666a9b8cdb6513549f0ff2b48d55ca2b1bde184e4c60
HybridCPU_ISE.Tests/tests/Phase03ScalarAddressGenerationSh1AddExecutableTests.cs,test,.cs,23661,e17359704b6cba3d61441d2b4de863e6dee90ff3ece0ebd679208245de8c5539
HybridCPU_ISE.Tests/tests/Phase03ScalarAddressGenerationUwExecutableTests.cs,test,.cs,45318,24149a7cc442c4fda990b31b21120bf8b725ff0a06e6c771383799db44b50795
HybridCPU_ISE.Tests/tests/Phase03ScalarBitmanipClzExecutableTests.cs,test,.cs,19199,24deb79a2a8d25133334179ea4347d2e6fcf48d29c51b7fa9dd6251c21028cf1
HybridCPU_ISE.Tests/tests/Phase03ScalarCarryLessClmulExecutableTests.cs,test,.cs,23909,e573b5606677975e64211ed5f50a04c04fc47f74588eb9593bd273efee8c4263
HybridCPU_ISE.Tests/tests/Phase03ScalarClusterCarrierTailTests.cs,test,.cs,5897,3f31e3a82fa1810b62214e2c98b5262994ba4cd4a70086df2f99b36b0aa15447
HybridCPU_ISE.Tests/tests/Phase03ScalarMExtensionPublicationTailTests.cs,test,.cs,5811,cd8b6d28d6712b456cb02b9f95314c0f153650165796a3c8f1c5ffd1e94947f6
HybridCPU_ISE.Tests/tests/Phase03ScalarOptionalCzeroEqzExecutableTests.cs,test,.cs,20730,b23be427f7f1d22dab4914738b127caa237adb9a19bbdfb99cb7de1f9a9fde24
HybridCPU_ISE.Tests/tests/Phase03ScalarSystemCounterRdcycleExecutableTests.cs,test,.cs,21632,5cb2531572ed38493fd9df4ce0caf5a94762d7fb7999089103f8ede6a1140f03
HybridCPU_ISE.Tests/tests/Phase03SlotMetaPolicyTailTests.cs,test,.cs,4890,513c78407b61ea00043851f7c6590e078a266df70b5627cb106d2083907e96ae
HybridCPU_ISE.Tests/tests/Phase03VectorConfigDirectHelperRejectTests.cs,test,.cs,5198,bdf47873e850f40d91eaf3a6e874dd8fdf078ff1f16dda4d74e40e249c3c65e5
HybridCPU_ISE.Tests/tests/Phase03XfmacHelperRejectTests.cs,test,.cs,1963,5a1846dda2ae93c2246dbb3c982996f8b8ac2ad36e70a93dd7fafc31f6f47175
HybridCPU_ISE.Tests/tests/Phase04CrcAndMultiPrecisionAbiGateTests.cs,test,.cs,24461,5dddbec7005ae22a19357bc959c3dcafb45b8018aac155833834c81dc34c8fd7
HybridCPU_ISE.Tests/tests/Phase04DirectCompatRetireTransactionTests.cs,test,.cs,29890,f8523563040773d9346c859923ebaa56fdb6fdbaf5bbbc534d76eaf5afaed44b
HybridCPU_ISE.Tests/tests/Phase04ExecutionEngineTests.cs,test,.cs,44908,d175e6c1ba69a7cea9ed696ec893331bc48431aab4369de17129e6e6a0eb9c65
HybridCPU_ISE.Tests/tests/Phase04ScalarCarryLessVariantsExecutableTests.cs,test,.cs,27618,d56b5cac770de27b32e504a66fa2f1dd794f10d7a487557a4aca4fcacb5aa657
HybridCPU_ISE.Tests/tests/Phase04ScalarMicroOpArchStateTests.cs,test,.cs,1512,44c2e83a8a3dd7aaee2876e113417f75d6f0612f99679fdfacc6c44a52210f93
HybridCPU_ISE.Tests/tests/Phase04VectorMaskPrefixVmsbfExecutableTests.cs,test,.cs,13821,ee35ffc2e3f3265afae223f095ab5ffe74a8aaa41e625070dc01e41bb182042d
HybridCPU_ISE.Tests/tests/Phase05AVectorScanSumExecutableTests.cs,test,.cs,28054,5e8bcb5624648cb48d3c389ebb690d620244ba6be75bcdc76b696825cbe592de
HybridCPU_ISE.Tests/tests/Phase05BVectorSaturatingAddExecutableTests.cs,test,.cs,23602,b3fe57c03e7a9fe1af57a6142bdc8a51026403b70d5e9f98af6aad02841796b0
HybridCPU_ISE.Tests/tests/Phase05MetadataExtractionTests.cs,test,.cs,22996,64b56e751428cec4010c152b445c1ee8c91f004091911770f2af34c2a0f119e5
HybridCPU_ISE.Tests/tests/Phase05PipelineFsmTests.cs,test,.cs,52058,a5e8e49226c707a1eaf2d66f2378945a5f17cc44be58cd57428a1460f10632b1
HybridCPU_ISE.Tests/tests/Phase05VectorPredicateScalarAndPublicationFailClosedTests.cs,test,.cs,11444,58bc28f5eeb97a1f89819924ec1776d87b5b1c5a0662c22a6f56d244dcbb08db
HybridCPU_ISE.Tests/tests/Phase05VectorPredicateSelectFailClosedTests.cs,test,.cs,6755,9506de951cd91de618f8660495f2776731eb62a6966dc95041baff315ffe907f
HybridCPU_ISE.Tests/tests/Phase05VectorZeroExtendVZextExecutableTests.cs,test,.cs,24359,8721eaed158d439ba9616ab1bdbbf096c45c42e020f7f8aa0f299092713b4339
HybridCPU_ISE.Tests/tests/Phase06SchedulerFspTests.cs,test,.cs,30517,d8b6ca4df6e64a507ec1831d291d754e6d4bcce590b87dedab8dbd88be1851c8
HybridCPU_ISE.Tests/tests/Phase06VectorWidenNarrowConvertFailClosedTests.cs,test,.cs,12833,c3da580038b1c4be495508703a65eca96ba7d22fcf0d5b9a80fb1f381d7c0118
HybridCPU_ISE.Tests/tests/Phase07MemorySubsystemTests.cs,test,.cs,55335,7f31892ade5112fc306ab000ed807697de1f9c63f924751a73077335bb6bb965
HybridCPU_ISE.Tests/tests/Phase07VectorSegmentStructureMemoryFailClosedTests.cs,test,.cs,14533,c345d51d05bd154eca86e6eccc4913f7bff5cc33d718d1d83fe0f668420bb2eb
HybridCPU_ISE.Tests/tests/Phase08AtomicOrderingPropagationTests.cs,test,.cs,1703,1e4c79d1bb650b039387c1c512061836934b722062bdab2b35049111cccb7b55
HybridCPU_ISE.Tests/tests/Phase08AtomicRetireSemanticsTests.cs,test,.cs,18916,ff264769815bf8e3dfc8a447192a6fc4164d75f902e871069cfcb7913ca2a4a5
HybridCPU_ISE.Tests/tests/Phase08CsrLayerTests.CapabilityCsrTests.cs,test,.cs,2177,0ef5ca24b95ca098bd15394aa4fe6bfc8e2336700cb776a6e944406c437c4a4b
HybridCPU_ISE.Tests/tests/Phase08CsrLayerTests.CounterCsrTests.cs,test,.cs,2380,0f9415169a7d564dab467923714952c642229a9024f9782a4f6fd7e01e8724f2
HybridCPU_ISE.Tests/tests/Phase08CsrLayerTests.cs,test,.cs,399,eef625c9bd6e2ef4eaac2a203b3301cce7a0ae130dc9388548a6bd6cbe50f558
HybridCPU_ISE.Tests/tests/Phase08CsrLayerTests.CsrAccessPolicyTests.cs,test,.cs,1217,3379373659f18dec842af2fe5b511f00c637c95c1183f825f5bf5aed2de0b217
HybridCPU_ISE.Tests/tests/Phase08CsrLayerTests.CsrAddressesTests.cs,test,.cs,4227,891d50503f209721edc912de96833203f5376e859c23bb9c61ab3fc02f89c813
HybridCPU_ISE.Tests/tests/Phase08CsrLayerTests.CsrCompletenessTests.cs,test,.cs,3403,0000ca816809d12ecc6f6745aac2ba754f3307f63c4f9e3c3ac9d55221c727df
HybridCPU_ISE.Tests/tests/Phase08CsrLayerTests.CsrExecutionCsrrciTests.cs,test,.cs,2347,2f04dd82c657e8a744f8102fe1acedc9cee0da64bf20725976396e943493b887
HybridCPU_ISE.Tests/tests/Phase08CsrLayerTests.CsrExecutionCsrrcTests.cs,test,.cs,2460,f4c5101e2c293f3931f0ea68c2712cf9fc6944ca7f76150aacfb44124ab329df
HybridCPU_ISE.Tests/tests/Phase08CsrLayerTests.CsrExecutionCsrrsiTests.cs,test,.cs,2321,dbf49c3bf5e6a537938c8b257d2b25a27cb98ab83890615d95f74ee669023bb1
HybridCPU_ISE.Tests/tests/Phase08CsrLayerTests.CsrExecutionCsrrsTests.cs,test,.cs,3222,9ea2a25d809056b838cbae6202253c74737eaea04125839f57c37b78ed30bdc6
HybridCPU_ISE.Tests/tests/Phase08CsrLayerTests.CsrExecutionCsrrwiTests.cs,test,.cs,2396,1ae8f28ce54f19f2af95f2f7628ea7d45a6785c9b985de58bc7db8270ed41620
HybridCPU_ISE.Tests/tests/Phase08CsrLayerTests.CsrExecutionCsrrwTests.cs,test,.cs,2672,4e1a80d6b08a7c6060b3206edaea2f31a59ef10fb502b2a44d6183895bb1879d
HybridCPU_ISE.Tests/tests/Phase08CsrLayerTests.CsrExecutionLegacyTests.cs,test,.cs,2547,43549bfc06c1c2a1738f49e0947bfd6727839e256802142cb18d5345ac1bd2c9
HybridCPU_ISE.Tests/tests/Phase08CsrLayerTests.CsrExecutionStubFallbackTests.cs,test,.cs,3750,1ac0b0b95526150cd3998ff68e4d81569e8aa98022ba618cd86459a24339427b
HybridCPU_ISE.Tests/tests/Phase08CsrLayerTests.CsrFilePrivilegeTests.cs,test,.cs,5268,2c27e1517ef4093fdd3c155a5aeae21baaa51ec89500bbc7692b47e83d1dbfc7
HybridCPU_ISE.Tests/tests/Phase08CsrLayerTests.CsrFileStorageTests.cs,test,.cs,4968,6120841920b69572b8ac7d54f94da85124ecba8b1f1e3b657fd172397de433b0
HybridCPU_ISE.Tests/tests/Phase08CsrLayerTests.CsrFileVtIdentityTests.cs,test,.cs,2192,d66778e3c6d0155e523699116324e99ac71e2180157999a67a7bf35b672f42b0
HybridCPU_ISE.Tests/tests/Phase08CsrLayerTests.CsrPrivilegeFaultExceptionTests.cs,test,.cs,1055,49db90d34617640606828f1f8576b012261deecd00fc684df979f77bcb49cb63
HybridCPU_ISE.Tests/tests/Phase08CsrLayerTests.Helpers.cs,test,.cs,5158,e696e6d1cc8c4692788bd724c94d7c8b814ffbc5add9d5b7fd5a6f9d33e991a6
HybridCPU_ISE.Tests/tests/Phase08CsrLayerTests.LegacyCsrProhibitionTests.cs,test,.cs,1370,fa61bccc7acf792062a3a19e57d5849eec8c7ecba68b064c44c0c688953fb1c4
HybridCPU_ISE.Tests/tests/Phase08CsrLayerTests.PodPlaneStrictnessTests.cs,test,.cs,715,b48c8baf67bc1e10be508a21129463c4cd24c888b54c507f5bf18610f62656ee
HybridCPU_ISE.Tests/tests/Phase08CsrLayerTests.RdvtRemovalTests.cs,test,.cs,2082,fcf3f064ae905f76d548d4605229950b650cc4db5b356fac2e154c5815fba668
HybridCPU_ISE.Tests/tests/Phase08CsrLayerTests.VmxCsrTests.cs,test,.cs,1824,98f0b076cd7e0d2e748fcc9263a83d3c409c925013b68a63fbc3cf2fd47e296a
HybridCPU_ISE.Tests/tests/Phase08CsrLayerTests.VtIdentityViaCsrTests.cs,test,.cs,2458,317176f19fcc782f3139878066abaf14569d96a6073f251e5cf8f501e6ae1851
HybridCPU_ISE.Tests/tests/Phase08LoadStoreRetireSemanticsTests.cs,test,.cs,11178,b8f9078f4ac1fff2f6f2d23658c2b9999b293b4279aed59ef42a41a32c69bebe
HybridCPU_ISE.Tests/tests/Phase08VectorFixedPointSaturatingFailClosedTests.cs,test,.cs,23690,33eef3ba9ba780b5cf6252d38eaf5190d9b9dc3f7caea68a460699f582ac1031
HybridCPU_ISE.Tests/tests/Phase09AssistTupleSemanticsDocumentationTests.cs,test,.cs,3204,b76ef4bda5e50a759db6c45684e7b6f7d2e02c392a33830da17f9069b7f02c38
HybridCPU_ISE.Tests/tests/Phase09AssistVisibilityDocumentationTests.cs,test,.cs,6416,96ed71c52f4d105164d66f8a2e62d3090dc837ecc815a230820e5d7224fa7fd8
HybridCPU_ISE.Tests/tests/Phase09AtomicMemoryDefaultBindingSeamTests.cs,test,.cs,6222,5a415e9bbed7cb014d85c99bbd8aeecdf7e56032d8f09a7661059701e268164c
HybridCPU_ISE.Tests/tests/Phase09BackendStateTruthfulnessDocumentationTests.cs,test,.cs,3204,d4fa40883f422ab0f81c1ebfeab13447fbe0c0bc64213d730df7811ed8e9a5b7
HybridCPU_ISE.Tests/tests/Phase09BranchMaterializationConvergenceTests.cs,test,.cs,3694,14ed2530123591ccfb25710b92214bceb519f66eec2c84b289bfaafe844e94dc
HybridCPU_ISE.Tests/tests/Phase09BurstIoDmaMainMemoryBindingSeamTests.cs,test,.cs,3002,ca8438daa5e4d373a5cbf2b64d6fa94043e1b71e45a6a3dcae114ee6592fe325
HybridCPU_ISE.Tests/tests/Phase09CanonicalDecodePublicationContractTests.cs,test,.cs,4517,1cb32fc9fd3d76ba3547b71a570dec2796d37b3b41474135863c6ddbf62d48be
HybridCPU_ISE.Tests/tests/Phase09CanonicalTopologyTruthTests.cs,test,.cs,2055,186e16e76e6d19bdb0a6ba85ea3362ab467f5557a8141b24e8c87a9c1b95b268
HybridCPU_ISE.Tests/tests/Phase09CertificateSemanticsDocumentationTests.cs,test,.cs,4736,9077c6565cd7e103797f992e2a8679887c573949b5c7a79caa5a4c0d466c7ab5
HybridCPU_ISE.Tests/tests/Phase09ClaimSafetyDocumentationTests.cs,test,.cs,5844,956cd505ef1b73618953925a5b86616bf03aea3b539517d21ae5f00f74eb866c
HybridCPU_ISE.Tests/tests/Phase09ClusterAdmissionFallbackBudgetTests.cs,test,.cs,14562,ca7c6d4800b2e3794f31f9561b29831b784711e66126b85abd304f9d7ae31f88
HybridCPU_ISE.Tests/tests/Phase09CompilerTelemetryTruthTests.cs,test,.cs,2212,c1ea0d7d89621f1023ca05c764dc69b3d5038b5a9fbb398276c09c93bec77370
HybridCPU_ISE.Tests/tests/Phase09CoreInitLoopBindingSeamTests.cs,test,.cs,398,7ea229a286c85f25f0563a73112a6762e3498b4862d247b72ba1382de6a139e1
HybridCPU_ISE.Tests/tests/Phase09CrossPodSchedulerPodBindingSeamTests.cs,test,.cs,2724,c30579483f941dd0b22844c41e736e3e0e70f6607448c551f326c372eb6ef5ad
HybridCPU_ISE.Tests/tests/Phase09DedicatedVectorCarrierReachabilityProofTests.cs,test,.cs,3756,1a83741a962a60e88077857e89d34ce4120fa44ce9242ba67528359e64a3f43d
HybridCPU_ISE.Tests/tests/Phase09DeferredMemoryBoundaryProofTests.cs,test,.cs,22828,055c2b0e557e21760c443d33af87eff0b0e1db1b9aa096c7986dc97d59871962
HybridCPU_ISE.Tests/tests/Phase09DirectFactoryCallerBoundaryTests.cs,test,.cs,5129,cceafa52131112e369117732bbf45947ef51db83130592abbe18f3fe1a3cc766
HybridCPU_ISE.Tests/tests/Phase09DirectFactoryConditionalBranchFollowThroughTests.cs,test,.cs,6826,10fc7fe4cf51156f0e5b357f1e8ae50995e534cb7f19f3c9b9322c44198971ab
HybridCPU_ISE.Tests/tests/Phase09DirectFactoryScalarImmediateRetireFollowThroughTests.cs,test,.cs,7633,71ba8bc220139d14411bd5d0b21cc27156a5a0d497c865791166b747e2eda0d0
HybridCPU_ISE.Tests/tests/Phase09DirectFactorySystemEventFollowThroughTests.cs,test,.cs,11073,6472cfab912aa4cdd33bf90019ea450a7c9479f982e91ddfe17077583b9682d1
HybridCPU_ISE.Tests/tests/Phase09DirectFactoryUnconditionalBranchFollowThroughTests.cs,test,.cs,7649,70e28bba014b8835a9597badbac51f51df4fc28ffafc9f39e231f41cd21b916d
HybridCPU_ISE.Tests/tests/Phase09DirectStreamHelperBoundaryTests.cs,test,.cs,9306,4a65ce908656e66fa762b22989b41b252deed5d88347d65a4b5408ff082e9939
HybridCPU_ISE.Tests/tests/Phase09DmaControllerInterruptDispatchBindingSeamTests.cs,test,.cs,5977,9616f5e2c5db52eb886802a196c54db9250c24b06d5c5d41d4664a0047870702
HybridCPU_ISE.Tests/tests/Phase09DmaControllerIommuBurstDeviceOverloadTests.cs,test,.cs,3052,d82c60c8d294ccc84b68017c092ef7b4ac246099420c0b07dbdf0acfff98aec9
HybridCPU_ISE.Tests/tests/Phase09DomainGuardInvariantsDocumentationTests.cs,test,.cs,3490,20ca8bc5c27cdca4db2d8573b3c629e0173fcdc5914c664da40638b88056bc9e
HybridCPU_ISE.Tests/tests/Phase09DotMatrixDeferralBoundaryTests.cs,test,.cs,25671,b334966bbcc7f66c6854926387a411580ab5588d3393d02e502cb7aac9bbe971
HybridCPU_ISE.Tests/tests/Phase09DotProductAbiNegativeTests.cs,test,.cs,4044,a0bb2c16053e691e29eecd6d691542db6cb37817147d8a6248dd683c886f54e9
HybridCPU_ISE.Tests/tests/Phase09ExceptionClaimNarrowingDocumentationTests.cs,test,.cs,3959,34f8e87bf4f04197e8dc3bbde721761813cb81b18a4e240f3044e3dffb61fff6
HybridCPU_ISE.Tests/tests/Phase09ExceptionModelDocumentationTests.cs,test,.cs,3691,f7f2681c46732492222a8e806c936d9b8f23b918489cbbd5485fd032387da094
HybridCPU_ISE.Tests/tests/Phase09ExecutionFaultContractTests.cs,test,.cs,6724,9d214334ed47a7f5ea85b6bbdf7ddb4928c50eb206082c8226243afa54d6080f
HybridCPU_ISE.Tests/tests/Phase09ExplicitPacketAssistLaneTests.cs,test,.cs,2732,b2c0eb2e17d5a81f62c5af2cc72e682a514294f5df928923bbf1a2170dcc757c
HybridCPU_ISE.Tests/tests/Phase09ExplicitPacketEpilogueAccountingTests.cs,test,.cs,2269,0d15cbdac9fe9516b41061b9915bec9044a8741c66911d6bfb635c972654f21d
HybridCPU_ISE.Tests/tests/Phase09ExplicitPacketEpilogueFinalizeTests.cs,test,.cs,1573,32093030244620cfa0fada9f7f523187ebe822c098513724daa4eb129ca57e58
HybridCPU_ISE.Tests/tests/Phase09ExplicitPacketExecuteFaultTailTests.cs,test,.cs,3766,1f56689f39fecc319f4c40a561ad055a15e6e4b374bf92f92a30f7b264729e8d
HybridCPU_ISE.Tests/tests/Phase09ExplicitPacketForwardingTailTests.cs,test,.cs,2425,40932797fddef6bf753f6dd4db7e81c5e38cc12f00c966004a9c1567c8542375
HybridCPU_ISE.Tests/tests/Phase09ExplicitPacketLoadRetireFollowThroughTests.cs,test,.cs,4233,257b818adc5bb239ecdeb1aa7cc5799fc0de0fbb1dbfe0b031e24c6368871324
HybridCPU_ISE.Tests/tests/Phase09ExplicitPacketStoreRetireFollowThroughTests.cs,test,.cs,3568,aa335e41ddf7445f49965fbd4f56ca4133bd54cbd2f5723d433c9c6421febc53
HybridCPU_ISE.Tests/tests/Phase09ExtendedVectorNonRepresentableAddressingClosureTests.cs,test,.cs,3088,da3ddedf24166a93cf3b7ba1fad8b82ffec4ab1ccec935bda6febb4d3ef86732
HybridCPU_ISE.Tests/tests/Phase09FallbackDecodeFaultTrapBoundaryTests.cs,test,.cs,6732,5e8b92a95885c05f340e7771e485b9cf0d028b8509f8f3a99aff07f41a6ebae0
HybridCPU_ISE.Tests/tests/Phase09FallbackDiagnosticsMirrorBoundaryTests.cs,test,.cs,2158,4884dd7425023c2c4cd07a59164bfb44be322a233c1c4e3214923ed5af946ca2
HybridCPU_ISE.Tests/tests/Phase09FallbackTrapPublicationProofTests.cs,test,.cs,7125,328296bce091efdeea305762ee3d50bb8607120f0fc1f4b524664b4e0c3c0704
HybridCPU_ISE.Tests/tests/Phase09FetchStageMainMemoryBindingSeamTests.cs,test,.cs,4281,366e0c7e738d3c764d744f8d22a30fb8a1461dde2957d138351c2d1c64dcb81b
HybridCPU_ISE.Tests/tests/Phase09HaltMicroOpMainMemoryBindingSeamTests.cs,test,.cs,1214,964e43a01c0fd94a569a48bcc831b23cafe5a6bf869a78720aad83bc56ee73e1
HybridCPU_ISE.Tests/tests/Phase09InterlockMemoryStallTailTests.cs,test,.cs,4470,d0219859f6c599649990e5c86739b905c4d6c484a0ba1fdf6125e15bddb15e7b
HybridCPU_ISE.Tests/tests/Phase09IommuAndDmaMainMemoryBindingSeamTests.cs,test,.cs,8390,4dbbd6c0a334f98095482f861a6624689968940a66f666f49558de828526df16
HybridCPU_ISE.Tests/tests/Phase09Lane6DscContractClosureTests.cs,test,.cs,16957,90c00b3584d170b91dcaf8242b7d859c5c704e3d72cbd9cb847115c2d8bb6ae8
HybridCPU_ISE.Tests/tests/Phase09LegacyBudgetFreezeTests.cs,test,.cs,17415,4fa538489a8304c0d12c991c83762d2049bf6bb4abd7b43db2b7b74ba829717e
HybridCPU_ISE.Tests/tests/Phase09LegacyControlFlowRetireFollowThroughTests.cs,test,.cs,44246,b2824eeab749981aa392f860b23577a0c63bb7b71628f93d4307ee0aa7aa28a5
HybridCPU_ISE.Tests/tests/Phase09LegacyFsmRuntimeGateTests.cs,test,.cs,17050,ac2e8b0561cc96875b427168086d99ae1cd3fc2529299a9639596a66642aa614
HybridCPU_ISE.Tests/tests/Phase09LegacyHostBridgeBoundaryTests.cs,test,.cs,7617,ff5f2c5a6cd43769314785313192950c1e820763eeb408d1d4e5369b418dcf9f
HybridCPU_ISE.Tests/tests/Phase09LegacyRawFallbackBudgetTests.cs,test,.cs,10056,55f078694a393098b4ac18c4e455c9e8eb9309f842086553b3aa0914eba1f456
HybridCPU_ISE.Tests/tests/Phase09LegacyStoreRetireFollowThroughTests.cs,test,.cs,3006,26015e39039120469afd8dd168af8ae2d9cc6ca02959bbfb38a5f5f5e276ade3
HybridCPU_ISE.Tests/tests/Phase09LegacyTerminologyQuarantineDocumentationTests.cs,test,.cs,11645,c84221ebeffd00011034c38cbe79d02e4e2cd574e5624d27e1af2cb5052f52ed
HybridCPU_ISE.Tests/tests/Phase09LegacyVectorMemoryCarrierReachabilityTests.cs,test,.cs,2338,455a0cf6ac95ae6c340ec7eb2fec15437f82241eb66bdc067797d1cce3fb292b
HybridCPU_ISE.Tests/tests/Phase09LegalityPredicateDocumentationTests.cs,test,.cs,4990,cbf380b8b88086ed02371bb52efb8a88b5a2b15e3974a301fc2a8175c3a26bdb
HybridCPU_ISE.Tests/tests/Phase09LoadStoreMainMemoryBindingSeamTests.cs,test,.cs,3326,fd8207153aec5efee4c2d2989142fafe8f318e418a0dfc40c6ee23ca0d104ce3
HybridCPU_ISE.Tests/tests/Phase09LoadStoreMicroOpMemorySubsystemBindingSeamTests.cs,test,.cs,6249,acffbf0ae9cc450197a4668fc8370bc36c3dcf4dafa42a4a65dda537c0e85270
HybridCPU_ISE.Tests/tests/Phase09ManuscriptMetaNarrativeSanitizationTests.cs,test,.cs,1988,b8b5bc360547ffb046471e4049ef0588ae3b585222f5c91cc71cd3a781468d2f
HybridCPU_ISE.Tests/tests/Phase09ManuscriptRepositorySymbolBoundaryTests.cs,test,.cs,2765,e04a7288d0a5b02d24b33b620cfebaaf238bbfb87a84d6e3f3fb8c71752d737d
HybridCPU_ISE.Tests/tests/Phase09MaterializerCallerBoundaryTests.cs,test,.cs,23619,44abd917265d6aad5b4b0dedcc95e80ffe55363c4480457f0060ee144544e06a
HybridCPU_ISE.Tests/tests/Phase09MatrixTileRuntimeIsaPackageContractTests.cs,test,.cs,169251,0b62d8ee77d0b6b3a0cc4808d59819f3f998ee7d4a5a13137754309e7117ca95
HybridCPU_ISE.Tests/tests/Phase09MemoryBankRoutingFallbackTelemetryTests.cs,test,.cs,2636,ff7b7a706ab3ea306d416449ba15ef180a73ae643c9f4729ec71aa12a1759566
HybridCPU_ISE.Tests/tests/Phase09MemoryModelDocumentationTests.cs,test,.cs,2186,50feb402c38f9b7bff2d0e16f2a0a0231f56e4ae56d895644f2f1e17793c625d
HybridCPU_ISE.Tests/tests/Phase09MemorySubsystemBindingSeamTests.cs,test,.cs,5441,989ef44af70421710f969bee705b0a4a6ca4473aeaeb313b9c0a8db0ed92f862
HybridCPU_ISE.Tests/tests/Phase09MoveMicroOpRetiredMemoryContourTests.cs,test,.cs,3678,bbb4aa58183bbc241aaa294f29b6096680a4b4b278ce32a9953b0370a9cb1532
HybridCPU_ISE.Tests/tests/Phase09NativeVliwBoundaryDocumentationTests.cs,test,.cs,2062,1c4d5caa7cceba20b1429c0149383346c087af0f2433040809f59d0a380ac4b3
HybridCPU_ISE.Tests/tests/Phase09NestedPageWalkerMainMemoryBindingSeamTests.cs,test,.cs,6295,627ceb8856a398701703b2331e8181642d4ac55137874d82eda1a824778ecb4c
HybridCPU_ISE.Tests/tests/Phase09NonVtCallGateTests.cs,test,.cs,6830,1da53074a40b37f332fe6682337c2fba1ee7beffadef47adc52a3e0352f9b531
HybridCPU_ISE.Tests/tests/Phase09OperationalSemanticsDocumentationTests.cs,test,.cs,5679,39cd67fde6da9a33fda5c18bad9099a699e21f7b04f9ce2dc1daf5f70cdbb390
HybridCPU_ISE.Tests/tests/Phase09OptionalScalarTrapFollowThroughTests.cs,test,.cs,7700,c9b4619f8d4210aa5e3b36f484ed8d3c4942d94f0e41d2d16870f2ee1fa67956
HybridCPU_ISE.Tests/tests/Phase09PartialTransferAbortProofTests.cs,test,.cs,12397,e73e609642fd5045367320ca398f2c93400ef61ebd45164978ee9121accc4fb1
HybridCPU_ISE.Tests/tests/Phase09PipelineContourCertificateTests.cs,test,.cs,16575,862288761123d38321f5057c04618052af5cd261492147205748c630aa6f243e
HybridCPU_ISE.Tests/tests/Phase09PipelineMainMemoryBindingSeamTests.cs,test,.cs,5642,88983180c32028e1fe64f5abcd1a152efb61ad4baf3ed3d440c1e9e6414ce5cd
HybridCPU_ISE.Tests/tests/Phase09PipelineObservationSnapshotTruthTests.cs,test,.cs,14577,e3cedbed1c5437daea2f39bda29edd9e11c36f13ebbc04614736572c0ee0c62b
HybridCPU_ISE.Tests/tests/Phase09PipelineStallContractTests.cs,test,.cs,3764,b18d428ba1769fea6a4e9fd12c577049a40ce97b7b281f5effce962fbabadf02
HybridCPU_ISE.Tests/tests/Phase09PolicyGapBitContractTests.cs,test,.cs,16650,c4112706433daeb2057d803c77fca4860a614fab3225118b60325d109090b224
HybridCPU_ISE.Tests/tests/Phase09RawVectorCarrierCoverageTests.cs,test,.cs,1359,3d702018535471d3d02574685821827d700199b84644bec3e643c0fe327bb1ad
HybridCPU_ISE.Tests/tests/Phase09RegisterLegacySurfaceClosureTests.cs,test,.cs,1993,3dccac2c805021720ae056cdd17b80ceaf65143f7a8a400c5ec57b343c29a2b4
HybridCPU_ISE.Tests/tests/Phase09RejectTaxonomyClosureTests.cs,test,.cs,9614,bae1e411807e43d4e545e27ced96b6b6bc2280a257d26126e2a17cfd4f134220
HybridCPU_ISE.Tests/tests/Phase09RenameTruthfulnessDocumentationTests.cs,test,.cs,1660,a1a56f86ecab7eeeabb03b8b44ce78f59aa5ea8ad3a7a304ab40c7c4bbe1db0b
HybridCPU_ISE.Tests/tests/Phase09ReplayCertificateCoordinatorProofTests.cs,test,.cs,6495,ceb13a9f7d11208ca201d9d2fa86746a1087eff2679c5551a3a60dc0c88996c0
HybridCPU_ISE.Tests/tests/Phase09ReplayEnvelopeDocumentationTests.cs,test,.cs,3928,68e622949dfea8b16f16e47efcbeb720472ba3753ab523ab69975c4ec487a7fd
HybridCPU_ISE.Tests/tests/Phase09ReplayFlushInvalidationReasonTests.cs,test,.cs,45005,81c59256da418e5b4008ca10d6bc3461cf3c0278a8d58ef18f4c7fff5e46b2fa
HybridCPU_ISE.Tests/tests/Phase09ReplayTokenDefaultBindingSeamTests.cs,test,.cs,2411,f034a49350d57855bbff891ba9bc032a7d8e4f52a04c08ac41ed71798d322f57
HybridCPU_ISE.Tests/tests/Phase09ReplayTokenDeferredProofTests.cs,test,.cs,7524,5758a5a6c5cf2ee05a339e111914890928aa1c3612ddf23922fad2910db94bb1
HybridCPU_ISE.Tests/tests/Phase09ReplayTokenMainMemoryBindingSeamTests.cs,test,.cs,4650,34a199fa7117f358df5fbf5adf815cd29133c6caca2986fc7226abc9cd370ec6
HybridCPU_ISE.Tests/tests/Phase09ReplayTokenMainMemoryParameterBindingSeamTests.cs,test,.cs,5258,2956645b64482dbb9b6e8bee4a4f7ea08ddc47e0adc0569785af45fc5f6c118f
HybridCPU_ISE.Tests/tests/Phase09ReplayTokenRollbackBoundaryTests.cs,test,.cs,1679,c93ed8f665251cc594c42757034950b340b6b8e784865bbcc3916afe2a04bec2
HybridCPU_ISE.Tests/tests/Phase09RetireContractClosureTests.cs,test,.cs,391232,ad61997ee1b36a20368120bd2bf55168f0517e56fc5e61cef4298a506770e9c8
HybridCPU_ISE.Tests/tests/Phase09ReviewerAuditBoundaryDocumentationTests.cs,test,.cs,10528,b102b6b87ec1df0aae559a4a5dd633b4e1a2731c3a3bb7a78243ff00222724c8
HybridCPU_ISE.Tests/tests/Phase09ReviewerMailTraceabilityTests.cs,test,.cs,5442,47b7b85ca120bcd1ff5045c993c12fc5dc7990ef0a9d980259c4544e36f2a965
HybridCPU_ISE.Tests/tests/Phase09ReviewerRebuttalClaimBoundaryTests.cs,test,.cs,6565,644e5a3a564b9b2708b7ce30db2a83965218d5a50489e50109b92651be4351bf
HybridCPU_ISE.Tests/tests/Phase09RollbackBoundariesDocumentationTests.cs,test,.cs,1878,77a9b021e63ea99e8a8e4b70166fb9f2c71316c284ca7da47000ae55ccb28a4f
HybridCPU_ISE.Tests/tests/Phase09RuntimeLegalityServiceReachabilityProofTests.cs,test,.cs,22340,754fc19b055a652b7c8969a6fa9435d1f9f3d2195e794436c23f71f20fc3aa51
HybridCPU_ISE.Tests/tests/Phase09SafetyVerifierGuardMatrixProofTests.cs,test,.cs,8200,cdfe8bea747e9c83851c3201611ba721485f02732246553256d25b02caa8a8ec
HybridCPU_ISE.Tests/tests/Phase09ScalarImmediateCarrierRetireFollowThroughTests.cs,test,.cs,10729,29a93fc6c1d006091ab3d7513fb4b4abfd5f515a23c8e3a46d7d9097b5978db4
HybridCPU_ISE.Tests/tests/Phase09ScalarMExtensionRetireFollowThroughTests.cs,test,.cs,5831,11d8d802a0bbaab77ea0fd31463abe60755561b30d448c09002e9cc908ba5564
HybridCPU_ISE.Tests/tests/Phase09SingleLaneDispatchMshrReservationTests.cs,test,.cs,6238,5066fcfa14698462992b7a488f19a6ffe1b13adeee7d80984d1a14871310d91c
HybridCPU_ISE.Tests/tests/Phase09SingleLaneDispatchResourceLatchTests.cs,test,.cs,4029,e8b0ac0709f38486206c933728257d50341df8e4a10c30ded14df0a58eff2b3a
HybridCPU_ISE.Tests/tests/Phase09SingleLaneDispatchStateLatchTests.cs,test,.cs,4454,2ccdb042ca76fc3a5e3b978c28fa2196c6ca07226637b28ab76b2b0c8da82d51
HybridCPU_ISE.Tests/tests/Phase09SingleLaneExecuteFaultTailTests.cs,test,.cs,6122,3a1498409ee22c6378f78865848a4aa2f36059a8fa556ccc545509dbc6dea81f
HybridCPU_ISE.Tests/tests/Phase09SingleLaneExecuteForwardingTailTests.cs,test,.cs,6344,68ab18b04f7c9badb75923eea2109957f5b42fd2b6781ecc78090425dd57b78a
HybridCPU_ISE.Tests/tests/Phase09SingleLaneMemoryFollowThroughTests.cs,test,.cs,8933,91f4e831ebe3d95eb7e706880ac3cdae11c06d5183def8513755d99c8370cd8e
HybridCPU_ISE.Tests/tests/Phase09SingleLaneMemoryForwardingTailTests.cs,test,.cs,3377,698259adf31d9c614ac8b8bd6d946afda5f533d25f040e166953e1e6f5c872bf
HybridCPU_ISE.Tests/tests/Phase09SingleLaneMemoryTransferLatchTests.cs,test,.cs,5484,189c7313ad0e0b7d76908c17e00cfebac8eee4ae5fcb678374176cef895c6f83
HybridCPU_ISE.Tests/tests/Phase09SingleLaneWriteBackTransferLatchTests.cs,test,.cs,9698,35062650673a685cf5f3784c13c4185ce9ae6eb586041a6ad9c4211537aa6f88
HybridCPU_ISE.Tests/tests/Phase09StateAccessorMachineStateSourceTests.cs,test,.cs,3619,211172f9c2fb0305888328635c9322b4f021b04b8cd219f80067f33f599c01a0
HybridCPU_ISE.Tests/tests/Phase09StateAccessorMemoryReadTruthTests.cs,test,.cs,3188,f17b7c9575024db3e0fec16d2b3c49d7d47028b1aab51da4893498dada4b39dc
HybridCPU_ISE.Tests/tests/Phase09StateAccessorSnapshotTruthTests.cs,test,.cs,9340,b9584936f3bd8fad7574e338b32b01f984f10ef840e0cfe11d452c31f286b7b6
HybridCPU_ISE.Tests/tests/Phase09StateDataMainMemorySeedBindingSeamTests.cs,test,.cs,4316,7e03ca152e16e7cd284f296334c1187e4ceae5a141b11fbfa97f2fc157959005
HybridCPU_ISE.Tests/tests/Phase09StreamControlRetireFollowThroughTests.cs,test,.cs,13143,8f2180888e03f9b48f594abed2ce77542efecf31756cb0dd2a69bb80fd9c9063
HybridCPU_ISE.Tests/tests/Phase09StreamEngineDeferredParityTests.cs,test,.cs,47326,48788012b2f8ecc50bac9e87a0067155366f4b6c084fa9ede75cc9e9524003da
HybridCPU_ISE.Tests/tests/Phase09StreamEngineMemorySubsystemBindingSeamTests.cs,test,.cs,5700,c0511b5653dfac512746ddb556bc3998b83ff98de2ec5f3bb7c0023aaa17db4c
HybridCPU_ISE.Tests/tests/Phase09StreamIngressWarmupTests.cs,test,.cs,14847,13520291a9f335fe3cdd1f9e85b70768ae499d6287c782df6bdb329db4e7ecee
HybridCPU_ISE.Tests/tests/Phase09SystemEmulationMainMemoryBindingSeamTests.cs,test,.cs,5193,25e7ea8cc198d54b0c3dfdb03a3cb64412b8d72e4797639e1bc9ee2eb5a2c4d5
HybridCPU_ISE.Tests/tests/Phase09TrapCarrierFollowThroughTests.cs,test,.cs,7950,ecf082bb0b0af6fdcf64e86bc3ab58f968e4902268ddf7b4ed03bf37a30cd242
HybridCPU_ISE.Tests/tests/Phase09TypedSlotFactStagingDocumentationTests.cs,test,.cs,5641,9e2af177315c1d40e6993bf30b028e182cc0cd78570cdf902e38677217605a47
HybridCPU_ISE.Tests/tests/Phase09ValidationEvidenceCountDocumentationTests.cs,test,.cs,5712,2c3225cc74e300dfc2739e26c4a3a35810489fb804b82613376ff01b1a8ac9ae
HybridCPU_ISE.Tests/tests/Phase09VectorDeferredProofTests.cs,test,.cs,21006,d1fdec97c441eb0957dbebd6f07dd4966d76d8f3ace45f4551df45b52fbbd7f7
HybridCPU_ISE.Tests/tests/Phase09VectorDotWideExecutableTests.cs,test,.cs,24184,acfe2c9649c601ad8e3ff67a8d42a7396737263eefb11983a2c66a5b5e12661c
HybridCPU_ISE.Tests/tests/Phase09VectorLegalityMatrixTests.cs,test,.cs,7247,d011ad31b051490272398d1edac1eaee2c5bafc38e57008668cc03eccc0ab2f7
HybridCPU_ISE.Tests/tests/Phase09VectorMicroOpsMemorySubsystemBindingSeamTests.cs,test,.cs,6438,5fd792ffa6775ff4fc349e0f2ba548e7d093d959eb9e4be7335a84795361dad7
HybridCPU_ISE.Tests/tests/Phase09VectorNonRepresentableAddressingClosureTests.cs,test,.cs,9145,00dc8774347b056c75f797370eeb9e947b0757f13172957e3f2cd235206a220b
HybridCPU_ISE.Tests/tests/Phase09VectorPermute2ExecutableTests.cs,test,.cs,19906,25520c6b7f46aed52f9447b5e0756eee3676bdd457c163562b26ad88dbbdbe4c
HybridCPU_ISE.Tests/tests/Phase09VectorRegistrationCallerBoundaryTests.cs,test,.cs,3566,a1894f4ede11a61753a47685a8aa90eea862e95d31fc435026e5d2a9bfa4cc6a
HybridCPU_ISE.Tests/tests/Phase09VectorRegistrationHelperSurfaceTests.cs,test,.cs,2294,20b19e16036ee630dd9d326ebef1e46614fbbcef2fe77b3afe56d0a00d045994
HybridCPU_ISE.Tests/tests/Phase09VectorSlideOneDownExecutableTests.cs,test,.cs,19637,f1f12b2b9dd95051dfd08f732506d2c5a3dd258d69dc2170bc6d81af3b685888
HybridCPU_ISE.Tests/tests/Phase09VectorSlideOneUpExecutableTests.cs,test,.cs,19916,8efde25b283574ee73046b90ad32965a4df9396d6f7b91ff036470fa1b23e530
HybridCPU_ISE.Tests/tests/Phase09VectorTransposeExecutableTests.cs,test,.cs,19485,8998825af3d4c2295ef93f8b755c4a282a5b42f42ba668f3babf01dc1dd1fa05
HybridCPU_ISE.Tests/tests/Phase09VmxRetireOrderingTests.cs,test,.cs,19548,fc22719a12584306a01a21e6e2fa57919aaef77fdd99fd4618233254230ff78a
HybridCPU_ISE.Tests/tests/Phase09VmxSubsystemTests.cs,test,.cs,56598,b71afaba10e3249aae44a3cd38d2653576c4bd6e673eadcacf8566fcc3b4e2c3
HybridCPU_ISE.Tests/tests/Phase09VtScopedStateOwnershipTests.cs,test,.cs,9060,57ecba057d16e6588a2d52255e0843bfacdf2b77f56c7fa689222e89fe9cf6bb
HybridCPU_ISE.Tests/tests/Phase09WriteBackEmptyRetireWindowCleanupTests.cs,test,.cs,3615,d7d194b3e3d7362ba540aa8376937f8d76a28329460ae6e98545d61cc6b6014d
HybridCPU_ISE.Tests/tests/Phase09WriteBackFaultOrderingProofTests.cs,test,.cs,12346,b49db846f90a59a1f764c3754ec5475aaa22285c38a2dab85d6def5c0516ce3e
HybridCPU_ISE.Tests/tests/Phase09WriteBackRetireLaneTailTests.cs,test,.cs,4554,b108e7b6f583e7cef60f3767330e4d095411d52844cc674c742f21543aef2df4
HybridCPU_ISE.Tests/tests/Phase09WriteRegisterPublicationContractTests.cs,test,.cs,16029,e8aa9a678af98f1d7669c26abc5d91f4ba22e13cf515ccf39d317df110d4b32d
HybridCPU_ISE.Tests/tests/Phase10AtomicAcquireReleaseOrderingTests.cs,test,.cs,30304,48364f971e9dfa9db52687031591e3cf90d626a0e147027f00ee331f2ca8a0fe
HybridCPU_ISE.Tests/tests/Phase10FenceOrderingAndVisibilityTests.cs,test,.cs,18772,2e8e2362404b8f754f91e3d8aa76eb3b1409d1fa9694dc31b954d4214a0be655
HybridCPU_ISE.Tests/tests/Phase10Lane6DescriptorOpsFailClosedTests.cs,test,.cs,23295,b3f62b74032e7f3d3f86d6efbd8572bf37e5267752ccb07111be8f4d1ca12e89
HybridCPU_ISE.Tests/tests/Phase10MatrixTileRetirePublicationTests.cs,test,.cs,22099,8e4980e138930eec600f9fc0ba7765a1c94b93587dbdc46700bafb2d25ffee2e
HybridCPU_ISE.Tests/tests/Phase10MetadataModelTests.cs,test,.cs,14251,0e46b84d629f245941cf26077df5b78edbc5400d0230a5c8d2637a006f3d2050
HybridCPU_ISE.Tests/tests/Phase10TraceAndMemoryAllocationBoundaryTests.cs,test,.cs,4845,2d393429592b88f65c7060aa1a09cc934768c74c4cf23e8a82b297e849cb07c6
HybridCPU_ISE.Tests/tests/Phase11DiagnosticsTracingTests.cs,test,.cs,35384,118a62c99b9f39630c952c5ea90f7705816a8127934dd32d85ce2a5574f58f64
HybridCPU_ISE.Tests/tests/Phase11Lane6QueueQueryDsc2FailClosedTests.cs,test,.cs,32124,92f365e879826cb3d6578699231986ef4ed4acbd855394ae92398b3fd4f4c4cb
HybridCPU_ISE.Tests/tests/Phase11LegacyUiContractsFreezeTests.cs,test,.cs,8711,dbbb7a4c8357e2e55fa4644bf6dcf46885a4ab3123f3cb6022daa28e4b0d1253
HybridCPU_ISE.Tests/tests/Phase11MatrixTileReplayRollbackConformanceTests.cs,test,.cs,24998,90956d08dab577b1e164941f67a2b4c6160cd0c1cbdf8cb1751aafa3785ae125
HybridCPU_ISE.Tests/tests/Phase11NativeVliwDiagnosticDecodeTests.cs,test,.cs,16405,8b238cdd56fdc8ce03c75007ebcb2dee2c74b8355393ff26b8561bd38bfb5245
HybridCPU_ISE.Tests/tests/Phase11ObservationBoundaryClosureTests.cs,test,.cs,2693,4c05705dd6959b6523a0a608e94464e530871a43c3666022485ca82f5be4d6a3
HybridCPU_ISE.Tests/tests/Phase12CompilerContractHandshakeTests.cs,test,.cs,7109,6bafac531bb6b262fe87df061609a7c61f5a375358cfc88a5ff2408f4a9a371e
HybridCPU_ISE.Tests/tests/Phase12DataTypeOwnershipTests.cs,test,.cs,1606,155c49990b45ad19ad4bc3598e2071cdbcfa223be587c3d7d28c07174d1efba2
HybridCPU_ISE.Tests/tests/Phase12FacadeFamilyDeprecationTests.cs,test,.cs,6244,8093d4c2824041f24fe0de508a3648d20204fd9d68283173f5a9acf2120a2ba2
HybridCPU_ISE.Tests/tests/Phase12FinalIsaIntegrationTests.cs,test,.cs,45639,a6dcb25ed8e1a5e41d447758467ea11fd57d25939ae7198fa7a02cd90d4d63b2
HybridCPU_ISE.Tests/tests/Phase12LiveCompatIngressBoundaryTests.cs,test,.cs,5847,a9103a86aff5ab3d1460446f9c2745ba5741252d7ba5837c0d2ab6a4c3860141
HybridCPU_ISE.Tests/tests/Phase12MatrixTilePositiveGoldenArtifactTests.cs,test,.cs,30542,e308f3761d24975ebd8934b97801be9974bcf504ca3ab899165c9df8c2bf8f76
HybridCPU_ISE.Tests/tests/Phase12MultithreadedArtifactContractTests.cs,test,.cs,8824,b31e7bef5f18c2622b8798ed6af23537f4b89c7fd4f328b51d9643ebec7652fe
HybridCPU_ISE.Tests/tests/Phase12ProcessorCompilerBridgeBufferTests.cs,test,.cs,3157,a4bfd8f0e2fcf6d2e5d1a536a53833eb05120bea6c535476231a32956485e6fb
HybridCPU_ISE.Tests/tests/Phase12RetiredCompatPolicyBitBoundaryTests.cs,test,.cs,1704,587821df0db017dc57a5eceeca0cd3216f57bbdf13d42849de2d7917eb0b3ed9
HybridCPU_ISE.Tests/tests/Phase12SafetyMaskDiagnosticRenameTests.cs,test,.cs,7466,b80221daca7713f7b57d415eaeb73c9ce40fe0a6f986736018ab05677a18b278
HybridCPU_ISE.Tests/tests/Phase12TraceGuardParityProofTests.cs,test,.cs,4210,a7334e3513bea9c42747563f022571c539cbe2e8ecd2d94d185136bd63ea0b6e
HybridCPU_ISE.Tests/tests/Phase12VliwCompatFreezeTests.cs,test,.cs,16507,42445f248e10183030304928a8a6ac2fb19fef5430641aa99a8044371975fa73
HybridCPU_ISE.Tests/tests/Phase13Lane7CacheTlbIommuFailClosedTests.cs,test,.cs,28154,cbece7aeec2e91851418db98118036e74f8cdbddf1bfc87c8c3cb4b0d8c27142
HybridCPU_ISE.Tests/tests/Phase13MatrixTileCompilerHandoffTests.cs,test,.cs,10912,73979df2a3bb9342f4e4804b5b0bedbbf90e6d64ce9d8f43fe3a76a62e4a6866
HybridCPU_ISE.Tests/tests/Phase14CanonicalStructuralSafetyMaskTests.cs,test,.cs,5756,73fe706e67b7e6daa2d81e03d77c8267599300d26081fa66ea9971aa7cffbb4c
HybridCPU_ISE.Tests/tests/Phase14DependencyMaskRegisterRangeTests.cs,test,.cs,4883,149e3a4cca9b89272d8f51246d5adc6eb54a302b41ef01bff6eb60572138fef5
HybridCPU_ISE.Tests/tests/Phase14InstructionRegistrySafetyFallbackTelemetryTests.cs,test,.cs,6243,a90f2545e3839a4f99fc7dd6d25b3d9663f466e2475958659e82d33f521e3743
HybridCPU_ISE.Tests/tests/Phase14Lane7AcceleratorControlFailClosedTests.cs,test,.cs,29568,98f2813bdf4f3c5f07530bb243dcf12ef78b6122797dc39cefa77af1c2f536e0
HybridCPU_ISE.Tests/tests/Phase14TestingBoundaryTripwireTests.cs,test,.cs,3254,2d509f7fd8e1d1edfdc6e47865b41db9908755c1afe817ff97bca0da89434cee
HybridCPU_ISE.Tests/tests/Phase14TraceFormatWindowTests.cs,test,.cs,2892,9416806735c80b8a2b8cd0f4f1fe04532dffe179b5e00ef34ec267de67e6559e
HybridCPU_ISE.Tests/tests/Phase15CompatibilityConformanceSweepTests.cs,test,.cs,25810,fa10c54c3a9d2bf5a2109eea7838e233a49131aa89f90c43e790fa89fd6b0c33
HybridCPU_ISE.Tests/tests/Phase1SemanticCoreTests.cs,test,.cs,32317,6243975e5b82155b2508827786202e2a39feb89844dacb06dac6f5caa9763846
HybridCPU_ISE.Tests/tests/Phase1V6CorrectnessCore.cs,test,.cs,6811,1c17618f073b7dbdbbc84d2133be97a5ea2eca51f65f9cc0f28ffa5b28565126
HybridCPU_ISE.Tests/tests/Phase2DecoderDisentanglingTests.cs,test,.cs,27728,0dcd525ecc86e55ed3625f0bd78735d9c9aebff12a69c74fe00d12fd53017d13
HybridCPU_ISE.Tests/tests/Phase3EngineIsaAgnosticTests.cs,test,.cs,46931,facdbe8eb87c2312a3b5735095dc8fef71cac6f62a9d6296f2d34f183b47bc29
HybridCPU_ISE.Tests/tests/Phase3V6IsaTableDrivenTests.cs,test,.cs,41395,25b7a168419daa59f78e8d59547fff6294f4f04232d6439265ff98d7c6950634
HybridCPU_ISE.Tests/tests/Phase4SystemPrivilegedVmxTests.cs,test,.cs,56751,31f16e6d86ec10e0230d6d7c9eba9841dfb2b39d93238a06a3677e4430186bd6
HybridCPU_ISE.Tests/tests/Phase5LegacyRemovalTests.cs,test,.cs,11816,71b4256ce4a0912e4ee8c38b810efba13fef53e75ca4ead718a11ce9d3b66b9f
HybridCPU_ISE.Tests/tests/PhaseAuditComprehensiveTests.cs,test,.cs,36214,35171e24e36d26e49176b0f602303c9d08dae2c08bed61c817de4aa68b02d77b
HybridCPU_ISE.Tests/tests/PhaseAuditCpuCorePlatformContextTests.cs,test,.cs,3995,552edcdcf4d231b988d0056d0e3b92042b9cf0ecbdf96ce1d6f9c89e3479dabf
HybridCPU_ISE.Tests/tests/PhaseAuditEntryPointRelocationTests.cs,test,.cs,9159,9cf3fc122279e109fa04c12ffd4563395c7988ec59f1407aa659f5f2306ffe83
HybridCPU_ISE.Tests/tests/PhaseAuditLaneSelectionFailClosedTests.cs,test,.cs,3285,8423875fea6cf69c53532d1eb90efd08a86d3cff3d2584f49f60a9f5e3bd4e53
HybridCPU_ISE.Tests/tests/PhaseAuditLegacyCpuStateBoundaryTests.cs,test,.cs,4451,1685fbc323eb9e07635471833c8426d71af4d7fc219fdecb03c0b5664bfa629a
HybridCPU_ISE.Tests/tests/PhaseAuditLegacyObservationBridgeIsolationTests.cs,test,.cs,1141,b684bdb9915eef97f3e9eca2fbe2b38086e8b26f094aef9354fc22df4f998a7d
HybridCPU_ISE.Tests/tests/PhaseAuditMainMemoryAtomicMemoryUnitBindingTests.cs,test,.cs,1683,a5d8fb88bc70d3631f69eca8bcb3cd4aa93a5a3c42c85f357ef45111bab551c6
HybridCPU_ISE.Tests/tests/PhaseAuditObservationSourceFailClosedTests.cs,test,.cs,2474,d840b02555d68779fe9554527ac7bcc7ba8fb684599a7340a372b238d90de931
HybridCPU_ISE.Tests/tests/PhaseAuditVtIdFailClosedTests.cs,test,.cs,4658,45172b9794f8c69db5926573674e8d0610af861255ef93cd9c30ba3b38fb4c4a
HybridCPU_ISE.Tests/tests/ReferenceModelValidationTests.cs,test,.cs,11650,4b9f6d450f34c5d78b43694dcef7579bdec9592179e649acd88460d75d02ad72
HybridCPU_ISE.Tests/tests/TestAssemblerWhiteBookHarnessTests.cs,test,.cs,7373,f082864c06b3abc0455220de9fe1b1d2885c03d4a09814ccd8e6752c61230d99
HybridCPU_ISE.Tests/tests/TestHelpers/DeferredVectorBatchTestHelper.cs,test,.cs,20836,4d828260761bb8db3476674178a3b6326faccb5da3b3bcf9f2d42a9c0d93ad3a
HybridCPU_ISE.Tests/tests/TestHelpers/ProjectedVectorDecoderContextBuilder.cs,test,.cs,1301,516bc948ed9ebd48a4c65acfb7ab588217a9b6b1c6b73bf4ba695ddb901d4d59
HybridCPU_ISE.Tests/tests/TestHelpers/VectorNonRepresentableAddressingTestHelper.cs,test,.cs,6761,326d56b0fdb9a35acad561bc22072d33c147e288d8e019fd2f3f340e5b785fc0
HybridCPU_ISE.Tests/tests/VliwBundleAuditClosureTests.cs,test,.cs,6797,15abc101b5bc817b2ee0a9b834678105a76b252a981f1b32107d3f26c03ff445
HybridCPU_ISE.Tests/TODO_TESTS.md,doc,.md,1449,350805bbc31feb68a713d8c1e8c9f342c6af1c9a82904b15acd1865e709ffdfa
HybridCPU_ISE.Tests/VmxRefactoring/ActiveVmxCompatibilityConformanceTests.cs,source,.cs,6531,bdb5b6fbdfddeddfe12fed86e882f2f52465f41ed732efac8649b898c3aad468
HybridCPU_ISE.Tests/VmxRefactoring/CoreVmxAuthorityBoundaryTests.cs,source,.cs,1890,20321415d281201263328eca60a493bd7bdac1ecb3bffca450e94785526b765b
HybridCPU_ISE.Tests/VmxRefactoring/IoDomainAuthorityBoundaryTests.cs,source,.cs,7750,0a8d75e4bb5d1a8f9556f3d432ac2db43b6c1fc45a569cea7484239f4ad029db
HybridCPU_ISE.Tests/VmxRefactoring/RuntimeBoundaryAdmissionTests.cs,source,.cs,6862,dbd0c19a1c8e0cb5bb11602b59a6e7c63f071ddad14b4f1cc34836597333bfef
HybridCPU_ISE.Tests/VmxRefactoring/SecureComputeVmxDenialGuardTests.cs,source,.cs,13628,703eda3776ebe9814c01b8f0905f4484220df4f7565d6001dbb2ecfab836666d
HybridCPU_ISE.Tests/VmxRefactoring/SecureComputeVmxPhase10ReleaseGateTests.cs,source,.cs,8819,4ce7106322c1ee47784afbb83b0d94289c5b2622dd4cf9438506e1ed7c065f18
HybridCPU_ISE.Tests/VmxRefactoring/SecureComputeVmxPhase8BoundaryMatrixTests.cs,source,.cs,9788,17dd84ddc64121b1cfc73ec9e1df5aa708184ef313adf3f921771a1f25ce9037
HybridCPU_ISE.Tests/VmxRefactoring/SecureComputeVmxPhase9NestedFenceTests.cs,source,.cs,2518,7ddcc825342e878698ea6e6d4ef401f3dcaa53a4fff6f5dfe5c54d57d42a0cce
HybridCPU_ISE.Tests/VmxRefactoring/VmcsV2MutableHelperAuthorityTests.cs,source,.cs,14960,a32ec9d7dea65d0df24f89f36b2898ddacd55727aad0bcf08968c10ab7f938c6
HybridCPU_ISE.Tests/VmxRefactoring/VmxAdmittedDeniedVmCallTrapPathTests.cs,source,.cs,9236,ce8b7ef2bb3c65df972e6468ab49b4d17cb37924a9811b26865600a5711c2036
HybridCPU_ISE.Tests/VmxRefactoring/VmxCapabilityEvidenceSecureComputeBoundaryHardeningTests.cs,source,.cs,17523,6e6eaeb689f926939977e509a7fed4870c3d4f8d6736807f2313e6cfbde2c0ea
HybridCPU_ISE.Tests/VmxRefactoring/VmxCapabilitySubstrateAndAliasEvidenceContracts.cs,source,.cs,19861,14dbaa2b9c321a29d44ddd7ee160f4cdbe56654bab0681ca2d057eb8f7392500
HybridCPU_ISE.Tests/VmxRefactoring/VmxCapsProjectionBoundaryTests.cs,source,.cs,3156,47434085a988a8a26e2809013e1051ea8d1b77c80485e3c154a4833f67348880
HybridCPU_ISE.Tests/VmxRefactoring/VmxCompatibilityControlOwnerDesignTests.cs,source,.cs,7894,18d56259aef6e71cd7cec343b4445ae514c55d9ce081f706f93f7c7801e10335
HybridCPU_ISE.Tests/VmxRefactoring/VmxCompatibilityProjectionInventoryTests.cs,source,.cs,16256,4c7551a1acd3f6a7b44bf7e5e39aed50c2d083ebfe2be6bfd63c797050481de2
HybridCPU_ISE.Tests/VmxRefactoring/VmxCompilerIsaRuntimeNoEmissionContractTests.cs,source,.cs,13089,c20bf871e88d367afa954de975d1535cafb19439cab816932e123d4f03fa0758
HybridCPU_ISE.Tests/VmxRefactoring/VmxConformanceGoldenArtifactsAndStaticGatesTests.cs,source,.cs,11994,d683cfd9889e8e6445fcdebd7669b0cfdd0d3fc1106561c44a6720f325b1a914
HybridCPU_ISE.Tests/VmxRefactoring/VmxControlLikeVmReadDenialTests.cs,source,.cs,11748,ae5a666d35b8ec78c8949160c19cbddaa882d25b3773f1a9623c4b5ab73f08a7
HybridCPU_ISE.Tests/VmxRefactoring/VmxDescriptorReadinessPolicyAuditTests.cs,source,.cs,17103,769ef4954184824cc1cd72adf2b9e5b379dc7e897b13851cc73d20df600d1336
HybridCPU_ISE.Tests/VmxRefactoring/VmxDocumentationFinalClosureTests.cs,source,.cs,7273,a42c66f92104b6ef3b150b4a1ef1ac34326b71a861c060749e5b96be9c7a2207
HybridCPU_ISE.Tests/VmxRefactoring/VmxExecutionOwnedVmReadValueProjectionTests.cs,source,.cs,15382,294aff29d1d7da88f4edb0c0a9e0a70ee02ff97772db98818563bd8f71f7c97d
HybridCPU_ISE.Tests/VmxRefactoring/VmxFirstAdmittedCompatibilityPathTests.cs,source,.cs,7078,08148b401e1947d5d38b677062fb52ca8fb3a30fcd2ed9b6ae2eed4d4ad7932f
HybridCPU_ISE.Tests/VmxRefactoring/VmxGeneratedReadOnlyVmReadValueProjectionTests.cs,source,.cs,10055,94ab965db64db299f5ac2b3640c4c09cf7516a25042e2243dc1099d8a852257a
HybridCPU_ISE.Tests/VmxRefactoring/VmxGuestControlRegisterOwnerDecisionTests.cs,source,.cs,11071,e80563cc4eee9e735f86dad764d37afde96129ee8a779ead0a9e0e9253d4cfde
HybridCPU_ISE.Tests/VmxRefactoring/VmxHypercallBackendAdmissionPolicyTests.cs,source,.cs,6930,e2081114902bc7d5ce787e992950213c18050a89a98c5a14e9fed469be6cd5d2
HybridCPU_ISE.Tests/VmxRefactoring/VmxHypercallBackendOwnerDecisionReadinessTests.cs,source,.cs,16052,2d703fd7cad501cdaa22a8377a8a1b77c887586c7a13e9e7e39d3298ad705f9d
HybridCPU_ISE.Tests/VmxRefactoring/VmxLegacyFastRemovalEvidenceContracts.cs,source,.cs,6572,7a083913490af7c4cb5fecbea913ab7e391afa9ea76b01c7619bab2e3fe8f08a
HybridCPU_ISE.Tests/VmxRefactoring/VmxMemoryIoLaneStreamBoundaryHardeningTests.cs,source,.cs,15330,d0c469d5f25e36aaf5ea4740d7dde89dfdc301b94c6252b183848f7ce05ceef8
HybridCPU_ISE.Tests/VmxRefactoring/VmxMemoryOwnedVmReadValueProjectionTests.cs,source,.cs,16410,839671140fc2c67a053c16d4fa5455e8a2d2f1b4f9453a33113e6f3a21b80bfc
HybridCPU_ISE.Tests/VmxRefactoring/VmxMigrationEvidenceRecomputedCompatibilityFieldTests.cs,source,.cs,14232,44241f0a37613d8d73a34e59e2ceb521bf3f900351587564ab39f8cce2228f65
HybridCPU_ISE.Tests/VmxRefactoring/VmxNestedChildIntentHardeningTests.cs,source,.cs,17528,280d44933a82d3f197f59b0d82ff3abe190ddec5984e1a0ffac4a08cd5af4701
HybridCPU_ISE.Tests/VmxRefactoring/VmxNestedCompositionEvidenceContracts.cs,source,.cs,1762,247c6ab663f90879496151c1d78bcf27daf0e50ccf1e5e23f530e1868ff5e683
HybridCPU_ISE.Tests/VmxRefactoring/VmxNeutralTrapResultSplitTests.cs,source,.cs,4909,e5d494a8ad0836886906a7db6e0b51478b844385f1c25a5e0da4073f37a83531
HybridCPU_ISE.Tests/VmxRefactoring/VmxPhase09To12ClosureCompletenessTests.cs,source,.cs,7248,27da87c1ac48352ef3e686b07cb14d2027607b500a9d9746e51d263b6fc196ee
HybridCPU_ISE.Tests/VmxRefactoring/VmxProjectionSchemaAndQuarantineTests.cs,source,.cs,181917,1da1abef4030e7874567919bf8f4e58b330ee61b305206fd022f6616905c2ef5
HybridCPU_ISE.Tests/VmxRefactoring/VmxQuarantineEvidenceManifest.cs,source,.cs,9764,adfc60fe2e88e19f6b91f0ad9d4b5ba0c6b17f5443ef5ff63c2b068a1d483825
HybridCPU_ISE.Tests/VmxRefactoring/VmxRetainedSurfaceAndFreezeEvidenceContracts.cs,source,.cs,13885,c224edc5e40f349a2d456b5038cfd2eeea124ca26663192a6ff68686debcca05
HybridCPU_ISE.Tests/VmxRefactoring/VmxTrapCompletionRouteOwnerTests.cs,source,.cs,8001,fb12585bc175516d5ffab8625cddd4127301861c1f532627bef61ac737fc6156
HybridCPU_ISE.Tests/VmxRefactoring/VmxTrapCompletionRouteRetirePublicationHardeningTests.cs,source,.cs,13745,af1f6950dc5d040661dbb1bc441b0a84d9fed334bfec8e7825f808553f3e02db
HybridCPU_ISE.Tests/VmxRefactoring/VmxTrapProjectionPublicationFenceTests.cs,source,.cs,11211,833f0d1f8f7aa98ba2a37a48209f9c4a3debc1ea552ccd55aa65d2b401d48cc6
HybridCPU_ISE.Tests/VmxRefactoring/VmxVmcsShadowManagerEvidenceContracts.cs,source,.cs,7113,15d3b068d78293a88adb09bd9817e9d056bdcdd5a700db31615a552f24dde4e3
HybridCPU_ISE.Tests/VmxRefactoring/VmxVmcsWriteCompatibilityControlPolicyTests.cs,source,.cs,9478,08e0d11a1a645747c91c279902534f64558002bd0ea6e9f9769530136231b238
HybridCPU_ISE/Arch/CsrAddresses.cs,source,.cs,8736,a2be00ba7d3248bc0aa4e3a49e238a5e0afdd919b5cf1c0d9d2e0bfa01893ef9
HybridCPU_ISE/Arch/DataType.cs,source,.cs,4154,60cd09858b5bf50078078c15f88e96df1e27c3006cdadaf93cbbc59a0d1e7fc9
HybridCPU_ISE/Arch/DataTypeEnum.cs,source,.cs,1117,97030fa6d50482ca3eddf211db43bd1ded8ef55bb846fae569e710fea7da9f17
HybridCPU_ISE/Arch/PowerControlCsr.cs,source,.cs,1698,87f296e4674d2716cbfe51ff567c4a4b5799732da14ad30f4fdee0f5e1a307c6
HybridCPU_ISE/CloseToRTL/Core/Architecture/Common/CPU_Core.Enums.cs,source,.cs,68620,157a4cbf48dc52d5b8d079e06e44880a32d72c8ea0044c5647a76c3b9fd6f209
HybridCPU_ISE/CloseToRTL/Core/Architecture/ExceptionsAndTraps/CPU_Core.InterruptDispatch.cs,source,.cs,1039,cf75e5c5de40d3d0daf91e792d083637e04fa0e78634e3b20071d13741520c8b
HybridCPU_ISE/CloseToRTL/Core/Architecture/ExceptionsAndTraps/InvalidVirtualThreadException.cs,source,.cs,2234,8bbec317df3c80e6a1790ac6545daa5f723f6e8d8dcc3b4f32f9f91befb544df
HybridCPU_ISE/CloseToRTL/Core/Architecture/MemoryModel/Addressing/MemoryRangeOverlap.cs,source,.cs,1308,3864b9646357d115c4c0b4b3960e658e1712585e27422cda7789f0d196c57bb9
HybridCPU_ISE/CloseToRTL/Core/Architecture/Registers/Architectural/ArchContextState.cs,source,.cs,1120,08b62d8329574e3bf80efa1e56ed29dd4c2a38e8c052fd2769f8d9c9287c6b01
HybridCPU_ISE/CloseToRTL/Core/Architecture/Registers/Architectural/ArchRegisterTripletEncoding.cs,source,.cs,2158,d9e6eadc9b893b1a6d1014c0430d3b397f1db9c3ecf2b7397d3e777ca106d6ef
HybridCPU_ISE/CloseToRTL/Core/Architecture/Registers/Architectural/CPU_Core.Registers.cs,source,.cs,12659,3b6a6d4f5867d8a08bd41bd02a0c330b6e2e58887ca2405c11ebdb4e5b18fb71
HybridCPU_ISE/CloseToRTL/Core/Architecture/Registers/Architectural/RegisterIdentity.cs,source,.cs,4850,2c26f5d02f321046828d1cd8376ce6d7dbdf55f67a2918d801b72b490c442fd4
HybridCPU_ISE/CloseToRTL/Core/Architecture/Registers/CSR/CsrAccessPolicy.cs,source,.cs,1655,4d899b1daa5442738b89730ff00d856cca381a81a7b7b1df65da008d78cc93d5
HybridCPU_ISE/CloseToRTL/Core/Architecture/Registers/CSR/CsrFile.cs,source,.cs,13936,a11957487b261eaf5c655a8c7184266ddc1822a1d6ca870c22f45a94ad50d74f
HybridCPU_ISE/CloseToRTL/Core/Architecture/Registers/Physical/PhysicalRegisterFile.cs,source,.cs,11352,a3656c94455340c54f66f39857323ca598c1b599286ee9fe4f931da34c8a784f
HybridCPU_ISE/CloseToRTL/Core/Architecture/Registers/Retire/RetireCoordinator.cs,source,.cs,3853,0f43843c9d5c6f1cd8e1fafd13a48bdb6b7a7ce69a7e0c510ee7bcfda4cb1c32
HybridCPU_ISE/CloseToRTL/Core/Architecture/Registers/Retire/RetireRecord.cs,source,.cs,1142,2beb9428323740722ffa6cf4a9a8208dfe00a37886ab7f3864a09aa0ef0b7aab
HybridCPU_ISE/CloseToRTL/Core/Architecture/State/Architectural/CPU_Core.ExecutionMode.cs,source,.cs,1032,c09edceda52a154a87cd44a23cf18f4e7cc6ec167a4b69c4d08ebd63ea5c30c2
HybridCPU_ISE/CloseToRTL/Core/Architecture/State/Architectural/CPU_Core.MatrixTileState.cs,source,.cs,10435,a46213a1f64008d1646841ade20016f6c6650da0414e43a2c8a3342f3668b5fd
HybridCPU_ISE/CloseToRTL/Core/Architecture/State/Architectural/CPU_Core.State.cs,source,.cs,34207,9d288a9497c35e33d21dd8741b80b5c219327e3419b9cf12e5203dd00b2e856a
HybridCPU_ISE/CloseToRTL/Core/Architecture/State/Architectural/CPU_Core.StateData.cs,source,.cs,26875,b96cdb883ec003e74dbbd043be6213a07cc77afb18a3f9772a348ddaf3ba0d72
HybridCPU_ISE/CloseToRTL/Core/Architecture/State/Architectural/CPU_Core.StateData.RuntimeOwnership.cs,source,.cs,5863,cdc335791223f2005cc3bacea739e23c39942287042c66962561bb2ec290f50c
HybridCPU_ISE/CloseToRTL/Core/Architecture/State/Architectural/CPU_Core.VectorConfig.cs,source,.cs,18685,f0f8983e51774a2846ba37a2de7889a5d0b91fea072fef1fbeffad81b5857f40
HybridCPU_ISE/CloseToRTL/Core/Architecture/State/Microarchitectural/CPU_Core.MainMemoryBinding.cs,source,.cs,4614,e632df7d96b19d585a781ba8002245446e133348274ee28ad7aa7e81e55201ac
HybridCPU_ISE/CloseToRTL/Core/Architecture/State/Microarchitectural/CPU_Core.MemorySubsystemBinding.cs,source,.cs,2109,46356677c9ea4346ea2433b05a267ea5dc30ce2d4ed2263633018833245a4ba5
HybridCPU_ISE/CloseToRTL/Core/Architecture/State/Pipeline/CPU_Core.FSM.cs,source,.cs,3130,aa57ab805469586d9db7072390e07a0f78fe1dc9042ca3026b1e432932ad3e3d
HybridCPU_ISE/CloseToRTL/Core/Architecture/State/Pipeline/PipelineFsmGuard.cs,source,.cs,9676,0f431c069893c6999e5cce7c22053a97684dfb50de4ed1a215a49b4a04be4ccc
HybridCPU_ISE/CloseToRTL/Core/Architecture/State/Pipeline/PipelineState.cs,source,.cs,7407,a58565f075b976bd90c31b2cd30e44ba8111cb40fb204ca7ab49122423899588
HybridCPU_ISE/CloseToRTL/Core/Architecture/State/Pipeline/PipelineTransitionTrigger.cs,source,.cs,6202,3c55d3406b7fa1a1eb4fb1711288c19e38cb0f4adb8cc7f8e104a9b2646b572b
HybridCPU_ISE/CloseToRTL/Core/Execution/Dispatch/ExecutionDispatcherV4.cs,source,.cs,17226,8f716c0caf766fc0215c2276f596c52c1c6704974704d4c3fc6aa1431468fbbb
HybridCPU_ISE/CloseToRTL/Core/Execution/Dispatch/ExecutionDispatcherV4.CsrAndSmtVt.cs,source,.cs,12717,87fbbd7900e844874efc75d6d2d240a068762c70a8344bbbb2df07f81960b061
HybridCPU_ISE/CloseToRTL/Core/Execution/Dispatch/ExecutionDispatcherV4.MemoryAndControl.cs,source,.cs,10641,1d7f9b18784e8ed1c7f948c37e8a742eaa12693c61aa626f3b56860a42559b16
HybridCPU_ISE/CloseToRTL/Core/Execution/Dispatch/ExecutionDispatcherV4.Scalar.cs,source,.cs,12490,1c64da593f361d9ff8108a8aeafa6bb086e93e50bb30c70423b1ff2330cbd289
HybridCPU_ISE/CloseToRTL/Core/Execution/Dispatch/ExecutionDispatcherV4.System.cs,source,.cs,7496,2de58846cfbb863f414ba16d6af1c20b6f9e3c190ebd755680e9235fd9e1e92b
HybridCPU_ISE/CloseToRTL/Core/Execution/Dispatch/ExecutionDispatcherV4.VmxCompatibility.cs,source,.cs,1687,4b86423fac1d14231eeee515f205b8e7fe183b42173ceba9ebfcdf0e999891ab
HybridCPU_ISE/CloseToRTL/Core/Execution/Dispatch/ExecutionEngine.cs,source,.cs,3293,f3e4ac0db05f3e5ffd6636c5a1ff211039903d3de50f4cbe670cc781d3d831fe
HybridCPU_ISE/CloseToRTL/Core/Execution/ExternalAccelerators/Backends/MatMulAccelerator.cs,source,.cs,4716,ab31d8d39adfc63121345307c7b5e8352f8f67aca5439d38c0ccc48400011ce2
HybridCPU_ISE/CloseToRTL/Core/Execution/Memory/AtomicMemory/AtomicMemoryUnit.cs,source,.cs,22606,133d11401c3cceffbffb5c36bd669ffd735c57eed543c01519f0c5d186343997
HybridCPU_ISE/CloseToRTL/Core/Execution/Memory/Cache/CPU_Core.Cache.Assist.cs,source,.cs,7108,22c28b613aa7303a73668e395ecd0224d1dacea53e3f72012a4552830ab7a51d
HybridCPU_ISE/CloseToRTL/Core/Execution/Memory/Cache/CPU_Core.Cache.cs,source,.cs,19395,89a5aa3ea3589242bb890a0332aaabffd52a0feab055dae4ac391f0f01d224e2
HybridCPU_ISE/CloseToRTL/Core/Execution/Memory/LoadStore/MemoryBankRouting.cs,source,.cs,1995,387e3bcd734a390351b0bd83a76f0e876adeca45168e2f0e36ef8c6d9cb789f9
HybridCPU_ISE/CloseToRTL/Core/Execution/Memory/LoadStore/MemoryUnit.cs,source,.cs,14061,28861df63d9cb5e4b53bdb88e6dd4d26c828297c776ee9006fad58b0bdc84cd0
HybridCPU_ISE/CloseToRTL/Core/Execution/Memory/Ordering/GlobalMemoryConflictService.cs,source,.cs,36260,f95d491c986e9f6414f067b66f5faa63b894fa1523c3390b1ab313691315112c
HybridCPU_ISE/CloseToRTL/Core/Execution/Memory/Scratch/CPU_Core.StreamScratch.cs,source,.cs,10116,85467b7d76bf0a64ae29f70668ee8c607a4ba5146137a67667c550934398c6aa
HybridCPU_ISE/CloseToRTL/Core/Execution/Memory/Scratch/ScratchBankController.cs,source,.cs,7398,68725417a7972ba68ed65fafc408a10ace88f69796f53ed1c354fd6f5ad85cfd
HybridCPU_ISE/CloseToRTL/Core/Execution/Scalar/ALU/CPU_Core.ALU.cs,source,.cs,1678,75a506ce84db054f6ef6168b68aac87ba024c8a1d27d0cf053e8d2de1c2d6508
HybridCPU_ISE/CloseToRTL/Core/Execution/Scalar/ALU/ScalarAluOps.cs,source,.cs,23693,1db727d7a432bc42637da3514c63e66eff8fdf68960ba6c671598675291299ba
HybridCPU_ISE/CloseToRTL/Core/Execution/Scalar/BranchControl/CPU_Core.ControlFlow.cs,source,.cs,6760,340353002b386a9c33d46e98aae7dc775ee4c61db4fbab6e768ccb82363e8125
HybridCPU_ISE/CloseToRTL/Core/Execution/StreamEngine/AddressGeneration/StreamEngine.AddressGen.cs,source,.cs,7489,00900a4b90e779a0a62c8770f8640c3dd132835c3f40374365cf7261c39f27f0
HybridCPU_ISE/CloseToRTL/Core/Execution/StreamEngine/BurstIO/BurstPlanner.cs,source,.cs,16783,4c44153dd7fca6ce352a46f149461847d4d5bcfff19eae0900c870977ba94209
HybridCPU_ISE/CloseToRTL/Core/Execution/StreamEngine/BurstIO/NoC_XY_Router.cs,source,.cs,16918,8db8b807dca37a078400ed8039ac12f7cdbe7e9a44ef747f5d91d120188d61ce
HybridCPU_ISE/CloseToRTL/Core/Execution/StreamEngine/BurstIO/StreamEngine.BurstIO.cs,source,.cs,44017,6e7f679bb51d566b10fc114441e312bd26d44c9680821443c5880277b74b3ad4
HybridCPU_ISE/CloseToRTL/Core/Execution/StreamEngine/BurstIO/TransactionReorderBuffer.cs,source,.cs,8856,4bd4d0e30c0d71e3ca46ef8a6e3ea485377c3cec9f35d44a4fd01529536c5e9e
HybridCPU_ISE/CloseToRTL/Core/Execution/StreamEngine/Classification/StreamEngine.Classification.cs,source,.cs,8885,bbca811bcd746848f1ec02afeba74a9954d0c1461f7ef464a943c5687144757b
HybridCPU_ISE/CloseToRTL/Core/Execution/StreamEngine/Modes/StreamEngine.cs,source,.cs,31834,1bc99eed31f447b2371bef8ab468a2e2e2573d54d4b5d6ba2d40f2b2f739f1cf
HybridCPU_ISE/CloseToRTL/Core/Execution/StreamEngine/Modes/StreamEngine.Execute1D.cs,source,.cs,39469,b45bd585510805e798de3a6884a651ec5c76ab5d67cd04eab7ea2181e4e61f7b
HybridCPU_ISE/CloseToRTL/Core/Execution/StreamEngine/Modes/StreamEngine.ExecuteModes.cs,source,.cs,25841,a8f909c76a96577113669e6589e5d24c1baf337cdcbb7b3f2f2b105c59f5d4c0
HybridCPU_ISE/CloseToRTL/Core/Execution/StreamEngine/Prefetch/StreamEngine.Prefetch.cs,source,.cs,10717,690a6f3b6ee0264b43338f53207f9ac272ddeb95acaa87f05cf7b1d35e3b43cd
HybridCPU_ISE/CloseToRTL/Core/Execution/Vector/ALU/VectorALU.cs,source,.cs,64309,157d8d160216ac4aa1adf359356d1caba165f43cf11774de735a919233c8a3c2
HybridCPU_ISE/CloseToRTL/Core/Execution/Vector/ALU/VectorALU.FMA.cs,source,.cs,6482,92256fe7f9d2ebfa34ab0539c665c95f78da3c7483c7f064cc4c0d7d2f6c0106
HybridCPU_ISE/CloseToRTL/Core/Execution/Vector/Codec/ElementCodec.cs,source,.cs,21060,098f61a1b1738d262b6395d296caa07683e66be44761e31e9ee664559dd452c8
HybridCPU_ISE/CloseToRTL/Core/Execution/Vector/Compare/VectorALU.Comparison.cs,source,.cs,9675,a6ad181e6ab70263b813e5411f2c48028b0bff1b2ff9178c03dcd1601fd9b818
HybridCPU_ISE/CloseToRTL/Core/Execution/Vector/Reduction/VectorALU.Reduction.cs,source,.cs,5396,04a0e66ba6030c423114c0c9ab6af9d7b908bb3f8a189be8f00d802cbb2751fb
HybridCPU_ISE/CloseToRTL/Core/Execution/Vector/Saturating/VectorALU.Saturating.cs,source,.cs,10491,a9e5ace3cbdb6533b8e6c8c37323124406e1f62fdc08ed6baf192dff5cd2e5cc
HybridCPU_ISE/CloseToRTL/Core/Execution/Vector/Scan/VectorALU.Scan.cs,source,.cs,1918,5e855ebe29e2134273e613a1f84a73e23196f9bfcb3f64245d5d233a99de8e86
HybridCPU_ISE/CloseToRTL/Core/Frontend/Decode/BundleParser/CPU_Core.Decoder.cs,source,.cs,26535,d9d249b6c6b45e5daa5d5b52df40f19a6c012ad95e5752678140236e77921079
HybridCPU_ISE/CloseToRTL/Core/Frontend/Decode/VliwDecoderV4Bridge/VliwDecoderV4.cs,source,.cs,65118,1742d1cc485040675a98e731ee336cff68a412cb7383172d71d8024dfe5fd091
HybridCPU_ISE/CloseToRTL/Core/ISA/Instructions/NonVmx/CompatibilityConformance/Phase15CompatibilityConformanceSweepContract.cs,source,.cs,1921,450e6a52f1501bd2e5a73aa9eea5c97fb05d4648b6a80c673f00bb558dd2d78e
HybridCPU_ISE/CloseToRTL/Core/ISA/Instructions/NonVmx/Docs/cuccess/NON_VMX_ITERATION_03B_SCALAR_EXTENSION_CLOSED_2026-05-26.md,doc,.md,2457,8033530ce9d212e1dfa121cf1aef4674cd54e01175a39b41aaeae2cf04cf7021
HybridCPU_ISE/CloseToRTL/Core/ISA/Instructions/NonVmx/Docs/cuccess/NON_VMX_ITERATION_03C_ROTATE_CLOSED_2026-05-26.md,doc,.md,2584,e7d5bd41cf23e0f79bcf727905ad286f13e9869afd1e437be9f74e064fc9bab8
HybridCPU_ISE/CloseToRTL/Core/ISA/Instructions/NonVmx/Docs/cuccess/NON_VMX_ITERATION_04A_SCALAR_DEFERRED_TEMPLATES_2026-05-26.md,doc,.md,1728,54e003116a5213f134060d243a0f5c29540427e0c6021b0b82998ab97931cb8b
HybridCPU_ISE/CloseToRTL/Core/ISA/Instructions/NonVmx/Docs/cuccess/NON_VMX_ITERATION_04B_VECTOR_LANE6_LANE7_TEMPLATES_2026-05-26.md,doc,.md,2146,5e0c5fe56c1e82cba6c4738c083a9ce9b339e19788354ab2f59752ef35c3083d
HybridCPU_ISE/CloseToRTL/Core/ISA/Instructions/NonVmx/Docs/cuccess/NON_VMX_ITERATION_04C_REMAINING_SCALAR_TEMPLATES_2026-05-26.md,doc,.md,2607,5d33c9d1d90f15c132c77cf9afc76c158710a0de6217c623671c488cee875312
HybridCPU_ISE/CloseToRTL/Core/ISA/Instructions/NonVmx/Docs/cuccess/NON_VMX_ITERATION_07A_VECTOR_PREDICATE_LEAF_TEMPLATES_2026-05-26.md,doc,.md,1837,3814288b738875293366a1fc7a6b36902f4cffc79eaff9c50ef36a1ec2c9b4f6
HybridCPU_ISE/CloseToRTL/Core/ISA/Instructions/NonVmx/Docs/cuccess/NON_VMX_ITERATION_08A_VECTOR_WIDEN_NARROW_CONVERT_LEAF_TEMPLATES_2026-05-26.md,doc,.md,2147,3efde925cf5b03054ba78791f138d55aa2313765206d3e50ecf50b69c3ff2260
HybridCPU_ISE/CloseToRTL/Core/ISA/Instructions/NonVmx/Docs/cuccess/NON_VMX_ITERATION_09A_VECTOR_SEGMENT_STRUCTURE_MEMORY_LEAF_TEMPLATES_2026-05-26.md,doc,.md,2936,c3e3ba1fbb8e045e42b7f4be4c2fb72384ea73fce949723fe37df03be230e465
HybridCPU_ISE/CloseToRTL/Core/ISA/Instructions/NonVmx/Docs/cuccess/NON_VMX_ITERATION_10A_VECTOR_FIXED_POINT_SATURATING_LEAF_TEMPLATES_2026-05-26.md,doc,.md,2943,2ec98032c7e0143b2518e02206ca253789f8f3e473d959f7ecbc9571efc84133
HybridCPU_ISE/CloseToRTL/Core/ISA/Instructions/NonVmx/Docs/cuccess/NON_VMX_ITERATION_11A_DOT_MATRIX_LEAF_TEMPLATES_2026-05-26.md,doc,.md,2740,dbc7bdbdbc5ca0af1f949256b8f699268c736abf4fadb6cc1d1bb03f10d2cbc5
HybridCPU_ISE/CloseToRTL/Core/ISA/Instructions/NonVmx/Docs/cuccess/NON_VMX_ITERATION_12A_LANE6_DESCRIPTOR_OP_SHAPE_LEAF_TEMPLATES_2026-05-26.md,doc,.md,3662,733650378b11dc11db0de4a51d35f68a2efcb260367f89ce70a232b2e43da621
HybridCPU_ISE/CloseToRTL/Core/ISA/Instructions/NonVmx/Docs/cuccess/NON_VMX_ITERATION_13A_LANE6_QUEUE_QUERY_DSC2_LEAF_METADATA_2026-05-26.md,doc,.md,2997,baced6fd604e4f893651f20273c1d0c39646c4425f976d2c623e3bb11b709d51
HybridCPU_ISE/CloseToRTL/Core/ISA/Instructions/NonVmx/Docs/cuccess/NON_VMX_ITERATION_14A_LANE7_COUNTER_HINT_LEAF_METADATA_2026-05-26.md,doc,.md,2666,5eea74c6c2f828461a5c3afc21e236de9249c4d44df82b280607c0d32fd69174
HybridCPU_ISE/CloseToRTL/Core/ISA/Instructions/NonVmx/Docs/cuccess/NON_VMX_METADATA_PASS_01A_SCALAR_LEAF_METADATA_2026-05-26.md,doc,.md,2004,ca40b399930c72cd36e7a6347fbfafc642722a8afff7e8eb7fcec6bd2723e6a1
HybridCPU_ISE/CloseToRTL/Core/ISA/Instructions/NonVmx/Docs/cuccess/NON_VMX_METADATA_PASS_01B_SCALAR_04A_LEAF_METADATA_2026-05-26.md,doc,.md,2821,32f4276e079b2aef71f5b8b76e3d900d6b951dc1c2a61950c72be5c5ccbeba6c
HybridCPU_ISE/CloseToRTL/Core/ISA/Instructions/NonVmx/Docs/ImplPlan/PHASE_00_CURRENT_STATE_AUDIT.md,doc,.md,6413,e53f08b660f5e4542b3da981eef451a5e849a61b8742139331af12c59163e0c9
HybridCPU_ISE/CloseToRTL/Core/ISA/Instructions/NonVmx/Docs/ImplPlan/PHASE_01_SCALAR_EXECUTION_PARTIALS.md,doc,.md,8827,1987f12557c225da021f8cfcb22cb4f131ac64bf3bc5ace0a9c300c63f974d5e
HybridCPU_ISE/CloseToRTL/Core/ISA/Instructions/NonVmx/Docs/ImplPlan/PHASE_01A_CPOP_POPCNT_DECISION_GATE.md,doc,.md,3668,e0d0356e8d17dc465332a46c559206ab6ae984460ca529c5d1905c986d641b6b
HybridCPU_ISE/CloseToRTL/Core/ISA/Instructions/NonVmx/Docs/ImplPlan/PHASE_01B_BOOLEAN_INVERT_DECISION_GATE.md,doc,.md,2688,b3c7b5ff3a1fbd07717f71a4fcd4c65754abc99da44ad9f2ddc49463dc6afac6
HybridCPU_ISE/CloseToRTL/Core/ISA/Instructions/NonVmx/Docs/ImplPlan/PHASE_01B_ORN_XNOR_DECISION_REQUIRED_2026-05-27.md,doc,.md,1701,c2f0af6ac85634990bf00b8420238a32d298fb1a44d941a3ef402efb9608d90e
HybridCPU_ISE/CloseToRTL/Core/ISA/Instructions/NonVmx/Docs/ImplPlan/PHASE_01C_SCALAR_MIN_MAX_DECISION_GATE.md,doc,.md,2791,4517cdce73d0cf09088922ba5584adcb03e7d2f69bfc3d8266ea4e17f12e59a5
HybridCPU_ISE/CloseToRTL/Core/ISA/Instructions/NonVmx/Docs/ImplPlan/PHASE_01D_BYTE_BIT_REVERSE_DECISION_GATE.md,doc,.md,3777,9cd74d89ed9b209f2f3e9193b916fe3a0a3f7ad63b12cfabba5c607e70f9073e
HybridCPU_ISE/CloseToRTL/Core/ISA/Instructions/NonVmx/Docs/ImplPlan/PHASE_01E_SCALAR_SELECT_DECISION_GATE.md,doc,.md,4751,a5c11d3b812c860f5861743b4a0e746e0985add862e790d4b57100672aaa588d
HybridCPU_ISE/CloseToRTL/Core/ISA/Instructions/NonVmx/Docs/ImplPlan/PHASE_01F_ZERO_COMPARE_FACADE_DECISION_GATE.md,doc,.md,3616,393c004606bf978fc3a3fdbcd6cd37c594d3c9037132aba6268d953b19ff64f1
HybridCPU_ISE/CloseToRTL/Core/ISA/Instructions/NonVmx/Docs/ImplPlan/PHASE_02_SCALAR_BITFIELD_AND_ROTATE_IMMEDIATE.md,doc,.md,6309,7921e5c2799138f58af6a3ee7f494bf7a96cb7bf1a8027af7571e97da8a039d6
HybridCPU_ISE/CloseToRTL/Core/ISA/Instructions/NonVmx/Docs/ImplPlan/PHASE_03_ADDRESS_GENERATION_UW.md,doc,.md,4275,b2a3c5b654a1f6e9a4d026837874c9d5870d4574a23069529a3ac8a08b527c2f
HybridCPU_ISE/CloseToRTL/Core/ISA/Instructions/NonVmx/Docs/ImplPlan/PHASE_04_CARRYLESS_CRC_MULTIPRECISION.md,doc,.md,6682,3816d71f3df395a3f6543949678f93c99b7b878067fe2cb9ad96b8572afc4e6b
HybridCPU_ISE/CloseToRTL/Core/ISA/Instructions/NonVmx/Docs/ImplPlan/PHASE_05_VECTOR_PREDICATE_AND_SELECT.md,doc,.md,8595,6bf5949846cf2f2b1421b9ec7e16679d9bed651badf28058899f534579b5fa3a
HybridCPU_ISE/CloseToRTL/Core/ISA/Instructions/NonVmx/Docs/ImplPlan/PHASE_06_VECTOR_WIDEN_NARROW_CONVERT.md,doc,.md,7693,b1d7296abe04d10903728450573c295e31ed9ef690cf2aaa941e7fac095c1f47
HybridCPU_ISE/CloseToRTL/Core/ISA/Instructions/NonVmx/Docs/ImplPlan/PHASE_07_VECTOR_SEGMENT_STRUCTURE_MEMORY.md,doc,.md,8165,e6e1834f706a7df4c9838deb9a74249bec9bd50f35b5f8dbbdbcd6c59360f144
HybridCPU_ISE/CloseToRTL/Core/ISA/Instructions/NonVmx/Docs/ImplPlan/PHASE_08_VECTOR_FIXED_POINT_SATURATING.md,doc,.md,7166,ecbe9bb5518ef6104c37705f97b8cd20cac29ba56a94d18ade97965d15f69092
HybridCPU_ISE/CloseToRTL/Core/ISA/Instructions/NonVmx/Docs/ImplPlan/PHASE_09_DOT_MATRIX_DEFERRAL_BOUNDARY.md,doc,.md,8862,5c4a14068c25d0d52ee91f3cc966d2d88dfb2c60b96df5ac46af34267e6e5577
HybridCPU_ISE/CloseToRTL/Core/ISA/Instructions/NonVmx/Docs/ImplPlan/PHASE_09B_MATRIX_TILE_NEGATIVE_GOLDEN_MANIFEST_2026-06-07.md,doc,.md,1777,90b23dc7c883ed13cd1a9cffbfa8835d1a832bfc606648b72fb55b64217e6396
HybridCPU_ISE/CloseToRTL/Core/ISA/Instructions/NonVmx/Docs/ImplPlan/PHASE_09B_MATRIX_TILE_RUNTIME_ISA_OPENING_DECISION_2026-06-07.md,doc,.md,8498,c09122510e853920ac40ab44ae33344319d5253c361ca5b6cab8883b6c58102e
HybridCPU_ISE/CloseToRTL/Core/ISA/Instructions/NonVmx/Docs/ImplPlan/PHASE_10_LANE6_DESCRIPTOR_OPS.md,doc,.md,6536,807941ac51d21862c4ef4006c6834151291a18f055a67d2d0e46f9dfd06e9048
HybridCPU_ISE/CloseToRTL/Core/ISA/Instructions/NonVmx/Docs/ImplPlan/PHASE_11_LANE6_QUEUE_QUERY_DSC2.md,doc,.md,6131,db24ad80c6d01c4d9f94288efe160ee0f6141fdc2fcdeb08f90c6e5442efa0fa
HybridCPU_ISE/CloseToRTL/Core/ISA/Instructions/NonVmx/Docs/ImplPlan/PHASE_12_LANE7_COUNTER_HINTS.md,doc,.md,3620,d114415ceb8fb48de039e885109f3a00f623cee99fb6d1bc6ee7bb9f83962308
HybridCPU_ISE/CloseToRTL/Core/ISA/Instructions/NonVmx/Docs/ImplPlan/PHASE_13_LANE7_CACHE_TLB_IOMMU.md,doc,.md,4872,e1eed00280894e28baf22f8480c8e4f08c3fd7dbb8bce3f61c504e8fb89947e3
HybridCPU_ISE/CloseToRTL/Core/ISA/Instructions/NonVmx/Docs/ImplPlan/PHASE_14_LANE7_ACCELERATOR_CONTROL.md,doc,.md,4921,37fcab961b8123ea8bb7c04cb356c17935ad754519618f80d5ae4582b5db2d09
HybridCPU_ISE/CloseToRTL/Core/ISA/Instructions/NonVmx/Docs/ImplPlan/PHASE_15_COMPATIBILITY_CONFORMANCE_SWEEP.md,doc,.md,4613,c7eb40a438bcc9f9a28b0055b762275ff51248ea73c4b99bfd53b67b17eecc3f
HybridCPU_ISE/CloseToRTL/Core/ISA/Instructions/NonVmx/Docs/ImplPlan/README.md,doc,.md,13529,5bdd7382b54a81c239b13ec23051611bb61768b151ca5d9d374f37face9de1fe
HybridCPU_ISE/CloseToRTL/Core/ISA/Instructions/NonVmx/Docs/NON_VMX_CLOSE_TO_RTL_IMPLEMENTATION_PLAN.md,doc,.md,112962,ecb9f6b99855ef6e431092e4b8238a8ffb646e0f82fe7a5cacdd1535d6f58f98
HybridCPU_ISE/CloseToRTL/Core/ISA/Instructions/NonVmx/Docs/NON_VMX_MISSING_INSTRUCTIONS_CURRENT_SHORTLIST_2026-05-25.md,doc,.md,32215,22981308fc3cd658a67843b9d73525d383c32425c260b80618fe2842923d27dc
HybridCPU_ISE/CloseToRTL/Core/ISA/Instructions/NonVmx/Lane06DmaStream/CarrierV2/Dsc2DescriptorCarrier.cs,source,.cs,4231,57179bcdc1339661268e2ff11337927ac0d1303292d38858ae375b304db7072e
HybridCPU_ISE/CloseToRTL/Core/ISA/Instructions/NonVmx/Lane06DmaStream/DescriptorOps/Arithmetic/DscAbsDiffDescriptorOp.cs,source,.cs,3286,d5325666fbc6f9efebdc659dcd2518ac0aacf31160a0dc8eef5550ee96d5b81e
HybridCPU_ISE/CloseToRTL/Core/ISA/Instructions/NonVmx/Lane06DmaStream/DescriptorOps/Arithmetic/DscClampDescriptorOp.cs,source,.cs,3272,4e24e10107c4c76ff5ffb254294b7c5d4cd3c492e6d06ce4086efab4e655aed2
HybridCPU_ISE/CloseToRTL/Core/ISA/Instructions/NonVmx/Lane06DmaStream/DescriptorOps/Arithmetic/DscMaxDescriptorOp.cs,source,.cs,3279,574aea9a69e534b6141be1994a52a98611c8c8422a0511b1a0b08df54ae6c310
HybridCPU_ISE/CloseToRTL/Core/ISA/Instructions/NonVmx/Lane06DmaStream/DescriptorOps/Arithmetic/DscMinDescriptorOp.cs,source,.cs,3279,1da18948f54d62c5ecdb240806d2c5f18ce617580e7615611b4a6d64fca1b167
HybridCPU_ISE/CloseToRTL/Core/ISA/Instructions/NonVmx/Lane06DmaStream/DescriptorOps/Arithmetic/DscSubDescriptorOp.cs,source,.cs,3263,a5344413f8b41bd2f62326059c60de83cb731088e96f5ddc8d9a46dde74f4d5f
HybridCPU_ISE/CloseToRTL/Core/ISA/Instructions/NonVmx/Lane06DmaStream/DescriptorOps/Predicate/DscCompareDescriptorOp.cs,source,.cs,3287,ba2790b682e9876c2a005feaec20490fcb2d7188b0d845cd8775e7a57a1393f1
HybridCPU_ISE/CloseToRTL/Core/ISA/Instructions/NonVmx/Lane06DmaStream/DescriptorOps/Predicate/DscSelectDescriptorOp.cs,source,.cs,3359,5803e57b19155d1f83139a7be777478b85476fc98e7a436bff0c702a099db72e
HybridCPU_ISE/CloseToRTL/Core/ISA/Instructions/NonVmx/Lane06DmaStream/DescriptorOps/Reduction/DscReduceAndDescriptorOp.cs,source,.cs,3364,673a04a5f446e5f3c54bcabbcff07f69378b4c8f1cf6d4a4fa67c59aaa490ca7
HybridCPU_ISE/CloseToRTL/Core/ISA/Instructions/NonVmx/Lane06DmaStream/DescriptorOps/Reduction/DscReduceMaxDescriptorOp.cs,source,.cs,3367,2ad2f858fb208bcab6c92cac14d3b93a8aa8927794fe8b524efa804bceff9bf9
HybridCPU_ISE/CloseToRTL/Core/ISA/Instructions/NonVmx/Lane06DmaStream/DescriptorOps/Reduction/DscReduceMinDescriptorOp.cs,source,.cs,3367,ecd114065b5b8c421b41351c1bad9d2a9c114f4cb15cb8fc97984390362e3665
HybridCPU_ISE/CloseToRTL/Core/ISA/Instructions/NonVmx/Lane06DmaStream/DescriptorOps/Reduction/DscReduceOrDescriptorOp.cs,source,.cs,3362,a40eacc02b6cdeeb304201830aae2d1eedaf069abcde67401668a3fea73b7fe6
HybridCPU_ISE/CloseToRTL/Core/ISA/Instructions/NonVmx/Lane06DmaStream/DescriptorOps/Reduction/DscReduceSumDescriptorOp.cs,source,.cs,3356,2b37f781cfafe80861917ce06c873cdaafff884faa220bfc212be7aba9ae133e
HybridCPU_ISE/CloseToRTL/Core/ISA/Instructions/NonVmx/Lane06DmaStream/DescriptorOps/Reduction/DscReduceXorDescriptorOp.cs,source,.cs,3364,5cacf6a88d86536957fd7404154806e67a2375d6d48b617c821351f86aa90e6a
HybridCPU_ISE/CloseToRTL/Core/ISA/Instructions/NonVmx/Lane06DmaStream/DescriptorOps/ShapeRange/Dsc2DShapeContour.cs,source,.cs,3574,3e99bd1b7f663d24e3920f2f323a161e02573a356e879fcf1ba21418f1cb1a00
HybridCPU_ISE/CloseToRTL/Core/ISA/Instructions/NonVmx/Lane06DmaStream/DescriptorOps/ShapeRange/DscMultiRangeShapeContour.cs,source,.cs,3603,ee72b4455ab0c9e902344e6c86c8c61499cf9fafc39c33d46a6bd62015c6e667
HybridCPU_ISE/CloseToRTL/Core/ISA/Instructions/NonVmx/Lane06DmaStream/DescriptorOps/ShapeRange/DscScatterGatherShapeContour.cs,source,.cs,3632,36f11c3fa62be96859a5383cac851afce9b0581782d81a0ebaad51e0f7a13945
HybridCPU_ISE/CloseToRTL/Core/ISA/Instructions/NonVmx/Lane06DmaStream/DescriptorOps/ShapeRange/DscStridedShapeContour.cs,source,.cs,3588,65cdb9ad1e438a787ba7729146f97dc4fa4d1d1f8e2c35ea038041a3bd4f3659
HybridCPU_ISE/CloseToRTL/Core/ISA/Instructions/NonVmx/Lane06DmaStream/DescriptorOps/ShapeRange/DscTiledShapeContour.cs,source,.cs,3585,d54931914d2bf8d506a59eb3d3b9f7a936c819ad7c6dd477299e2b2bd8ef7938
HybridCPU_ISE/CloseToRTL/Core/ISA/Instructions/NonVmx/Lane06DmaStream/DescriptorOps/TypeConversion/DscConvertDescriptorOp.cs,source,.cs,3367,2818c57af8b3908208af465014813fce9d5c7b590847e2952fc57a2f550e0f32
HybridCPU_ISE/CloseToRTL/Core/ISA/Instructions/NonVmx/Lane06DmaStream/NonVmxLane06DeferredTemplates.cs,source,.cs,103,612fa7e5f983a144cc6873c06a5b53ac805b4b9c7584a415e524022be587cb54
HybridCPU_ISE/CloseToRTL/Core/ISA/Instructions/NonVmx/Lane06DmaStream/Queries/DscQueryBackendInstruction.cs,source,.cs,4135,b412b7de221122fb3f5439729bd00c121c3c32a510c46473d8878c4e3f8a0abe
HybridCPU_ISE/CloseToRTL/Core/ISA/Instructions/NonVmx/Lane06DmaStream/Queries/DscQueryShapeInstruction.cs,source,.cs,4112,e62210ae82798ba159b824bf61b687bdd2cff08c7cffe24ca8b0a35e389bd9cf
HybridCPU_ISE/CloseToRTL/Core/ISA/Instructions/NonVmx/Lane06DmaStream/QueueLifecycle/DscCancelInstruction.cs,source,.cs,4137,0ad9fe28796c57c1c8f71332ac31f56c1d6bb6e59e263b15796ec17b3a405eb8
HybridCPU_ISE/CloseToRTL/Core/ISA/Instructions/NonVmx/Lane06DmaStream/QueueLifecycle/DscCommitInstruction.cs,source,.cs,4187,68dd8402fd7f518e12c8ac1eace25b275747adfc694ab7cfb25fa25e9ee4701b
HybridCPU_ISE/CloseToRTL/Core/ISA/Instructions/NonVmx/Lane06DmaStream/QueueLifecycle/DscFenceInstruction.cs,source,.cs,4164,ea6608f9de7956efdd7c5d085b83796cd3f0837b2b7e140dce96dafd6fb8e455
HybridCPU_ISE/CloseToRTL/Core/ISA/Instructions/NonVmx/Lane06DmaStream/QueueLifecycle/DscPollInstruction.cs,source,.cs,4078,0c396464e28807c976e60d494324e3e29b748ff02584de5203b4a46370d112a8
HybridCPU_ISE/CloseToRTL/Core/ISA/Instructions/NonVmx/Lane06DmaStream/QueueLifecycle/DscWaitInstruction.cs,source,.cs,4116,8e1f9bad82bd20bcd938f4f965b67e4bc436eb8154f315e3011f61c5336c019b
HybridCPU_ISE/CloseToRTL/Core/ISA/Instructions/NonVmx/Lane07SystemControl/AcceleratorControl/Lifecycle/AccelCloseInstruction.AuthorityContract.cs,source,.cs,2068,16642b3b58480ad3cef4c3e88ea1d2b04c88c3701a7d1f03895f0ef6aba0fd26
HybridCPU_ISE/CloseToRTL/Core/ISA/Instructions/NonVmx/Lane07SystemControl/AcceleratorControl/Lifecycle/AccelCloseInstruction.cs,source,.cs,178,7c9e3b1be3b798789e48cbea909f17ac30ad656884d3938a7794ec2b9e0fa073
HybridCPU_ISE/CloseToRTL/Core/ISA/Instructions/NonVmx/Lane07SystemControl/AcceleratorControl/Lifecycle/AccelCloseInstruction.LifecycleContract.cs,source,.cs,847,5a4a8b52ca5864b9115ec528bd5b7affdbd10065f91cec74714e2777bea8f9c0
HybridCPU_ISE/CloseToRTL/Core/ISA/Instructions/NonVmx/Lane07SystemControl/AcceleratorControl/Lifecycle/AccelOpenInstruction.AuthorityContract.cs,source,.cs,2067,4f6f0e32174ff873b836bd3535850cd552ff9b080cce4c35a228bd06470c020a
HybridCPU_ISE/CloseToRTL/Core/ISA/Instructions/NonVmx/Lane07SystemControl/AcceleratorControl/Lifecycle/AccelOpenInstruction.cs,source,.cs,177,3a2b38d5eac7bd00a4b3aee2d5e4a70014f1fd1c327196f6ad405c4a0550a1cd
HybridCPU_ISE/CloseToRTL/Core/ISA/Instructions/NonVmx/Lane07SystemControl/AcceleratorControl/Lifecycle/AccelOpenInstruction.LifecycleContract.cs,source,.cs,846,9b6aa8ccf12e332a3fa4e7d4f7f6f580337a8171bd04901f9c48216db8bd5c59
HybridCPU_ISE/CloseToRTL/Core/ISA/Instructions/NonVmx/Lane07SystemControl/AcceleratorControl/QueueBinding/AccelBindQueueInstruction.AuthorityContract.cs,source,.cs,2209,b2d4af424cd66ce188a14c1fd0a3cca15f3bea26f55123877043a3e97289ff7c
HybridCPU_ISE/CloseToRTL/Core/ISA/Instructions/NonVmx/Lane07SystemControl/AcceleratorControl/QueueBinding/AccelBindQueueInstruction.cs,source,.cs,185,106fa6c34bd45ec98cad8a9751721bd38a26bed4682d905bcd0e16fd0d137757
HybridCPU_ISE/CloseToRTL/Core/ISA/Instructions/NonVmx/Lane07SystemControl/AcceleratorControl/QueueBinding/AccelBindQueueInstruction.LifecycleContract.cs,source,.cs,923,5d161521fdf945a69fd08892be0aec17ea0c2d9ce8ace4716c5d8a631277da1d
HybridCPU_ISE/CloseToRTL/Core/ISA/Instructions/NonVmx/Lane07SystemControl/AcceleratorControl/QueueBinding/AccelUnbindQueueInstruction.AuthorityContract.cs,source,.cs,2211,c6eaa0ab9b865e7823891ce05a7d8a11a6740167ba338b5077019a133d087c80
HybridCPU_ISE/CloseToRTL/Core/ISA/Instructions/NonVmx/Lane07SystemControl/AcceleratorControl/QueueBinding/AccelUnbindQueueInstruction.cs,source,.cs,187,9530f20b4d0983c0d47f9f4a3a0e52f8f76343b5472377447bb8f056f8d589fc
HybridCPU_ISE/CloseToRTL/Core/ISA/Instructions/NonVmx/Lane07SystemControl/AcceleratorControl/QueueBinding/AccelUnbindQueueInstruction.LifecycleContract.cs,source,.cs,925,4e0bf0fe26a558e52ff5f1c1757d52177e6f18da3d089ae263a169e3bd6965ac
HybridCPU_ISE/CloseToRTL/Core/ISA/Instructions/NonVmx/Lane07SystemControl/AcceleratorControl/Topology/AccelQueryAbiInstruction.AuthorityContract.cs,source,.cs,652,52a5c907bc0526e1e5246352115fd629b81884091ee372e21c296471e7f303dc
HybridCPU_ISE/CloseToRTL/Core/ISA/Instructions/NonVmx/Lane07SystemControl/AcceleratorControl/Topology/AccelQueryAbiInstruction.CapabilityContract.cs,source,.cs,2243,887f2b121d3238d5f40d99aa696e01c7fb6a044d8ed802284efce5d856248de1
HybridCPU_ISE/CloseToRTL/Core/ISA/Instructions/NonVmx/Lane07SystemControl/AcceleratorControl/Topology/AccelQueryAbiInstruction.cs,source,.cs,180,a28ce10605b521fbefef31cdec5254a9f603d68c185b50da09f9830d020e1f4d
HybridCPU_ISE/CloseToRTL/Core/ISA/Instructions/NonVmx/Lane07SystemControl/AcceleratorControl/Topology/AccelQueryTopologyInstruction.AuthorityContract.cs,source,.cs,657,94d08a8346bd14152df782ff09f8ba196e50a3e460381b8cd4aee8d1d4f7cbc6
HybridCPU_ISE/CloseToRTL/Core/ISA/Instructions/NonVmx/Lane07SystemControl/AcceleratorControl/Topology/AccelQueryTopologyInstruction.CapabilityContract.cs,source,.cs,2241,046a990d600d72280848d912b4eb31d31462ec088184179f31f848e2462ca172
HybridCPU_ISE/CloseToRTL/Core/ISA/Instructions/NonVmx/Lane07SystemControl/AcceleratorControl/Topology/AccelQueryTopologyInstruction.cs,source,.cs,185,252721f07689f23b305d121cfd5f02d33e31f050a306fa08f33deba4075e3c80
HybridCPU_ISE/CloseToRTL/Core/ISA/Instructions/NonVmx/Lane07SystemControl/CacheMaintenance/DcacheCleanInstruction.cs,source,.cs,167,43ccd32d08ddc7fb4f7dddc4aca9849d3371bf77e7f030ec2ae1ff3367457da3
HybridCPU_ISE/CloseToRTL/Core/ISA/Instructions/NonVmx/Lane07SystemControl/CacheMaintenance/DcacheCleanInstruction.MaintenanceContract.cs,source,.cs,2118,48a9f6dc7de028535606f5ea4b0a684b93b1c6d2f080a6ebafdb434f69d3838c
HybridCPU_ISE/CloseToRTL/Core/ISA/Instructions/NonVmx/Lane07SystemControl/CacheMaintenance/DcacheCleanInstruction.ReplayContract.cs,source,.cs,482,8d2b81b2d54add964c3441f608d023df35a57b10a8c4c3ea6453c19677342ffd
HybridCPU_ISE/CloseToRTL/Core/ISA/Instructions/NonVmx/Lane07SystemControl/CacheMaintenance/DcacheCleanInstruction.VirtualizationBoundary.cs,source,.cs,433,dfcbf6f5227a22f54029c36c2b794a9c855cd81fc21fe239cb97ec1c1b0ef5af
HybridCPU_ISE/CloseToRTL/Core/ISA/Instructions/NonVmx/Lane07SystemControl/CacheMaintenance/DcacheFlushInstruction.cs,source,.cs,167,733be2b826db06db77a8422ea489805608ff43acf181bd85bc4a3f68409ee3c5
HybridCPU_ISE/CloseToRTL/Core/ISA/Instructions/NonVmx/Lane07SystemControl/CacheMaintenance/DcacheFlushInstruction.MaintenanceContract.cs,source,.cs,2118,00684c5be99a6faced71170cc30e2c4ed9ddc851a458c4637541ce8508f22227
HybridCPU_ISE/CloseToRTL/Core/ISA/Instructions/NonVmx/Lane07SystemControl/CacheMaintenance/DcacheFlushInstruction.ReplayContract.cs,source,.cs,482,9418fd85c88845a9024394e9260e4105493ba5b3800e9e4f651d757e9d03fdc5
HybridCPU_ISE/CloseToRTL/Core/ISA/Instructions/NonVmx/Lane07SystemControl/CacheMaintenance/DcacheFlushInstruction.VirtualizationBoundary.cs,source,.cs,433,4fea846a167038c0df922212966150c456e659f4f213ae5e67b253079a7eb120
HybridCPU_ISE/CloseToRTL/Core/ISA/Instructions/NonVmx/Lane07SystemControl/CacheMaintenance/DcacheInvalInstruction.cs,source,.cs,167,0444b1e24b5e5ed0a9ea4d4d1151033b159c557626dbb4784108fcd613e90b26
HybridCPU_ISE/CloseToRTL/Core/ISA/Instructions/NonVmx/Lane07SystemControl/CacheMaintenance/DcacheInvalInstruction.MaintenanceContract.cs,source,.cs,2118,01372c255de3b3f1bf966a15a8d0fcfeeb31df22fbdf3697d8674dad0caa0337
HybridCPU_ISE/CloseToRTL/Core/ISA/Instructions/NonVmx/Lane07SystemControl/CacheMaintenance/DcacheInvalInstruction.ReplayContract.cs,source,.cs,482,94f7b9229475666eeaf0dbd815f58141d53571868335df2e43ca602fcba09938
HybridCPU_ISE/CloseToRTL/Core/ISA/Instructions/NonVmx/Lane07SystemControl/CacheMaintenance/DcacheInvalInstruction.VirtualizationBoundary.cs,source,.cs,433,53c36eae9f8bbdbe1f21ea5684b4bfee4ac164d69e6748a319eb0de3a5d75cab
HybridCPU_ISE/CloseToRTL/Core/ISA/Instructions/NonVmx/Lane07SystemControl/CacheMaintenance/IcacheInvalInstruction.cs,source,.cs,167,3a24f4a1d4eb81b777a2ceec4d1f9e7f94047581586d659c5288a22d460180c4
HybridCPU_ISE/CloseToRTL/Core/ISA/Instructions/NonVmx/Lane07SystemControl/CacheMaintenance/IcacheInvalInstruction.MaintenanceContract.cs,source,.cs,1999,5f22a8d66a9f485d8ce0c6f03ad9f1f678761968ec3256943ffb9f156a326c21
HybridCPU_ISE/CloseToRTL/Core/ISA/Instructions/NonVmx/Lane07SystemControl/CacheMaintenance/IcacheInvalInstruction.ReplayContract.cs,source,.cs,482,2744b36f803e60138b9168a4fe34fe4721aae4b9963181a59d9e45f3ad09fdf3
HybridCPU_ISE/CloseToRTL/Core/ISA/Instructions/NonVmx/Lane07SystemControl/CacheMaintenance/IcacheInvalInstruction.VirtualizationBoundary.cs,source,.cs,433,a53453abcaf5498ce4394c6e60021fa283f8bbef9444224b162f835dda63d4e2
HybridCPU_ISE/CloseToRTL/Core/ISA/Instructions/NonVmx/Lane07SystemControl/Counters/RdinstretInstruction.cs,source,.cs,1920,79ac54e02bd3ce21bc7be44a682efd3ad1bb0649f1d8aa3a1291ef1f10993d53
HybridCPU_ISE/CloseToRTL/Core/ISA/Instructions/NonVmx/Lane07SystemControl/Counters/RdtimeInstruction.cs,source,.cs,1865,48c6d57b1174b764e727b43718cc50bc58f91fe9b0af51a623aa8432472c917e
HybridCPU_ISE/CloseToRTL/Core/ISA/Instructions/NonVmx/Lane07SystemControl/Hints/PauseInstruction.cs,source,.cs,1854,946b7d49d747d111b75d11f1af76b3e56ef75315846c970aa6c109ca7a23d33c
HybridCPU_ISE/CloseToRTL/Core/ISA/Instructions/NonVmx/Lane07SystemControl/Iommu/IommuFenceInstruction.cs,source,.cs,155,89c6135f4909388ed25eaca7ea9ee9e1f3469429280688927feb64158b40aba8
HybridCPU_ISE/CloseToRTL/Core/ISA/Instructions/NonVmx/Lane07SystemControl/Iommu/IommuFenceInstruction.MaintenanceContract.cs,source,.cs,2185,cb3be539d393f863e9a60dad030d1cf7ae5abe5b5c669e50d431999da81fb983
HybridCPU_ISE/CloseToRTL/Core/ISA/Instructions/NonVmx/Lane07SystemControl/Iommu/IommuFenceInstruction.ReplayContract.cs,source,.cs,470,717441179dcab95f0a99dc842f9e292712bbeb3b19c4a6e885a7928f4461ba58
HybridCPU_ISE/CloseToRTL/Core/ISA/Instructions/NonVmx/Lane07SystemControl/Iommu/IommuFenceInstruction.VirtualizationBoundary.cs,source,.cs,421,441f405a7fc300801e7940299c7158d742fbabf4b77c4d6937cc3171e1e02d44
HybridCPU_ISE/CloseToRTL/Core/ISA/Instructions/NonVmx/Lane07SystemControl/Iommu/IotlbInvInstruction.cs,source,.cs,153,12eac66dbcec16e416e88fd5776d85bb55908b44fca889c5fcfc2605752d78ac
HybridCPU_ISE/CloseToRTL/Core/ISA/Instructions/NonVmx/Lane07SystemControl/Iommu/IotlbInvInstruction.MaintenanceContract.cs,source,.cs,2180,ed4abb9c9dc0dbdc288f318795875c9fc915c13dbfe97d98382dde3dbaec7d59
HybridCPU_ISE/CloseToRTL/Core/ISA/Instructions/NonVmx/Lane07SystemControl/Iommu/IotlbInvInstruction.ReplayContract.cs,source,.cs,468,dfbcd30636faeeec7a0f648e4bf1d7f3b5df005f95df5eab9e816f1741a45893
HybridCPU_ISE/CloseToRTL/Core/ISA/Instructions/NonVmx/Lane07SystemControl/Iommu/IotlbInvInstruction.VirtualizationBoundary.cs,source,.cs,419,f21a458764748303ec67bd60cd838381c53cff2e54ee88cad65f74619dd79fc8
HybridCPU_ISE/CloseToRTL/Core/ISA/Instructions/NonVmx/Lane07SystemControl/NonVmxLane07DeferredTemplates.cs,source,.cs,5007,a7f53aff54221537aa4e40e517b77c4e881a0b94b91dd3d2969a86d4bcd194b4
HybridCPU_ISE/CloseToRTL/Core/ISA/Instructions/NonVmx/Lane07SystemControl/TranslationFences/SfenceVmaInstruction.cs,source,.cs,166,50e180d60973695f0bc5bb6a3126c447cc2ddcc5882c7757bbf489f9d16d2525
HybridCPU_ISE/CloseToRTL/Core/ISA/Instructions/NonVmx/Lane07SystemControl/TranslationFences/SfenceVmaInstruction.MaintenanceContract.cs,source,.cs,2075,94f6e52189f1b793dd8a2e796af643b43df607f897a50ad19415e45bc4ebb97f
HybridCPU_ISE/CloseToRTL/Core/ISA/Instructions/NonVmx/Lane07SystemControl/TranslationFences/SfenceVmaInstruction.ReplayContract.cs,source,.cs,481,bf45559630e666e86074eaebdd938ef2c88bae9b81ed8211521fb5205f64ce91
HybridCPU_ISE/CloseToRTL/Core/ISA/Instructions/NonVmx/Lane07SystemControl/TranslationFences/SfenceVmaInstruction.VirtualizationBoundary.cs,source,.cs,438,91956c70377254c4050d4714a8db5aaccbc3d62bc9fc34f9f8fe953ff92136fc
HybridCPU_ISE/CloseToRTL/Core/ISA/Instructions/NonVmx/Lanes00_03Scalar/AddressGeneration/AddUwInstruction.cs,source,.cs,3657,e2ac287bba82629ed8d62785b5800ff7191402f02cbb233f74feb81c048fa455
HybridCPU_ISE/CloseToRTL/Core/ISA/Instructions/NonVmx/Lanes00_03Scalar/AddressGeneration/Sh1addUwInstruction.cs,source,.cs,3721,243896f528632e351dbeb168f08f024fa2b90f8d845171a4539ccfdbb3b31225
HybridCPU_ISE/CloseToRTL/Core/ISA/Instructions/NonVmx/Lanes00_03Scalar/AddressGeneration/Sh2addInstruction.cs,source,.cs,3305,074dc69b7e030cdf56626286c88a83a1ab2148e9e16f5cb0268fdb003558a7f5
HybridCPU_ISE/CloseToRTL/Core/ISA/Instructions/NonVmx/Lanes00_03Scalar/AddressGeneration/Sh2addUwInstruction.cs,source,.cs,3721,49dffa367baeaf8eb07243a6f7612bafbc37aca98574884cdfb86a710ef88a95
HybridCPU_ISE/CloseToRTL/Core/ISA/Instructions/NonVmx/Lanes00_03Scalar/AddressGeneration/Sh3addInstruction.cs,source,.cs,3297,465cd6b52d92b7edbbecfe829d5332b2ca951b6370228e91fa9c825b7618d1cf
HybridCPU_ISE/CloseToRTL/Core/ISA/Instructions/NonVmx/Lanes00_03Scalar/AddressGeneration/Sh3addUwInstruction.cs,source,.cs,3724,598cffdcc157c80c2964c7a43ce3d12039779bf1629da0afe924d92f857fe558
HybridCPU_ISE/CloseToRTL/Core/ISA/Instructions/NonVmx/Lanes00_03Scalar/AddressGeneration/SlliUwInstruction.cs,source,.cs,4340,ff9c7aecf8fad9fea4512b38f60362d013a7f92ecf47c6058a372bbd08611f60
HybridCPU_ISE/CloseToRTL/Core/ISA/Instructions/NonVmx/Lanes00_03Scalar/BitManipulation/BitCount/CpopInstruction.cs,source,.cs,3906,e6b0e026f392c9f4f8c4ea8aac78ab485fb8ffe686751faa0cc836994def2f73
HybridCPU_ISE/CloseToRTL/Core/ISA/Instructions/NonVmx/Lanes00_03Scalar/BitManipulation/BitCount/CpopInstruction.LocalSemantics.cs,source,.cs,2310,2ef97042fc7540bbaff0b009e3159b12fe04e9e48ecc4cd4718b95a37cd18129
HybridCPU_ISE/CloseToRTL/Core/ISA/Instructions/NonVmx/Lanes00_03Scalar/BitManipulation/BitCount/CtzInstruction.cs,source,.cs,588,345ed1b9ebf0fbf14a7a9e0b5e80f44b5a5290f72f6f3b61b8654ecdd9cc2b33
HybridCPU_ISE/CloseToRTL/Core/ISA/Instructions/NonVmx/Lanes00_03Scalar/BitManipulation/BitCount/PopcntInstruction.cs,source,.cs,2721,d608200918c55e15b5470e03f0157cc1e6d2cd09e2d7260de1587169e804c640
HybridCPU_ISE/CloseToRTL/Core/ISA/Instructions/NonVmx/Lanes00_03Scalar/BitManipulation/BitCount/PopcntInstruction.LocalSemantics.cs,source,.cs,2352,eda16cc7bd2a20aed9be0217ca69b32bfd3d1d93af1e115e07d7577e7d7ffbb9
HybridCPU_ISE/CloseToRTL/Core/ISA/Instructions/NonVmx/Lanes00_03Scalar/BitManipulation/BitExtract/BextiInstruction.cs,source,.cs,3993,8909b250f84473dc2b4bc0b85e5d085c7db39827b63f117cdb3eec13517aacd6
HybridCPU_ISE/CloseToRTL/Core/ISA/Instructions/NonVmx/Lanes00_03Scalar/BitManipulation/BitExtract/BextInstruction.cs,source,.cs,3701,a1e96c6b92fa4f1ca55b58d82581ba6077a8acdb40b8090a61d287c21c93f09c
HybridCPU_ISE/CloseToRTL/Core/ISA/Instructions/NonVmx/Lanes00_03Scalar/BitManipulation/BitSetClearInvert/BclriInstruction.cs,source,.cs,3901,023d98f9217dd4b2fc24e9b0968b296d90669c1d695d5dda6da35f9007547be2
HybridCPU_ISE/CloseToRTL/Core/ISA/Instructions/NonVmx/Lanes00_03Scalar/BitManipulation/BitSetClearInvert/BclrInstruction.cs,source,.cs,3617,c86955248d13042ae7000117bf3392d8ccf42eb2a7243516a95374139b5149fe
HybridCPU_ISE/CloseToRTL/Core/ISA/Instructions/NonVmx/Lanes00_03Scalar/BitManipulation/BitSetClearInvert/BinviInstruction.cs,source,.cs,3900,b212846188441d9c336aada82d3f1922d27ccb0cfd78f5b9109087f1f7645600
HybridCPU_ISE/CloseToRTL/Core/ISA/Instructions/NonVmx/Lanes00_03Scalar/BitManipulation/BitSetClearInvert/BinvInstruction.cs,source,.cs,3616,9fa2b57dccff347fdf8ec9c83a108591fa01ff617da12708874b96f8058f51b6
HybridCPU_ISE/CloseToRTL/Core/ISA/Instructions/NonVmx/Lanes00_03Scalar/BitManipulation/BitSetClearInvert/BsetiInstruction.cs,source,.cs,3897,39ad2c3a4371e309ccf58adaad445c19b1a8bc261dfb906aabe8e02bf8752198
HybridCPU_ISE/CloseToRTL/Core/ISA/Instructions/NonVmx/Lanes00_03Scalar/BitManipulation/BitSetClearInvert/BsetInstruction.cs,source,.cs,3613,26b09319ecc8547f07012a571add8d72592b38955ac8bda38a66825a602a1772
HybridCPU_ISE/CloseToRTL/Core/ISA/Instructions/NonVmx/Lanes00_03Scalar/BitManipulation/BooleanInvert/AndnInstruction.cs,source,.cs,3038,5a60751e322268135b69482f98864ac4dcbac0eadd518961fc8405f747b2e7ef
HybridCPU_ISE/CloseToRTL/Core/ISA/Instructions/NonVmx/Lanes00_03Scalar/BitManipulation/BooleanInvert/AndnInstruction.LocalSemantics.cs,source,.cs,2385,1dd114dc2bb915299b9baef1c1ea43b85d7cde322e07460da44ce57852c22758
HybridCPU_ISE/CloseToRTL/Core/ISA/Instructions/NonVmx/Lanes00_03Scalar/BitManipulation/BooleanInvert/OrnInstruction.cs,source,.cs,3041,236b8a8599583f2f76316ff33429fd2e59917e029555841d8351fea83a581273
HybridCPU_ISE/CloseToRTL/Core/ISA/Instructions/NonVmx/Lanes00_03Scalar/BitManipulation/BooleanInvert/OrnInstruction.LocalSemantics.cs,source,.cs,2329,2a13363dc09d29fd4c8a16cc131c393f870c61c023b1409e31fcb04b4e4863dd
HybridCPU_ISE/CloseToRTL/Core/ISA/Instructions/NonVmx/Lanes00_03Scalar/BitManipulation/BooleanInvert/XnorInstruction.cs,source,.cs,3049,b4d372b0f9bc634c3ae2824cbe5d47331e7b0c47c11a41e91a7014ad6ee4dcdb
HybridCPU_ISE/CloseToRTL/Core/ISA/Instructions/NonVmx/Lanes00_03Scalar/BitManipulation/BooleanInvert/XnorInstruction.LocalSemantics.cs,source,.cs,2334,3b331088836306cfb291998fe4e8f4035af8bf940d02d5975f352c47a43979fe
HybridCPU_ISE/CloseToRTL/Core/ISA/Instructions/NonVmx/Lanes00_03Scalar/BitManipulation/ByteBitReverse/Brev8Instruction.cs,source,.cs,3827,6df252ec6ac15e90090c8ca3b5af9c140f9735edcbe4054ba0a96342c1f33baf
HybridCPU_ISE/CloseToRTL/Core/ISA/Instructions/NonVmx/Lanes00_03Scalar/BitManipulation/ByteBitReverse/Brev8Instruction.LocalSemantics.cs,source,.cs,3008,40ebbbbacc7f3e09f05ebe34079c5df961ca4a075733b732b5e01824789f9eac
HybridCPU_ISE/CloseToRTL/Core/ISA/Instructions/NonVmx/Lanes00_03Scalar/BitManipulation/ByteBitReverse/Rev8Instruction.cs,source,.cs,3771,d98cae235bf6ac47f5c50cd83611ae85589605248c6cf40447cbc5e026e7f080
HybridCPU_ISE/CloseToRTL/Core/ISA/Instructions/NonVmx/Lanes00_03Scalar/BitManipulation/ByteBitReverse/Rev8Instruction.LocalSemantics.cs,source,.cs,2760,84f7511523312393d740e6241da369c7ff582e45c5536744bb640ab6bf9766e1
HybridCPU_ISE/CloseToRTL/Core/ISA/Instructions/NonVmx/Lanes00_03Scalar/BitManipulation/Rotates/RoliInstruction.cs,source,.cs,3987,368d28ca95d1c5be266560603f47684fe1492d4d0578d6c308bb9145618098e0
HybridCPU_ISE/CloseToRTL/Core/ISA/Instructions/NonVmx/Lanes00_03Scalar/BitManipulation/Rotates/RolInstruction.cs,source,.cs,713,edb792efd23515ed16c7771fcc5bdda894c631bc1d3403e4216b0f8bf49ef0ef
HybridCPU_ISE/CloseToRTL/Core/ISA/Instructions/NonVmx/Lanes00_03Scalar/BitManipulation/Rotates/RoriInstruction.cs,source,.cs,3989,f9754b45c55d249c571125844fc4e5e1ad9112b20f5febc8de8e0c8ed268ba09
HybridCPU_ISE/CloseToRTL/Core/ISA/Instructions/NonVmx/Lanes00_03Scalar/BitManipulation/Rotates/RorInstruction.cs,source,.cs,713,29ee4ff71516bfc80052f1fe0a0d48a130673519403db2df00675cad1406ac5f
HybridCPU_ISE/CloseToRTL/Core/ISA/Instructions/NonVmx/Lanes00_03Scalar/CarrylessMultiply/ClmulhInstruction.cs,source,.cs,4627,1913dc440c25a4d88f153cd75c609881b7ab45bd2b8fd0566ee58f2130011e17
HybridCPU_ISE/CloseToRTL/Core/ISA/Instructions/NonVmx/Lanes00_03Scalar/CarrylessMultiply/ClmulrInstruction.cs,source,.cs,4630,8ab8ca678eb535072bf4e9f6dfbd4f6abc2c18f692b5cbe5bbfa0fb7ed3c0ba6
HybridCPU_ISE/CloseToRTL/Core/ISA/Instructions/NonVmx/Lanes00_03Scalar/ConditionalSelect/CselInstruction.cs,source,.cs,2993,772a06ad8946fd03ab218e0b196e1765e3625f35ceb752f6441de7b0d182fae3
HybridCPU_ISE/CloseToRTL/Core/ISA/Instructions/NonVmx/Lanes00_03Scalar/ConditionalSelect/CselInstruction.LocalSemantics.cs,source,.cs,3193,b2fbfc7c28ef594258ba905d0426cd13431bb8991f2b716b2139b69ba2e04aef
HybridCPU_ISE/CloseToRTL/Core/ISA/Instructions/NonVmx/Lanes00_03Scalar/CRC/Crc32Instruction.cs,source,.cs,2300,cd02885a6e5b8c1e30b02f09c8e648e6f820514d91a3fd39bbd65f8a66edf0d2
HybridCPU_ISE/CloseToRTL/Core/ISA/Instructions/NonVmx/Lanes00_03Scalar/CRC/Crc64Instruction.cs,source,.cs,2295,9b57894cf01a74a4e736fac28f51ed743d60c1c30ffa5b732c35b0ac800efc27
HybridCPU_ISE/CloseToRTL/Core/ISA/Instructions/NonVmx/Lanes00_03Scalar/Extension/SextBInstruction.cs,source,.cs,556,3f13a463948e47ae4e93648db5c9813dd524cea985ce2a62eec7b7191e8cacf5
HybridCPU_ISE/CloseToRTL/Core/ISA/Instructions/NonVmx/Lanes00_03Scalar/Extension/SextHInstruction.cs,source,.cs,559,9edf333a56eeae4487bb9b95503ea3798206b2a8dd81e2dc0851f2039d00d79d
HybridCPU_ISE/CloseToRTL/Core/ISA/Instructions/NonVmx/Lanes00_03Scalar/Extension/ZextHInstruction.cs,source,.cs,539,155f25313e65a1f1d4d7af49f2991268f08ba8feca2fedd88037fda2a555fc51
HybridCPU_ISE/CloseToRTL/Core/ISA/Instructions/NonVmx/Lanes00_03Scalar/FacadeCandidates/ZeroCompare/SeqzInstruction.cs,source,.cs,2280,854b4aa1a728b99a00be0b67ebd98afeaa5416ae3830a62f9083f435fe898f9f
HybridCPU_ISE/CloseToRTL/Core/ISA/Instructions/NonVmx/Lanes00_03Scalar/FacadeCandidates/ZeroCompare/SeqzInstruction.LocalNoEmissionContract.cs,source,.cs,2573,cc13937415ad7f036b2f1a6c188f7b75300286e6404cfb60b463c8d764ee033e
HybridCPU_ISE/CloseToRTL/Core/ISA/Instructions/NonVmx/Lanes00_03Scalar/FacadeCandidates/ZeroCompare/SnezInstruction.cs,source,.cs,2280,7e059ab3fdd10a8af54f16e2c07ea53110995dea2da49c26da89ecd9dac3691a
HybridCPU_ISE/CloseToRTL/Core/ISA/Instructions/NonVmx/Lanes00_03Scalar/FacadeCandidates/ZeroCompare/SnezInstruction.LocalNoEmissionContract.cs,source,.cs,2573,a58d8afbf6a47d0829ab5313c0b81020a0bbcebbd3bf6a8349ca8900dd296f53
HybridCPU_ISE/CloseToRTL/Core/ISA/Instructions/NonVmx/Lanes00_03Scalar/MultiPrecision/AdcInstruction.cs,source,.cs,2406,979183954aac9b7248066faf9a42d385a0bd677ad0706b5b65fb4ff7f407d12d
HybridCPU_ISE/CloseToRTL/Core/ISA/Instructions/NonVmx/Lanes00_03Scalar/MultiPrecision/AddcInstruction.cs,source,.cs,2114,da78ebe33c7020013b5061b2198d70097598df19050a2c7238c4ec1933feaf9a
HybridCPU_ISE/CloseToRTL/Core/ISA/Instructions/NonVmx/Lanes00_03Scalar/MultiPrecision/SbcInstruction.cs,source,.cs,2421,42f59f5f5f60cdeb472e7f3b537d65b4536197211fd34e59421ec3af61d5498b
HybridCPU_ISE/CloseToRTL/Core/ISA/Instructions/NonVmx/Lanes00_03Scalar/MultiPrecision/SubcInstruction.cs,source,.cs,2122,a67661256a5bf0ef2c8fe87fb3269390f7a0f1e0c4cd76c5de2411fd7c4af91f
HybridCPU_ISE/CloseToRTL/Core/ISA/Instructions/NonVmx/Lanes00_03Scalar/NonVmxScalarDeferredTemplates.cs,source,.cs,100,bbd0cd5f55dd2a905d6d39828b82575364dc071b10435810b1e6c8f5f0b9daf0
HybridCPU_ISE/CloseToRTL/Core/ISA/Instructions/NonVmx/Lanes00_03Scalar/ScalarMinMax/MaxInstruction.cs,source,.cs,3075,d2676387fafe58806a53c24dbd7898fef247e4c3c48a75e0455907344ca76552
HybridCPU_ISE/CloseToRTL/Core/ISA/Instructions/NonVmx/Lanes00_03Scalar/ScalarMinMax/MaxInstruction.LocalSemantics.cs,source,.cs,2608,eab563edf310416dc13164ce8cf415c8d08591b9517e732adf0f9ca5c9205773
HybridCPU_ISE/CloseToRTL/Core/ISA/Instructions/NonVmx/Lanes00_03Scalar/ScalarMinMax/MaxuInstruction.cs,source,.cs,3090,a660cd25e99c83c7541e32b72d75ea537442ab1e0b4cd87b1bb464f235d936bc
HybridCPU_ISE/CloseToRTL/Core/ISA/Instructions/NonVmx/Lanes00_03Scalar/ScalarMinMax/MaxuInstruction.LocalSemantics.cs,source,.cs,2581,66da41bbb3c2fd4ef196403a1d6cbec1954384a335503559597417732149bd89
HybridCPU_ISE/CloseToRTL/Core/ISA/Instructions/NonVmx/Lanes00_03Scalar/ScalarMinMax/MinInstruction.cs,source,.cs,3075,8bf2055f8d5d68a60de17cbb5d05b86135aecb723dcda5d739893f73d3f2cefb
HybridCPU_ISE/CloseToRTL/Core/ISA/Instructions/NonVmx/Lanes00_03Scalar/ScalarMinMax/MinInstruction.LocalSemantics.cs,source,.cs,2608,896edc067f217239fed0361940b9a41d4fc54ecd125c22c097fbaec54f6901e6
HybridCPU_ISE/CloseToRTL/Core/ISA/Instructions/NonVmx/Lanes00_03Scalar/ScalarMinMax/MinuInstruction.cs,source,.cs,3090,86a4860880521843366ec90d0abddf1497173c596b615ab8cde759b8b106c819
HybridCPU_ISE/CloseToRTL/Core/ISA/Instructions/NonVmx/Lanes00_03Scalar/ScalarMinMax/MinuInstruction.LocalSemantics.cs,source,.cs,2581,064ee822f07a75955bf4f58493a1e13f2f90864b2785b8dcda741ff5dfa4a5e5
HybridCPU_ISE/CloseToRTL/Core/ISA/Instructions/NonVmx/Lanes00_03Scalar/ZeroingSelect/CzeroNezInstruction.cs,source,.cs,3774,adcf424c3b8577db3c1ed3f235c45a92036ce7be925b072a64356c07a6175d8f
HybridCPU_ISE/CloseToRTL/Core/ISA/Instructions/NonVmx/Lanes00_03Scalar/ZeroingSelect/CzeroNezInstruction.LocalSemantics.cs,source,.cs,2665,4fa7fea00d8fb95cee16a9bd02ed6cba19b4b3373933cfdafe15c0d554a24a48
HybridCPU_ISE/CloseToRTL/Core/ISA/Instructions/NonVmx/Lanes00_03Vector/Conversion/VcvtFInstruction.cs,source,.cs,2115,f3e46412370bb3257f60c646a87b1fa1739b9e5b06d02b54fed01a64c78610fd
HybridCPU_ISE/CloseToRTL/Core/ISA/Instructions/NonVmx/Lanes00_03Vector/Conversion/VcvtIInstruction.cs,source,.cs,2100,f58e0292be2ee3c9a6e51a554bd09d08a8cc0d3fe79fecbc66be1f9cc696b8cb
HybridCPU_ISE/CloseToRTL/Core/ISA/Instructions/NonVmx/Lanes00_03Vector/Conversion/VcvtUInstruction.cs,source,.cs,2104,6cd1546b481701a2470a472eb9283e4e485d375d4314e3098a4b2f2701812a1c
HybridCPU_ISE/CloseToRTL/Core/ISA/Instructions/NonVmx/Lanes00_03Vector/Conversion/VsextInstruction.cs,source,.cs,1910,fa28f6324c5199407192f41bf98d6ce4c0bcd1cd1523249460f16960fd2915ed
HybridCPU_ISE/CloseToRTL/Core/ISA/Instructions/NonVmx/Lanes00_03Vector/DotMixedPrecision/VdotAccumInstruction.cs,source,.cs,2601,d5f3b0f89855d1bb898b47628a4a4cf196e4c33925cef9a6a3985187ae29b916
HybridCPU_ISE/CloseToRTL/Core/ISA/Instructions/NonVmx/Lanes00_03Vector/DotMixedPrecision/VdotBlockscaleInstruction.cs,source,.cs,2639,1916c66f98dbeb305b8c8d7dfc224c04c0dd4d4b8c943b120894a7409b1f3e15
HybridCPU_ISE/CloseToRTL/Core/ISA/Instructions/NonVmx/Lanes00_03Vector/DotMixedPrecision/VdotWideI16Instruction.cs,source,.cs,2668,b7868676d2beb57f2b9790aa3cdced389710dbc345a39ab54b52105f7bd23e48
HybridCPU_ISE/CloseToRTL/Core/ISA/Instructions/NonVmx/Lanes00_03Vector/DotMixedPrecision/VdotWideI32Instruction.cs,source,.cs,2668,2720f0937605d4774a34bb47cf17baa0014a0040f95b3e9b0b1fa0ca4c62546d
HybridCPU_ISE/CloseToRTL/Core/ISA/Instructions/NonVmx/Lanes00_03Vector/MatrixTile/MatrixTileAccumulatorAndTransposePolicyAbi.cs,source,.cs,11031,ff1f9b3df48bfa77916aa7b8d1dd64446e676c90e7675824b2542a8fa163d610
HybridCPU_ISE/CloseToRTL/Core/ISA/Instructions/NonVmx/Lanes00_03Vector/MatrixTile/MatrixTileArchitecturalTileStateAndDescriptorAbi.cs,source,.cs,4878,b72ecf165e6d89dce191ef39cd4d52450af466fd693eace3f7a7cd3113b1f9c5
HybridCPU_ISE/CloseToRTL/Core/ISA/Instructions/NonVmx/Lanes00_03Vector/MatrixTile/MatrixTileCompilerEmissionHandoffPackage.cs,source,.cs,3991,94e9980128e2b52a6a44f1fa8ba07a03481b3fcab2db53aa2b6ed74696df4e99
HybridCPU_ISE/CloseToRTL/Core/ISA/Instructions/NonVmx/Lanes00_03Vector/MatrixTile/MatrixTileExecuteCaptureAbi.cs,source,.cs,38786,8c4e892844b57df81e71f13feac6f60d77ee3a55034c0aa9b4a59c320e797884
HybridCPU_ISE/CloseToRTL/Core/ISA/Instructions/NonVmx/Lanes00_03Vector/MatrixTile/MatrixTileIrProjectionAndMaterializer.cs,source,.cs,24746,50c7e6fe08b51f71a796896d4fd3cf17696b90adbef2e922b78c496f32bc9b06
HybridCPU_ISE/CloseToRTL/Core/ISA/Instructions/NonVmx/Lanes00_03Vector/MatrixTile/MatrixTileMemoryShapeAndFaultAbi.cs,source,.cs,13081,9b74990418b7c5113aeea11d9f3acca8533c3295eb2c9465883f1f303af1f16f
HybridCPU_ISE/CloseToRTL/Core/ISA/Instructions/NonVmx/Lanes00_03Vector/MatrixTile/MatrixTilePositiveGoldenArtifactManifest.cs,source,.cs,13960,afd20dce3f3a2a000652b685289be95b349cca004509f9397b6b502c137af127
HybridCPU_ISE/CloseToRTL/Core/ISA/Instructions/NonVmx/Lanes00_03Vector/MatrixTile/MatrixTileReplayRollbackAbi.cs,source,.cs,23294,6b65943d5fe0f5a029371b9d94e522fdcca18307496fb8d80981fe3de1e5ca23
HybridCPU_ISE/CloseToRTL/Core/ISA/Instructions/NonVmx/Lanes00_03Vector/MatrixTile/MatrixTileRetirePublicationAbi.cs,source,.cs,24862,0e2e379f9f7047ad13fdc4be35591fcaa3ef295b22105026511c4434599909d0
HybridCPU_ISE/CloseToRTL/Core/ISA/Instructions/NonVmx/Lanes00_03Vector/MatrixTile/MatrixTileRuntimeIsaPackageContract.cs,source,.cs,114894,0eede84b0731880726a3acb4d3867d803a1729291a4bd4397e6ad248f1bff4ab
HybridCPU_ISE/CloseToRTL/Core/ISA/Instructions/NonVmx/Lanes00_03Vector/MatrixTile/MatrixTileRuntimeOwnedVlmRows.cs,source,.cs,9554,cad6596293ba6829ed9e321db2ea5785010078c15c4a7e0992a77181c921c728
HybridCPU_ISE/CloseToRTL/Core/ISA/Instructions/NonVmx/Lanes00_03Vector/MatrixTile/MtileLoadInstruction.cs,source,.cs,2818,dabd231a1d819286082385b1aa8e23856d7e484031e36b3d5bbf6789b0895d68
HybridCPU_ISE/CloseToRTL/Core/ISA/Instructions/NonVmx/Lanes00_03Vector/MatrixTile/MtileMaccInstruction.cs,source,.cs,2804,2a590e02c7373e2b9b08959afd5e7135da925e814d15158a1a54205ad23ba8fc
HybridCPU_ISE/CloseToRTL/Core/ISA/Instructions/NonVmx/Lanes00_03Vector/MatrixTile/MtileStoreInstruction.cs,source,.cs,2811,a8a81dab431f98e5fa87077b8248afd99a2382a8d234b9e7a8f179534dfa98a5
HybridCPU_ISE/CloseToRTL/Core/ISA/Instructions/NonVmx/Lanes00_03Vector/MatrixTile/MtransposeInstruction.cs,source,.cs,2799,6a61c979324a22a2c05ccd8c3965f1c845ce6f92a7c6ecd7c9f6ee7be4812cca
HybridCPU_ISE/CloseToRTL/Core/ISA/Instructions/NonVmx/Lanes00_03Vector/Narrowing/VnsraInstruction.cs,source,.cs,2132,24c84266da3ef7ade5e01131a9360f793bd830c7d8aaf2757758bc051ff00172
HybridCPU_ISE/CloseToRTL/Core/ISA/Instructions/NonVmx/Lanes00_03Vector/Narrowing/VnsrlInstruction.cs,source,.cs,2118,75c70e5c537140b9028de036738fb3a1a969b6d96c17373a329dde5182a3c24a
HybridCPU_ISE/CloseToRTL/Core/ISA/Instructions/NonVmx/Lanes00_03Vector/NonVmxVectorDeferredTemplates.cs,source,.cs,0,e3b0c44298fc1c149afbf4c8996fb92427ae41e4649b934ca495991b7852b855
HybridCPU_ISE/CloseToRTL/Core/ISA/Instructions/NonVmx/Lanes00_03Vector/PredicateMask/VallInstruction.cs,source,.cs,2385,e38ff3b7a42f7f4e67c7256bfc559f100eeb3d2d004e02a1a9c69228a916e9d6
HybridCPU_ISE/CloseToRTL/Core/ISA/Instructions/NonVmx/Lanes00_03Vector/PredicateMask/VanyInstruction.cs,source,.cs,2385,a0e4eeb53ade4288ce60a12fd4b767757276cfa54ca25e5b0b5a1bdf6ab1bcc3
HybridCPU_ISE/CloseToRTL/Core/ISA/Instructions/NonVmx/Lanes00_03Vector/PredicateMask/VfirstInstruction.cs,source,.cs,2379,f7d12aefec0f5c4a45d3fe06061c49014574fad1dd1403b0c80bb1cec1ca4e05
HybridCPU_ISE/CloseToRTL/Core/ISA/Instructions/NonVmx/Lanes00_03Vector/PredicateMask/VmergeInstruction.cs,source,.cs,2212,7dd78a5a2b08976ab1d0e45d899aea016ed0e18a64382fe28d0d57f2d3bf1d52
HybridCPU_ISE/CloseToRTL/Core/ISA/Instructions/NonVmx/Lanes00_03Vector/PredicateMask/VmsifInstruction.cs,source,.cs,2229,3e37e0fc92cb8f236cd74a182bf5a5edf8e7201bbebf757e4ca855eaf11bf99f
HybridCPU_ISE/CloseToRTL/Core/ISA/Instructions/NonVmx/Lanes00_03Vector/PredicateMask/VmsofInstruction.cs,source,.cs,2224,a2ffe2437da749e955e513bc7d124915db1aea7c3d0a9ee8b77f69681c6544f0
HybridCPU_ISE/CloseToRTL/Core/ISA/Instructions/NonVmx/Lanes00_03Vector/PredicateMask/VselectInstruction.cs,source,.cs,2214,8c4b16a21a175b25b0cfb1aae825beca630f58e5b1a7130c6f3eee01ce6258c8
HybridCPU_ISE/CloseToRTL/Core/ISA/Instructions/NonVmx/Lanes00_03Vector/PrefixScan/VscanMaxInstruction.cs,source,.cs,1857,243d4a71a5340f40607448a77ef8de2fc5ec563b43eb127dcc49869e2ab15c90
HybridCPU_ISE/CloseToRTL/Core/ISA/Instructions/NonVmx/Lanes00_03Vector/PrefixScan/VscanMinInstruction.cs,source,.cs,1857,0644593d75d3dced9b944d6ae7657099d88199fe11a49258639074a72001f767
HybridCPU_ISE/CloseToRTL/Core/ISA/Instructions/NonVmx/Lanes00_03Vector/SaturatingFixedPoint/VavgInstruction.cs,source,.cs,1804,50e9007aa380177a5e22ab1a179be29e44af33a537c5ff6ca4affd484dabf1f1
HybridCPU_ISE/CloseToRTL/Core/ISA/Instructions/NonVmx/Lanes00_03Vector/SaturatingFixedPoint/VavgRInstruction.cs,source,.cs,1887,6287abccf4ef5ffd674f69bae8834c454092bf49c138ddb7d59ed5790a609309
HybridCPU_ISE/CloseToRTL/Core/ISA/Instructions/NonVmx/Lanes00_03Vector/SaturatingFixedPoint/VclipInstruction.cs,source,.cs,1810,32aff4612ff8137fab05b8f858110a9a6b9016fa65e9ad1487ed07712dc4e2b3
HybridCPU_ISE/CloseToRTL/Core/ISA/Instructions/NonVmx/Lanes00_03Vector/SaturatingFixedPoint/VmulSatInstruction.cs,source,.cs,1874,34fe02433ba3d89bf4b44e510b8bccb64ab60f89e7e0bf3de4258bb96cf71370
HybridCPU_ISE/CloseToRTL/Core/ISA/Instructions/NonVmx/Lanes00_03Vector/SaturatingFixedPoint/VsllSatInstruction.cs,source,.cs,2155,73db2325102e7eaecd86179b7455c32a24e3d14ddf177117976a6f66ecdea2ec
HybridCPU_ISE/CloseToRTL/Core/ISA/Instructions/NonVmx/Lanes00_03Vector/SaturatingFixedPoint/VsraSatInstruction.cs,source,.cs,2232,e51eca03be39b5a37002bc4e3f603603a2212c9659808a4834148c4959862868
HybridCPU_ISE/CloseToRTL/Core/ISA/Instructions/NonVmx/Lanes00_03Vector/SaturatingFixedPoint/VsrlSatInstruction.cs,source,.cs,2226,53ab822ea1a744bc53f559e8a83316f07d8118d6c215c144aa6959d88ace9b18
HybridCPU_ISE/CloseToRTL/Core/ISA/Instructions/NonVmx/Lanes00_03Vector/SaturatingFixedPoint/VsubSatInstruction.cs,source,.cs,1855,df0a374ba7022da1828c5d506e9108f640448e7f77cdc872885930f46a377567
HybridCPU_ISE/CloseToRTL/Core/ISA/Instructions/NonVmx/Lanes00_03Vector/StructureMovement/VdeinterleaveInstruction.cs,source,.cs,1894,0d08380566fe1a57ccd18401b3f87575b6adfaab510b7d8c6e2339e9f3d28bfa
HybridCPU_ISE/CloseToRTL/Core/ISA/Instructions/NonVmx/Lanes00_03Vector/StructureMovement/VinterleaveInstruction.cs,source,.cs,1890,3456db9886f7ee13e6a2049055bffe8f360b5f2e8c4623beeec1be38c95e0eda
HybridCPU_ISE/CloseToRTL/Core/ISA/Instructions/NonVmx/Lanes00_03Vector/StructureMovement/VunzipInstruction.cs,source,.cs,1880,3a3a22926719b81af72dff07170d278efe408df954eaa644f8b1299ac1968ae4
HybridCPU_ISE/CloseToRTL/Core/ISA/Instructions/NonVmx/Lanes00_03Vector/StructureMovement/VzipInstruction.cs,source,.cs,1876,51f96e603e9ef0bb019268dc0dcc6996219b0da1ee075ed4ce5ce80dbe89a381
HybridCPU_ISE/CloseToRTL/Core/ISA/Instructions/NonVmx/Lanes00_03Vector/Widening/VwaddInstruction.cs,source,.cs,2090,2e70d44132f9219c6d2f01420fa809c38d3ce2bb9225beb19e3ca528779e11cb
HybridCPU_ISE/CloseToRTL/Core/ISA/Instructions/NonVmx/Lanes00_03Vector/Widening/VwadduInstruction.cs,source,.cs,2103,c32b8871a4ef638672fc416b4c465067e6332aecb83bac96a529168d04bad7bd
HybridCPU_ISE/CloseToRTL/Core/ISA/Instructions/NonVmx/Lanes00_03Vector/Widening/VwmaccInstruction.cs,source,.cs,2299,8b065bace07bfab675a6d1d964d3e5c1176b1a4f73bef1b616a94d18d6150f65
HybridCPU_ISE/CloseToRTL/Core/ISA/Instructions/NonVmx/Lanes00_03Vector/Widening/VwmulInstruction.cs,source,.cs,2094,d49e8e4c08184415e00d6c465a620f56e4e609a0f1a723e35b0c139e3bd19ba6
HybridCPU_ISE/CloseToRTL/Core/ISA/Instructions/NonVmx/Lanes00_03Vector/Widening/VwmuluInstruction.cs,source,.cs,2107,548c11fb6ea52ebb3b664701dc1768d2414e35a49a1dafe60101c26ee0572942
HybridCPU_ISE/CloseToRTL/Core/ISA/Instructions/NonVmx/Lanes00_03Vector/Widening/VwsubInstruction.cs,source,.cs,2095,0442bfd3c539a1dc03ea4d0cb0ad485464c3d873ac1ed5f591ba456a37871446
HybridCPU_ISE/CloseToRTL/Core/ISA/Instructions/NonVmx/Lanes00_03Vector/Widening/VwsubuInstruction.cs,source,.cs,2108,9c5c47eb17f466ae47445fb98fff0487f065b5a4c95f2471d8d5295c9efdca92
HybridCPU_ISE/CloseToRTL/Core/ISA/Instructions/NonVmx/Lanes04_05Memory/Indexed2D/VgatherIndexed2DContour.cs,source,.cs,2295,de5a9c884fd42bb1546d6d99c8155f99bf4310045fd7944e880be7fe7b4ea399
HybridCPU_ISE/CloseToRTL/Core/ISA/Instructions/NonVmx/Lanes04_05Memory/Indexed2D/VscatterIndexed2DContour.cs,source,.cs,2282,1a2a9ecfcb2f75fd1d8af377ad0b1fbf98776db30c9ce273ae64704bbd6e5eaf
HybridCPU_ISE/CloseToRTL/Core/ISA/Instructions/NonVmx/Lanes04_05Memory/NonVmxVectorMemoryDeferredTemplates.cs,source,.cs,0,e3b0c44298fc1c149afbf4c8996fb92427ae41e4649b934ca495991b7852b855
HybridCPU_ISE/CloseToRTL/Core/ISA/Instructions/NonVmx/Lanes04_05Memory/Segments/Vldseg2Instruction.cs,source,.cs,2277,823686b45e0a8f69c38cc122facf269856b28cd7e389607d27f0b7cee4fdcc51
HybridCPU_ISE/CloseToRTL/Core/ISA/Instructions/NonVmx/Lanes04_05Memory/Segments/Vldseg4Instruction.cs,source,.cs,2277,d15019d5d85eb887b757650222196433b85d927aa798811784bfdbda4c702271
HybridCPU_ISE/CloseToRTL/Core/ISA/Instructions/NonVmx/Lanes04_05Memory/Segments/Vldseg8Instruction.cs,source,.cs,2277,ca950916d4c281474e85d30f2bd866a8a02969aa80e7a1df152adef7b21f1d4b
HybridCPU_ISE/CloseToRTL/Core/ISA/Instructions/NonVmx/Lanes04_05Memory/Segments/Vstseg2Instruction.cs,source,.cs,2252,d937f7c52e8b8107dcf10284e59ef4c9c294b82b21199214d031067d285da018
HybridCPU_ISE/CloseToRTL/Core/ISA/Instructions/NonVmx/Lanes04_05Memory/Segments/Vstseg4Instruction.cs,source,.cs,2252,031b8364f59693cd49930e7dd0d036fc2f4542067d952c420423a26b3207e70a
HybridCPU_ISE/CloseToRTL/Core/ISA/Instructions/NonVmx/Lanes04_05Memory/Segments/Vstseg8Instruction.cs,source,.cs,2252,d5e7a779bf6e250276ca6cf8b426337a9cec54ea3cd1d4979bc12fe8bb5b33ad
HybridCPU_ISE/CloseToRTL/Core/ISA/Instructions/NonVmx/Lanes04_05Memory/Shapes2D/Vload2DContour.cs,source,.cs,2187,3ddc03c4cc8821e71964d34cb45c6dbedf2129b295b286907246d49c895339c2
HybridCPU_ISE/CloseToRTL/Core/ISA/Instructions/NonVmx/Lanes04_05Memory/Shapes2D/Vstore2DContour.cs,source,.cs,2174,9de7277d471921cf57e52734f44fdc33381b4397a3e3d19ec90f04d4628c1aad
HybridCPU_ISE/CloseToRTL/Core/Pipeline/Assist/InterCore/CPU_Core.PipelineExecution.AssistInterCore.cs,source,.cs,6049,7c12ee08202be800014410bce19925477a46f2921758035c87bd82aef9c2e95f
HybridCPU_ISE/CloseToRTL/Core/Pipeline/Assist/InterCore/MicroOpScheduler.Assist.InterCore.cs,source,.cs,12759,417ae3c373151cbd13db2b1acc6a0df129003a2e1819830945c59b78acb730aa
HybridCPU_ISE/CloseToRTL/Core/Pipeline/Assist/Runtime/AssistRuntime.cs,source,.cs,48307,223cc0bcc308e131d6bfa694d5e8b7d34e31c42a647478c8328b71ec3a8454ef
HybridCPU_ISE/CloseToRTL/Core/Pipeline/Assist/Runtime/CPU_Core.Assist.cs,source,.cs,14086,6e8601aa79105bd4357b3744bf5b9bd7f0150d757b4e70065866a5ced246fbe3
HybridCPU_ISE/CloseToRTL/Core/Pipeline/Assist/Runtime/MicroOpScheduler.Assist.CrossPod.cs,source,.cs,2594,3263cf255fc6d7cbb927a623d663ebc2d8d13c4613ded8f59a93ecd38e8c5de9
HybridCPU_ISE/CloseToRTL/Core/Pipeline/Assist/Runtime/MicroOpScheduler.Assist.cs,source,.cs,18819,98505d384c3b054a37163397733b620fe97258018c0f610aa2d81754241e5be9
HybridCPU_ISE/CloseToRTL/Core/Pipeline/Certificates/StructuralIdentity/HardwareHash.cs,source,.cs,3963,5547e6822ad129757a34c335cabca319b579da751182155ff25fb4329894d9d8
HybridCPU_ISE/CloseToRTL/Core/Pipeline/ExecutionFlow/ControlFlow/CPU_Core.PipelineExecution.ControlFlow.cs,source,.cs,8302,17ab54a0485f506d29aa1fd921a283d3766abd6085133dba3e9490ed47705f0a
HybridCPU_ISE/CloseToRTL/Core/Pipeline/ExecutionFlow/Dataflow/CPU_Core.PipelineExecution.Dataflow.cs,source,.cs,15281,442faeb6d96a2a26f2e3ba115c34b4efe4713930258c99a0b016430e27ab3144
HybridCPU_ISE/CloseToRTL/Core/Pipeline/ExecutionFlow/Faults/CPU_Core.PipelineExecution.Exceptions.cs,source,.cs,9002,22489a352a6aea6c04ede8df2dabb1f7dad941d52485a1aa30b33a6fd13dd9bc
HybridCPU_ISE/CloseToRTL/Core/Pipeline/ExecutionFlow/Faults/CPU_Core.PipelineExecution.Faults.cs,source,.cs,4775,90d2059bc762c862242cf29a22c3a6bda679b2d4b98276c1b5309e287e15e1cb
HybridCPU_ISE/CloseToRTL/Core/Pipeline/ExecutionFlow/Interlocks/CPU_Core.PipelineExecution.DependencyScan.cs,source,.cs,9924,e582b569f334156c6e8f7def719c2068abfcc81558fa64b1946416f9f52da578
HybridCPU_ISE/CloseToRTL/Core/Pipeline/ExecutionFlow/Interlocks/CPU_Core.PipelineExecution.Interlock.cs,source,.cs,5057,aa949f5ee2979605dc6c5e011a506cb79dcdabf30700a262dbbcf320d48d8478
HybridCPU_ISE/CloseToRTL/Core/Pipeline/ExecutionFlow/Materialization/CPU_Core.PipelineExecution.ExecuteHelpers.cs,source,.cs,25761,ba1c9d6ff1abc1a8754da9e0a891e2c86f398fbccd7f319eaa0b4cea4c972d1b
HybridCPU_ISE/CloseToRTL/Core/Pipeline/ExecutionFlow/Materialization/CPU_Core.PipelineExecution.Materialization.cs,source,.cs,33229,090989e9a0b0206c44f8012a385c73b4976f9ff1ee1c7264ab8b3871adeee799
HybridCPU_ISE/CloseToRTL/Core/Pipeline/ExecutionFlow/StageFlow/CPU_Core.Pipeline.Helpers.BranchPredictor.cs,source,.cs,1581,36711ce4887bd56aaaa2c9e4acb8be8c62133a417574b6398b4da96da364c874
HybridCPU_ISE/CloseToRTL/Core/Pipeline/ExecutionFlow/StageFlow/CPU_Core.Pipeline.Helpers.cs,source,.cs,53879,689d990883ffb20a4303961e9398608381cae21f91beba3df98de1c9ef06f1de
HybridCPU_ISE/CloseToRTL/Core/Pipeline/ExecutionFlow/StageFlow/CPU_Core.Pipeline.Helpers.PipelineControl.cs,source,.cs,11684,4874eb5c51363eb86f824953c838fbdde861a193883fb07a8f3fc46291736030
HybridCPU_ISE/CloseToRTL/Core/Pipeline/ExecutionFlow/StageFlow/CPU_Core.Pipeline.Helpers.PipelineStage.cs,source,.cs,591,9258444193ec4ae151c39e08f4c0960dd28cb9cceabf4826cf2ba7eb65fc5fa7
HybridCPU_ISE/CloseToRTL/Core/Pipeline/ExecutionFlow/StageFlow/CPU_Core.Pipeline.Helpers.PipelineStall.cs,source,.cs,3395,382eede4e1ce619d06790aa89de70e2784a50b49814b51cf9ea460464c7ae766
HybridCPU_ISE/CloseToRTL/Core/Pipeline/ExecutionFlow/StageFlow/CPU_Core.PipelineExecution.Context.cs,source,.cs,1031,932af3cf11b1effebfc87d4e504f3015b2244a1880db2bbd973b25ce2a7e303f
HybridCPU_ISE/CloseToRTL/Core/Pipeline/ExecutionFlow/StageFlow/CPU_Core.PipelineExecution.cs,source,.cs,20970,5730a280af18198861803223c6eb8c98eaab92783ebe3a1ec482107768d08402
HybridCPU_ISE/CloseToRTL/Core/Pipeline/ExecutionFlow/StageFlow/CPU_Core.PipelineExecution.StageFlow.cs,source,.cs,55160,00dea2875e2a2fa8390fa8c063d58d5edae71ebe42d3418c8acf5e7a1c330e5c
HybridCPU_ISE/CloseToRTL/Core/Pipeline/ExecutionFlow/StageFlow/CPU_Core.PipelineExecution.Types.cs,source,.cs,48211,26d0c5f3f285bd6a808a656a02d0197381f42ebf3af5dbe3ab5285d7ce89b912
HybridCPU_ISE/CloseToRTL/Core/Pipeline/MicroOps/Assist/AssistMicroOp.cs,source,.cs,31118,1dcdef098f4ccd9db540354890545027d51f9850cbf8a7570354d554520a55b4
HybridCPU_ISE/CloseToRTL/Core/Pipeline/MicroOps/Control/MicroOp.Control.cs,source,.cs,39037,3bb9c6b349f20ce3d797702e50c64367ecbe8f96d6549c2c1ef13d286ad7c4ba
HybridCPU_ISE/CloseToRTL/Core/Pipeline/MicroOps/Internal/InternalOp.cs,source,.cs,26142,01e6ce1d4b39d92cfd4c42b7b5a88111d2b03fb58aece2adf1bc00f5c488120e
HybridCPU_ISE/CloseToRTL/Core/Pipeline/MicroOps/IR/InstructionIR.cs,source,.cs,7684,2895f2ab2cde18ea65ce431c4234c25ec92e7b9275d849836824023276d40d97
HybridCPU_ISE/CloseToRTL/Core/Pipeline/MicroOps/Lane6DmaStream/DmaStreamComputeMicroOp.cs,source,.cs,14262,51f9598e936451d7ade73c0f472b79940d761f08cda8393b82fc87a947517307
HybridCPU_ISE/CloseToRTL/Core/Pipeline/MicroOps/Lane6DmaStream/DmaStreamComputeQueryCapsMicroOp.cs,source,.cs,6105,d06718f045181305338f34aa524834ee0dbc1f82d900ebabbdff7dbc23f6030a
HybridCPU_ISE/CloseToRTL/Core/Pipeline/MicroOps/Lane6DmaStream/DmaStreamComputeStatusMicroOp.cs,source,.cs,7734,6bc83e104775d4cb102ca0c58f4c091e2f7fb091ea330d638caed64d06aded15
HybridCPU_ISE/CloseToRTL/Core/Pipeline/MicroOps/Lane7Accelerator/SystemDeviceCommandMicroOp.cs,source,.cs,18603,1a60d32a942f898d9037da91a6fa0261116975192f6d5b884b7fff2273971837
HybridCPU_ISE/CloseToRTL/Core/Pipeline/MicroOps/MatrixTile/MatrixTileMicroOps.cs,source,.cs,27220,bf67a2aec3b18dd5157d921751274e2b7886f33a176c794c245ad45e723f3d7e
HybridCPU_ISE/CloseToRTL/Core/Pipeline/MicroOps/Memory/MicroOp.LoadStore.cs,source,.cs,22830,1eb111ee3bc53dd2f3eae53f925a9901eef893552aef7d41184e074a9da0c144
HybridCPU_ISE/CloseToRTL/Core/Pipeline/MicroOps/Replay/ReplayToken.cs,source,.cs,15510,33e081272d65cb40f17da7fea595f1832809814102d8e9b3c4b2b4b368871bd1
HybridCPU_ISE/CloseToRTL/Core/Pipeline/MicroOps/System/MicroOp.System.cs,source,.cs,20479,7d620803f57fe2a08fb96b95f3234cdf7253b85fb03a12c0bdc189f512567cbc
HybridCPU_ISE/CloseToRTL/Core/Pipeline/MicroOps/Types/MicroOp.cs,source,.cs,41332,35d594872a3ff668c6b97f9deff40f69bf00d50ad435353bf4a8d61fd0f74c26
HybridCPU_ISE/CloseToRTL/Core/Pipeline/MicroOps/Types/MicroOp.Exceptions.cs,source,.cs,3290,69d9a1892ef25e1db49a0786796e2b4635ffc72082ebe83b79e92b2fe601d701
HybridCPU_ISE/CloseToRTL/Core/Pipeline/MicroOps/Types/MicroOp.IO.cs,source,.cs,12868,31c768c8779788faac05e3166846e6ed73f7e3b7fb946df32979d49984ef962d
HybridCPU_ISE/CloseToRTL/Core/Pipeline/MicroOps/Types/MicroOp.Misc.cs,source,.cs,26227,1251b4b864b8b0fff762cde04463a95bf4abe1a718920a6c04b8e87b668dcd32
HybridCPU_ISE/CloseToRTL/Core/Pipeline/MicroOps/Vector/MicroOp.Compute.cs,source,.cs,9102,029778ad72762cf1784232d342eb87d6328f5a6c44e2be302c051ae4a993550f
HybridCPU_ISE/CloseToRTL/Core/Pipeline/MicroOps/Vector/VectorMicroOps.Compute.cs,source,.cs,52101,fc952e30cb1493fa2435954bd236771ffe86a56a59b2a1cc4a5ac2bad6b5552b
HybridCPU_ISE/CloseToRTL/Core/Pipeline/MicroOps/Vector/VectorMicroOps.cs,source,.cs,8771,021c2aa709ae33d23a4ffc8980c228f9d5434a636b8a5ee15a27b6d9938caf2c
HybridCPU_ISE/CloseToRTL/Core/Pipeline/MicroOps/Vector/VectorMicroOps.Data.cs,source,.cs,41574,d2f80a04cccc5f10f8dbfac20ec828cb6b13756f191f0fd008808e24bfbe3243
HybridCPU_ISE/CloseToRTL/Core/Pipeline/MicroOps/Vector/VectorMicroOps.DotWide.cs,source,.cs,9412,64e18a676b07b2ec53d73aa764ef35df20d4d97c85ef8d7f38c57f69db9bdf65
HybridCPU_ISE/CloseToRTL/Core/Pipeline/MicroOps/Vector/VectorMicroOps.Memory.cs,source,.cs,54181,43b6ec5108fec471dc3a7bf83268cf26999a58dd3a5aac366fcd7dad237fcaea
HybridCPU_ISE/CloseToRTL/Core/Pipeline/MicroOps/Vector/VectorMicroOps.Permute2.cs,source,.cs,9626,40f7a87e48d1227f62c94e6442b73828bf5c264e28f93fdf4125522892721e92
HybridCPU_ISE/CloseToRTL/Core/Pipeline/MicroOps/Vector/VectorMicroOps.Saturating.cs,source,.cs,10042,3c55bb3863ce5180a583fbe43b37ccd6116ce0667f9c89bf363e13286bdbc8ca
HybridCPU_ISE/CloseToRTL/Core/Pipeline/MicroOps/Vector/VectorMicroOps.Scan.cs,source,.cs,8907,d70d7ec5f45e9a1adc779cfa47ccdcc6e7bf4603ab85ac0d9131978c14a6018d
HybridCPU_ISE/CloseToRTL/Core/Pipeline/MicroOps/Vector/VectorMicroOps.SlideOne.cs,source,.cs,17954,37419892163a01e3abfbac2e6f4cb8dc2cb0efbb0c258b9cbdbe98eeee6fd7e3
HybridCPU_ISE/CloseToRTL/Core/Pipeline/MicroOps/Vector/VectorMicroOps.Transpose.cs,source,.cs,9743,5832ef2728b5e2af558a6441cb53b46b7ebd8354b0d3c0b8140f7a946b3ecb09
HybridCPU_ISE/CloseToRTL/Core/Pipeline/Retire/Evidence/CPU_Core.MatrixTileRetireState.cs,source,.cs,2427,f05ce2d03ba4ad7db838dee4ed9503698677c0fa311fcbfe68f7379c3f4978db
HybridCPU_ISE/CloseToRTL/Core/Pipeline/Retire/Evidence/CPU_Core.PipelineExecution.Retire.cs,source,.cs,58407,2fc24dcd43a326488b6d370c470329e012bda52ba68b6f3df41b4b76f41833c5
HybridCPU_ISE/CloseToRTL/Core/Pipeline/Retire/Evidence/CPU_Core.PipelineExecution.VmxRetire.cs,source,.cs,5492,9c406a3b56124a52a12a0a536c7aeddb18970741a2ba0f9a8b79bce527b47fea
HybridCPU_ISE/CloseToRTL/Core/Pipeline/Retire/Rollback/CPU_Core.GRLB.cs,source,.cs,26466,77da5007753e4d6a52fa75c8ad8759de3c9cec5ec3e5851413752f40a86380a5
HybridCPU_ISE/CloseToRTL/Core/Pipeline/Retire/SideEffects/CommitUnit.cs,source,.cs,1980,fb32bcdd0c274449d6233bdbca766dda91ade27300103bf241c4f5d77b7e5d1a
HybridCPU_ISE/CloseToRTL/Core/Pipeline/Retire/SideEffects/VectorConfigRetireModel.cs,source,.cs,2107,dadc783a533aad23cf789e291ba6359ecca8fee62a143c334a4e410ea810c4c9
HybridCPU_ISE/CloseToRTL/Core/Pipeline/Retire/WriteBackCleanup/CPU_Core.PipelineExecution.WriteBackCleanup.cs,source,.cs,7018,6ceafdebf3e139ca3cf34f2134e9ccef44c96c3eb7d0ceed689b921d9ad029c1
HybridCPU_ISE/CloseToRTL/Core/Pipeline/Scheduling/Admission/MicroOpScheduler.Admission.cs,source,.cs,31541,4a6c78230f9ac81f0c8d5cc3067d26645c942735e14b43fcbd737fd93db2a5b4
HybridCPU_ISE/CloseToRTL/Core/Pipeline/Scheduling/Backpressure/MicroOpScheduler.AssistBackpressure.cs,source,.cs,3484,1d6230b660f42be5f1f6bddc82f9a4e21cf8d283a53506b3d5734df346f137ad
HybridCPU_ISE/CloseToRTL/Core/Pipeline/Scheduling/BundlePacking/MicroOpScheduler.PackBundle.cs,source,.cs,8371,10e911a99d2d253a406634bad64113913f534a1cf4d2681b77a7dc7b7879afb1
HybridCPU_ISE/CloseToRTL/Core/Pipeline/Scheduling/Forwarding/CPU_Core.Pipeline.Helpers.ForwardingPath.cs,source,.cs,2061,843cd9bcdafaa285378715a5329f1bbc6a810f4d59f5e2ca1e809f0a0ef61329
HybridCPU_ISE/CloseToRTL/Core/Pipeline/Scheduling/Fsp/CPU_Core.PipelineExecution.Fsp.cs,source,.cs,19752,cd55bd87fc020ed88882a993b211140601316fef6e5fb3c82168bbd3c66f6281
HybridCPU_ISE/CloseToRTL/Core/Pipeline/Scheduling/Fsp/FspAdmissionPolicy.cs,source,.cs,3809,c07926fdab0dd0517ae7d49e56a4feceedaa892e70d74e91f17bc17d39463142
HybridCPU_ISE/CloseToRTL/Core/Pipeline/Scheduling/Fsp/FspPowerController.cs,source,.cs,12357,bb3bc09df91b3f0f064f3f51f7ff3fa45ee523f16afff8bcfe864e68553c2856
HybridCPU_ISE/CloseToRTL/Core/Pipeline/Scheduling/Fsp/FspProcessor.cs,source,.cs,5061,7b04535189f62aaa3daad146ad183db1207e81bb65cb7c8e2037e10e8353d0ca
HybridCPU_ISE/CloseToRTL/Core/Pipeline/Scheduling/Fsp/MicroOpScheduler.FSPPipeline.cs,source,.cs,10078,177783b5b523c99ea0a2a3ec86c1e1c3d150e104daba828bcb76a793fd9aa740
HybridCPU_ISE/CloseToRTL/Core/Pipeline/Scheduling/LaneChoice/DeterministicLaneChooser.cs,source,.cs,4283,7bb9602c10dc8dde50793cbe0c2f49f8cda7dd4779ba3f7757446be5894a4f28
HybridCPU_ISE/CloseToRTL/Core/Pipeline/Scheduling/LaneChoice/MicroOpScheduler.Nomination.cs,source,.cs,5957,0ddef7c612416e4b7f4bfc9fee010e927b8384f151ddc53389cfcb70e0068ac0
HybridCPU_ISE/CloseToRTL/Core/Pipeline/Scheduling/MicroOpScheduler.cs,source,.cs,67005,43c3be9cec859f397f9fd1125352224e57ba43fcc37a5b8f879a3edb2e316601
HybridCPU_ISE/CloseToRTL/Core/Pipeline/Scheduling/MicroOpScheduler.Infrastructure.cs,source,.cs,10425,c12ddb2a61c02bfa2834f090e979e23136e42296bdf2117785b5636059640f54
HybridCPU_ISE/CloseToRTL/Core/Pipeline/Scheduling/Scoreboard/MicroOpScheduler.Scoreboard.cs,source,.cs,10915,949c7fe3376c8783e64ff555d1ce0e649fb448c48789540b79dbb457ca63a876
HybridCPU_ISE/CloseToRTL/Core/Pipeline/Scheduling/SlotLegality/SlotAssignment.cs,source,.cs,2276,9e9672f4e70dd97f3f8f0fed3fcaa1022a63a937d86261e640a115a4f28e97cb
HybridCPU_ISE/CloseToRTL/Core/Pipeline/Scheduling/SlotLegality/SlotClassCapacity.cs,source,.cs,8238,d26025f1d258ad8df79ee64407516d3a852b4b198588c7ba18abb18f863d7cce
HybridCPU_ISE/CloseToRTL/Core/Pipeline/Scheduling/SlotLegality/SlotClassDefinitions.cs,source,.cs,19918,5c6d3904ae5dd67c5931d2f4ab693094ea7bde468753e61893ee830abd91446d
HybridCPU_ISE/CloseToRTL/Core/Pipeline/Scheduling/Smt/MicroOpScheduler.SMT.cs,source,.cs,49734,252efa48a235be8e38a0bf4e5dbe9e6f23b43b49a35c6e194a7caaf31f80322f
HybridCPU_ISE/CloseToRTL/Core/Pipeline/Scheduling/Smt/MicroOpScheduler.SmtEligibility.cs,source,.cs,3765,2540ff3070faed29d565ca90ad231991087328bef623a6caa9c4e420521d0c52
HybridCPU_ISE/CloseToRTL/Core/Pipeline/Stages/Decode/CPU_Core.Pipeline.Stages.DecodeStage.cs,source,.cs,1865,24b9ed6fb1db50f3a2342d7afe1ba5984b2aec4f0741012e9038da7fd109fd09
HybridCPU_ISE/CloseToRTL/Core/Pipeline/Stages/Execute/CPU_Core.ExecutionUnit.cs,source,.cs,154,0d7f3a50e22462ecfdb442f0ba00b51ebe46902c980cfaf680801bc4ec8ee20a
HybridCPU_ISE/CloseToRTL/Core/Pipeline/Stages/Execute/CPU_Core.Pipeline.Stages.ExecuteStage.cs,source,.cs,17882,7525f19c942f3c68a64c7c382159efbe933d371a784b74532f7f66fff83695c4
HybridCPU_ISE/CloseToRTL/Core/Pipeline/Stages/Execute/CPU_Core.Pipeline.Stages.ScalarExecuteLaneState.cs,source,.cs,3913,596975d420152aa2a5ac0bb56acb9d36ed37460d5d3dcc82c39e0ab11dd8ce68
HybridCPU_ISE/CloseToRTL/Core/Pipeline/Stages/Fetch/CPU_Core.Pipeline.Stages.FetchStage.cs,source,.cs,1164,150ac22d1a62ed3b8e42824dbb80db6c11acc935dd0129648629e082544374b9
HybridCPU_ISE/CloseToRTL/Core/Pipeline/Stages/Fetch/LoopBuffer.cs,source,.cs,19207,90be688a9d6ecc0953489fdd81a2d2da1373c7535307a05f6b914854784072ea
HybridCPU_ISE/CloseToRTL/Core/Pipeline/Stages/Issue/CPU_Core.Pipeline.cs,source,.cs,21254,b0a3edbb57a4cae7c20dec8231f26ce1bc63a96608eb5e01bcd42c5fc58fb66e
HybridCPU_ISE/CloseToRTL/Core/Pipeline/Stages/Memory/CPU_Core.Pipeline.Stages.MemoryStage.cs,source,.cs,13196,405893e5f245dbb26e1fd67a805886f3dec4f5a20860570f0c1e5a0031228134
HybridCPU_ISE/CloseToRTL/Core/Pipeline/Stages/Memory/CPU_Core.Pipeline.Stages.ScalarMemoryLaneState.cs,source,.cs,4402,a5285b6d11ce07248ea3f9e7f75334d9c009bb9ed56387b7a9c8f7f1e1606227
HybridCPU_ISE/CloseToRTL/Core/Pipeline/Stages/Memory/CPU_Core.PipelineExecution.Memory.cs,source,.cs,20485,34ee8d9e6fb996fa199142597a9b4731d755829ab9cce3feb77ab88edc479eae
HybridCPU_ISE/CloseToRTL/Core/Pipeline/Stages/WriteBack/CPU_Core.Pipeline.Stages.ScalarWriteBackLaneState.cs,source,.cs,3781,fff8d6419eb75bf8789b13e0ed52f8a630394dce2714c3711b909657759a3c1b
HybridCPU_ISE/CloseToRTL/Core/Pipeline/Stages/WriteBack/CPU_Core.Pipeline.Stages.WriteBackStage.cs,source,.cs,11809,4d0b7305be04cb042523087d2f60ff67d14e07dbda054013551151a5b11ebece
HybridCPU_ISE/CloseToRTL/Core/Runtime/Capabilities/CapabilityBoundaryRequirement.cs,source,.cs,1141,66cb7af316302c355cc0246755db6880f99003552085d7075f8caef442200319
HybridCPU_ISE/CloseToRTL/Core/Runtime/Capabilities/CompatibilityControls/CompatibilityControlDescriptor.cs,source,.cs,7853,879bf4725311a130e2afdb3268b093157bea5de7efa04f837ab67d7c11967c6f
HybridCPU_ISE/CloseToRTL/Core/Runtime/Capabilities/Descriptors/CapabilityDescriptorSet.cs,source,.cs,3349,eddf75381f8a497d76ae09067c5f3d0db3dc62bff470073857b6f26153d13b07
HybridCPU_ISE/CloseToRTL/Core/Runtime/Capabilities/Grants/CapabilityGrant.cs,source,.cs,6644,e93841b225c016821856b2227fa292ec8aa4e1a9b6a2c1b5338e71abf7ba0386
HybridCPU_ISE/CloseToRTL/Core/Runtime/Capabilities/Negotiation/CapabilityNegotiationService.cs,source,.cs,3441,b2ce28185c288677e1e1ff4d8f828f8387c511b96191461ece7c10083bd333ca
HybridCPU_ISE/CloseToRTL/Core/Runtime/Capabilities/Publication/CapabilityPublicationPolicy.cs,source,.cs,2072,51474b535e2f270b543856794ff9d29460406a1639a64461354798ff9906ede5
HybridCPU_ISE/CloseToRTL/Core/Runtime/Completion/Records/CompletionRecord.cs,source,.cs,1355,97c6eb4b1aae42d1b649ec6a2a08d786b37989497b4174343f3740d84ecfbc1e
HybridCPU_ISE/CloseToRTL/Core/Runtime/Completion/Records/TrapCompletionPublicationFence.cs,source,.cs,3705,ce80cb7babd4ef950896123e7149051468c206ea11956432c7d53556d74ff219
HybridCPU_ISE/CloseToRTL/Core/Runtime/Completion/Routing/CompletionRoutingService.cs,source,.cs,2890,82fb37fcdc12735a81561576c51312dfd65cb72a4c818a5be127a9b29d650ef2
HybridCPU_ISE/CloseToRTL/Core/Runtime/Completion/Routing/LaneCompletionRouting.cs,source,.cs,14258,9b933416d17d96090de06927e25e3259b13dba208fa3fdc7c75ea0102275747b
HybridCPU_ISE/CloseToRTL/Core/Runtime/Completion/Routing/TrapCompletionRoutePolicy.cs,source,.cs,7235,4a001ed12fd5222e3e68e6ae5457cfcf7a05eeb96b2a538b488af687dbe1d04e
HybridCPU_ISE/CloseToRTL/Core/Runtime/Domains/Admission/Execution/ExecutionDomainRuntime.cs,source,.cs,2941,85479ed2e98b176d959453935689d367b84fb71ceabac2cc5cd3c2e4dd185ebb
HybridCPU_ISE/CloseToRTL/Core/Runtime/Domains/Admission/IO/IoDomainRuntime.cs,source,.cs,3361,f50e3a1d2a7cdac3a61e6198fa688383d9af4f9ad5313f0d18d91ee7d7569cc0
HybridCPU_ISE/CloseToRTL/Core/Runtime/Domains/Admission/Lane6/Lane6DomainRuntime.cs,source,.cs,3341,88062f926980b63a75678ff12e341fa6fa1215c42450a0dfc1bd1c98959f4c09
HybridCPU_ISE/CloseToRTL/Core/Runtime/Domains/Admission/Lane7/Lane7DomainRuntime.cs,source,.cs,3797,b8d28fdd61e47039f159024fc2b0c1b8d779a40abe8c666ea0e4b064729f310c
HybridCPU_ISE/CloseToRTL/Core/Runtime/Domains/Admission/Memory/MemoryDomainRuntime.cs,source,.cs,3488,13962b50d1c95966ba23516f58f5b4b761eb376ff667345b0b81712211a5f9a9
HybridCPU_ISE/CloseToRTL/Core/Runtime/Domains/Admission/Nested/NestedDomainRuntime.cs,source,.cs,2714,51be8cf515070307989e6dcd28dec06fb69e3223dc83862c6fe701dd719c0916
HybridCPU_ISE/CloseToRTL/Core/Runtime/Domains/Admission/VectorStream/VectorStreamDomainRuntime.cs,source,.cs,4504,349ee5dbd1d7c3d294598517c09d0a330d6fc3edf473258356154e6d1b7fdb34
HybridCPU_ISE/CloseToRTL/Core/Runtime/Domains/Authority/DomainRuntimeAuthority.cs,source,.cs,3877,532d3db5c2a908984bd12a0550b2199d5b68ef469c55ee1acbfddfcac2f1ff63
HybridCPU_ISE/CloseToRTL/Core/Runtime/Domains/Authority/RootAuthorityDescriptor.cs,source,.cs,2335,01adeb577cd799867976de9694d91f6a6912d4e76e49e94c7e4d61ceb1fdc5e5
HybridCPU_ISE/CloseToRTL/Core/Runtime/Domains/Binding/DomainBindingTable.cs,source,.cs,3577,9ccf8c58c3620828d36c3c37d7eaf864ada0e59b6df9f8ca6555ab993b143592
HybridCPU_ISE/CloseToRTL/Core/Runtime/Domains/Binding/DomainTagManager.cs,source,.cs,3649,e8297407467562738b9436a38724794160ae744eddd78b7ff44a24d2e8d7a465
HybridCPU_ISE/CloseToRTL/Core/Runtime/Domains/Descriptors/CompletionRoute/CompletionRouteDescriptor.cs,source,.cs,1792,86e4c797b913d0e4007c638af4f770ec29ca8b841547f3b4359b37a108ff790d
HybridCPU_ISE/CloseToRTL/Core/Runtime/Domains/Descriptors/EventQueue/EventQueueDescriptor.cs,source,.cs,1914,0b1533c718190a4d90973d0fa7549412db3e6836429a9c7b0cfbf90fbc3552c2
HybridCPU_ISE/CloseToRTL/Core/Runtime/Domains/Descriptors/EvidencePolicy/EvidencePolicyDescriptor.cs,source,.cs,2313,9d27efb0939eeb7b48b1034a26d202dc554534981f338394d287b8e4b6d4cfa4
HybridCPU_ISE/CloseToRTL/Core/Runtime/Domains/Descriptors/ExecutionDomain/BundleLegalityDescriptor.cs,source,.cs,1579,cc4995e3bc6e34aaa8f64e42e114aa902ee0b3bc12762f273652af4cfb86fec7
HybridCPU_ISE/CloseToRTL/Core/Runtime/Domains/Descriptors/ExecutionDomain/ExecutionDomainDescriptor.cs,source,.cs,2690,daa4b4c6d0d6376e2bbecd4c37095043405ae988e79014d9c131e9865172effb
HybridCPU_ISE/CloseToRTL/Core/Runtime/Domains/Descriptors/ExecutionDomain/ExecutionDomainReadOnlyStateView.cs,source,.cs,1490,8dae7a8f78a03ba2fd8fc640c3ca952718afd4c4c2fc6d5d436406b659da75ee
HybridCPU_ISE/CloseToRTL/Core/Runtime/Domains/Descriptors/ExecutionDomain/ExecutionExtensionDescriptor.cs,source,.cs,1859,4d1af81f278a657d4cd1b1756f7dc5162bede85907910738992d2b586f36bc62
HybridCPU_ISE/CloseToRTL/Core/Runtime/Domains/Descriptors/ExecutionDomain/SchedulingBudgetDescriptor.cs,source,.cs,1591,1b09a59cada95738149f7e932c4cd6beea2d1f93fbffc9c818686db8fc830c61
HybridCPU_ISE/CloseToRTL/Core/Runtime/Domains/Descriptors/IoDomain/IoDomainDescriptor.cs,source,.cs,1546,3678c1a454ceb7d812de0c58750b200e205a65148ddc2a39dea41c25345c9518
HybridCPU_ISE/CloseToRTL/Core/Runtime/Domains/Descriptors/IoDomain/IoVirtualizationBlock.cs,source,.cs,4861,8ab4c1b547b0421c0529d214f94a402a9f35d9fa089fbe7a471f400da2d32be2
HybridCPU_ISE/CloseToRTL/Core/Runtime/Domains/Descriptors/Lane6Domain/Lane6DomainDescriptor.cs,source,.cs,2092,7e327eb1707e937b33bf44d08fe820fb471632ec404f2be9217a9ac2b69ae244
HybridCPU_ISE/CloseToRTL/Core/Runtime/Domains/Descriptors/Lane7Accelerator/Lane7AcceleratorDescriptor.cs,source,.cs,2723,dbf408b9e4f408f5d91f32aa1d3bae8a6ac64864aa72f8fef060c1cb076cbf02
HybridCPU_ISE/CloseToRTL/Core/Runtime/Domains/Descriptors/MemoryDomain/MemoryDomainDescriptor.cs,source,.cs,2353,6d393c5da402f7a5af71f4f361df056c388c0223c1052c44f67d24180e385a28
HybridCPU_ISE/CloseToRTL/Core/Runtime/Domains/Descriptors/Observability/ObservabilityDescriptor.cs,source,.cs,1846,65f301e51a2c9ddfe9660d3c92974c62894e98472b26c34d87d6619c1bc5b132
HybridCPU_ISE/CloseToRTL/Core/Runtime/Domains/Descriptors/TrapPolicy/TrapPolicyDescriptor.cs,source,.cs,1705,4d78c7ea00353801ff450538a295e19d0d3ff799210b62ec50618e86200167ce
HybridCPU_ISE/CloseToRTL/Core/Runtime/Domains/DomainBoundaryDescriptor.cs,source,.cs,1128,32fe6fe4ab7fa44432b225d2d749d9c0e2128a895a27fd4f9fc9202d081f24fa
HybridCPU_ISE/CloseToRTL/Core/Runtime/Domains/Legality/DomainLegalityService.cs,source,.cs,2438,854a919166e6caac8f6a09a5adc200c78b8a4efbba2a099bfd206fd4b6553ad7
HybridCPU_ISE/CloseToRTL/Core/Runtime/Domains/Scheduling/DomainSchedulingAdmission.cs,source,.cs,1797,ce6329b0dad102a80c3b9c304315bf4d0851fe6ae03b0cb7116f93bec4597f66
HybridCPU_ISE/CloseToRTL/Core/Runtime/Domains/SecureCompute/Admission/SecureDomainAdmissionService.cs,source,.cs,689,0607fe466865f0a6e83f47861ccc7cf88f0084e58c7cc3a4e8182e3c1fa84f00
HybridCPU_ISE/CloseToRTL/Core/Runtime/Domains/SecureCompute/Authority/SecureAuthorityBounds.cs,source,.cs,2013,a9e6b919b228d6ccb4acd044edd2b173d21a0aec7ce7d7982fd4d95c8f8ded1c
HybridCPU_ISE/CloseToRTL/Core/Runtime/Domains/SecureCompute/Authority/SecureGrantAuthorityPolicy.cs,source,.cs,4828,187c345c79a7271742f66160684158bad3ff6ccf9d7a6f9572c142816eb362ca
HybridCPU_ISE/CloseToRTL/Core/Runtime/Domains/SecureCompute/Authority/SecureGrantHandle.cs,source,.cs,1142,804b5fdaefa35c2200a22d85b6e0a7bc81a9b5839ff6e375e0f7466915521f7a
HybridCPU_ISE/CloseToRTL/Core/Runtime/Domains/SecureCompute/Authority/SecureMeasurementHandle.cs,source,.cs,470,4536a0beb4b0333f5c97105f399bd2bb72d401dfdf64b7b3438c1b67fd6d9447
HybridCPU_ISE/CloseToRTL/Core/Runtime/Domains/SecureCompute/Authority/SecurePolicyDerivationRecord.cs,source,.cs,899,7556065527352e95488a0727418d950b17797c4d7d6f8f9881c157f6db70482b
HybridCPU_ISE/CloseToRTL/Core/Runtime/Domains/SecureCompute/Authority/SecureRevocationEpoch.cs,source,.cs,428,b42c8efd131e66447b2307755369fda00864ebd8d9e192938a20d0cb44f94f17
HybridCPU_ISE/CloseToRTL/Core/Runtime/Domains/SecureCompute/Checkpoint/SecureCheckpointPayloadPolicy.cs,source,.cs,2793,7a274194a620934166f66f1cf719326f5878f82bf7e8be5dc55532e5fb80e5c2
HybridCPU_ISE/CloseToRTL/Core/Runtime/Domains/SecureCompute/Descriptors/Backend/SecureBackendOwnerDescriptor.cs,source,.cs,1765,231f1f1d048e2e65f136262e3041e0d3632edd31472ed3ec1743617ce3a6cf60
HybridCPU_ISE/CloseToRTL/Core/Runtime/Domains/SecureCompute/Descriptors/Domain/SecureComputeDomainDescriptor.cs,source,.cs,3473,4d537f1e787eb72450ed7214059dd6ffd8fa34b9ca186242460aaa71dcffb42c
HybridCPU_ISE/CloseToRTL/Core/Runtime/Domains/SecureCompute/Descriptors/Hypercalls/SecureHypercallDescriptor.cs,source,.cs,3858,53ffa8144960a030ad4107dff5fa6c8a93a1d8ebed2af31f61fe094fca5cba50
HybridCPU_ISE/CloseToRTL/Core/Runtime/Domains/SecureCompute/Descriptors/Io/SecureIoDomainDescriptor.cs,source,.cs,4460,31470715b5d44b8397d94b766452c7efade86d1e2c7520a8e9d1ef7248d093ca
HybridCPU_ISE/CloseToRTL/Core/Runtime/Domains/SecureCompute/Descriptors/Measurement/DomainMeasurementDescriptor.cs,source,.cs,9087,976ee752d6fa5db034d9c6d2e08f2383dc406ad947dd33454ae8c088a823eb5f
HybridCPU_ISE/CloseToRTL/Core/Runtime/Domains/SecureCompute/Descriptors/Memory/SecureMemoryDomainDescriptor.cs,source,.cs,5622,f7cd61cd8b76f22533c71cc4df4090148af9c7a13cea99c023b74e7e6f7bfaf5
HybridCPU_ISE/CloseToRTL/Core/Runtime/Domains/SecureCompute/Descriptors/Migration/SecureMigrationDescriptor.cs,source,.cs,3573,1bb53085b6739ef488f9e7f188acab9e56eaa62635f2376c6f529f142e18f2da
HybridCPU_ISE/CloseToRTL/Core/Runtime/Domains/SecureCompute/Descriptors/Nested/SecureChildDomainIntentDescriptor.cs,source,.cs,2712,b06194d539c4b3ab31276f8b5717c920dc1684f8f94f72369f1627189f818dc5
HybridCPU_ISE/CloseToRTL/Core/Runtime/Domains/SecureCompute/Docs/CHERI-монотонность-и-влияние-на-ISA.md,doc,.md,10029,320f2af71f1b9de9d7ad5f0ac0c83f0a0d8f94b4f99a4d755a320c8da1bd1610
HybridCPU_ISE/CloseToRTL/Core/Runtime/Domains/SecureCompute/Docs/Decoder update изменения и правила.md,doc,.md,19704,950a3b77d9cef77b40ff76591c7b51406b0da4ef2d5921dfa182a5715a1984ce
HybridCPU_ISE/CloseToRTL/Core/Runtime/Domains/SecureCompute/Docs/SecureCompute-усиление-аспекта-виртуализации.md,doc,.md,35409,17ccaea5bc2c74bce1cf36ee837c55c019ee9b5ebf1313d85ae29b6561a56ac5
HybridCPU_ISE/CloseToRTL/Core/Runtime/Domains/SecureCompute/Docs/VMX-VMCS-VmxCaps-совместимость.md,doc,.md,13305,d2c2324a0415304bae60f3dc3a8f6539ff49b0c7e528ae93a50c1a2e32f841a0
HybridCPU_ISE/CloseToRTL/Core/Runtime/Domains/SecureCompute/Docs/Аудит-secure-compute-выгода-и-зоны-изменений.md,doc,.md,20325,ace3c5b2e9f98bd9df716e065ffbcb6babfdaa5d797162f0965d374ec4abf0cb
HybridCPU_ISE/CloseToRTL/Core/Runtime/Domains/SecureCompute/Docs/Виртуализация-как-поставщик-secure-compute.md,doc,.md,10799,8d2176402ab92b4b54fe8c33b68ef4578d5f6a158e426779ccda44a91aa689a2
HybridCPU_ISE/CloseToRTL/Core/Runtime/Domains/SecureCompute/Docs/Сравнение-SecureCompute-и-CHERI.md,doc,.md,23887,458981be722ca617e66045217a1cc436cf900f2fc2861836285cf3566c192b5b
HybridCPU_ISE/CloseToRTL/Core/Runtime/Domains/SecureCompute/Docs/Философия-и-архитектура-виртуализации-HybridCPU.md,doc,.md,30161,12aefe898e1ef18b0de46a7be3dcb7a14c2cf72a72cc04b7587fda4e50dae683
HybridCPU_ISE/CloseToRTL/Core/Runtime/Domains/SecureCompute/Plan/00-securecompute-refactoring-index.md,doc,.md,10316,4870e6be64b71a88e07ac722c7d6799a9f3ee96b39eabfc319b95aa8f2d027e6
HybridCPU_ISE/CloseToRTL/Core/Runtime/Domains/SecureCompute/Plan/01-current-state-and-non-regression-baseline.md,doc,.md,6769,3baee580948b4d2a91f302a18482e77f001d9d958959ac0041e3c7060277cd73
HybridCPU_ISE/CloseToRTL/Core/Runtime/Domains/SecureCompute/Plan/02-layer1-secure-domain-descriptor-plan.md,doc,.md,8378,921d0766b884fa712e33dd4f03f2adea09f4a3396c2192dd28b37170dd04b392
HybridCPU_ISE/CloseToRTL/Core/Runtime/Domains/SecureCompute/Plan/03-layer1-secure-memory-plan.md,doc,.md,8632,4095880dffd28f5d6e36da31936fef45c53831897671ec03a6509140d1464d02
HybridCPU_ISE/CloseToRTL/Core/Runtime/Domains/SecureCompute/Plan/04-layer1-measurement-and-attestation-plan.md,doc,.md,7994,7e486b515a17fc2c68e80807566d21f50406b1864555f709ab31ffcef2ea5ac7
HybridCPU_ISE/CloseToRTL/Core/Runtime/Domains/SecureCompute/Plan/05-layer1-secure-evidence-and-publication-plan.md,doc,.md,8318,00ddb7dc4cd731bfeceb5a0233af1cc1081a8738048fa4f15950db10da41afeb
HybridCPU_ISE/CloseToRTL/Core/Runtime/Domains/SecureCompute/Plan/06-layer1-secure-migration-plan.md,doc,.md,8252,44dd893524a17e78cf53d6ea7802513dbbced28edd2306f7acb5217c04d6f34a
HybridCPU_ISE/CloseToRTL/Core/Runtime/Domains/SecureCompute/Plan/07-layer1-secure-io-and-hypercall-plan.md,doc,.md,11916,1df2329b531a5f90b7c8c8a70259adeb6ee3932309b3d4e84fd108f5dcb40d53
HybridCPU_ISE/CloseToRTL/Core/Runtime/Domains/SecureCompute/Plan/08-layer2-cheri-like-authority-discipline-plan.md,doc,.md,11593,96b3945071fe736ff87e1805962537be934d31bacb58e858e67a696bbde3c9d4
HybridCPU_ISE/CloseToRTL/Core/Runtime/Domains/SecureCompute/Plan/09-vmx-compatibility-boundary-plan.md,doc,.md,7561,65be2eb597cf345452366967454781eecba884689bffe41f9b5f73bd6f1b8628
HybridCPU_ISE/CloseToRTL/Core/Runtime/Domains/SecureCompute/Plan/10-nested-secure-domain-plan.md,doc,.md,7005,dad786a6306adc23b271465820f2adc934555e6ae96e3ecfd4f93182e85c0fac
HybridCPU_ISE/CloseToRTL/Core/Runtime/Domains/SecureCompute/Plan/11-test-and-conformance-master-plan.md,doc,.md,11257,ce88ba2ef22844f688bb942009d4f33675c52b0f848d990ff349ace562913717
HybridCPU_ISE/CloseToRTL/Core/Runtime/Domains/SecureCompute/Plan/12-phasing-and-pr-breakdown.md,doc,.md,25657,bd3812cc2b2e2d6043fcb3905f5db37a0f07c70f645f252181aaf918d13378a4
HybridCPU_ISE/CloseToRTL/Core/Runtime/Domains/SecureCompute/Plan/13-future-capability-aware-isa-memory-layer.md,doc,.md,6523,625e0f328439880e708b394418dc1783876a986237eaf090919eefbaeb372f75
HybridCPU_ISE/CloseToRTL/Core/Runtime/Domains/SecureCompute/Plan2/14-securecompute-open-decision-backlog.md,doc,.md,4996,0c0edf42c3278d2b44f4dbdb193963619e21dd11d273990d24bacf3d70840fda
HybridCPU_ISE/CloseToRTL/Core/Runtime/Domains/SecureCompute/Plan2/deep-research-report (6).md,doc,.md,50551,908d319d11d9d8992b6cef28d024911442ce5c67b49858b3fdc4ad58a317f20b
HybridCPU_ISE/CloseToRTL/Core/Runtime/Domains/SecureCompute/Plan2/SecureCompute RFC HybridCPU-v2.md,doc,.md,13443,93e03564ac6bf441bc527cf925fd3dc1eeb95b80c40e137c6f68299b10512d53
HybridCPU_ISE/CloseToRTL/Core/Runtime/Domains/SecureCompute/Policies/Admission/SecureDomainAdmissionPolicy.cs,source,.cs,5014,f272a4ae1b38404a78b8eac3a65e8274f713982e5d90b636d9926af414a52224
HybridCPU_ISE/CloseToRTL/Core/Runtime/Domains/SecureCompute/Policies/Backend/SecureBackendOwnerAdmissionPolicy.cs,source,.cs,4218,01a42d2f77081eaf2e1306ffe1eb7151bba64910bf1fbb2378fec56718860874
HybridCPU_ISE/CloseToRTL/Core/Runtime/Domains/SecureCompute/Policies/Compatibility/SecureCompatibilityProjectionPolicy.cs,source,.cs,1994,bbc2da4f39cef3a726e8f6b8b46b4c43e01ca98fdff8b1a46c2e62029afd0c9f
HybridCPU_ISE/CloseToRTL/Core/Runtime/Domains/SecureCompute/Policies/Debug/SecureDebugPolicy.cs,source,.cs,729,c8eb930f60709a937a72e03b70e57ccf3f38db1b53978b18f9b8d47dec327d52
HybridCPU_ISE/CloseToRTL/Core/Runtime/Domains/SecureCompute/Policies/Evidence/SecureEvidencePolicy.cs,source,.cs,2801,b25b7ba388a993a536517464a51a1d9670cc5d4f36750dcbbc210dc256dc2807
HybridCPU_ISE/CloseToRTL/Core/Runtime/Domains/SecureCompute/Policies/Evidence/SecureEvidencePublicationPolicy.cs,source,.cs,9179,1bebb0c0c88ba4caebfcc4a018c7d345915e332feaf87bb51ae6e34791066623
HybridCPU_ISE/CloseToRTL/Core/Runtime/Domains/SecureCompute/Policies/HostInspection/SecureHostInspectionPolicy.cs,source,.cs,892,30873457052a1b8f679e3499e094d93b178b3aa4ec2d3cf02876cd5ffb8ffb0b
HybridCPU_ISE/CloseToRTL/Core/Runtime/Domains/SecureCompute/Policies/Io/SecureIoHypercallAdmissionPolicy.cs,source,.cs,12064,94dbe191da73882963f4b3409a3591be2007683c2a4236d58e736f9f69696f20
HybridCPU_ISE/CloseToRTL/Core/Runtime/Domains/SecureCompute/Policies/Measurement/SecureMeasurementAdmissionPolicy.cs,source,.cs,8524,6b4c8aa8add4c52d1de3e6ca3b27356fc34f207c4b991703aee1d8b6dfd34a85
HybridCPU_ISE/CloseToRTL/Core/Runtime/Domains/SecureCompute/Policies/Memory/SecureMemoryAdmissionPolicy.cs,source,.cs,8488,d6e27c3eb6ff1e0201b70a5874a53848ea98fc6e91083bb0c941860e9fa33a59
HybridCPU_ISE/CloseToRTL/Core/Runtime/Domains/SecureCompute/Policies/Migration/SecureMigrationAdmissionPolicy.cs,source,.cs,10398,e20c434f5df1375a58a169c14ec7094d77b2bed6395564436ed502098b3e5ecb
HybridCPU_ISE/CloseToRTL/Core/Runtime/Domains/SecureCompute/Policies/Nested/SecureNestedDomainAdmissionPolicy.cs,source,.cs,8610,3f2dda50af196b0b9416c94edb6e9155bba05960c3ec21b6e00b8b67927d95a9
HybridCPU_ISE/CloseToRTL/Core/Runtime/Domains/SecureCompute/Publication/SecureCompletionPublicationFence.cs,source,.cs,1250,73edc69ade234d7464ef754b8a6066e0c3147383b76113e1253ee99a8e856605
HybridCPU_ISE/CloseToRTL/Core/Runtime/Domains/SecureCompute/Sideband/SecureDomainDescriptorSideband.cs,source,.cs,817,cc3e65900a54657875a7417e0c43a195d32caff062fdc2b88ced2a901880240b
HybridCPU_ISE/CloseToRTL/Core/Runtime/Domains/Services/DomainRuntimeContext.cs,source,.cs,3024,921745465b927f0270bcb7969d0561cebc6e1eb23af725defa53622d88685a83
HybridCPU_ISE/CloseToRTL/Core/Runtime/Domains/Services/DomainRuntimeOperation.cs,source,.cs,1954,b03163f6d59b8d0e3e352457182aaa90556de9d45ffd3fc230152b6dd17e4bb5
HybridCPU_ISE/CloseToRTL/Core/Runtime/Domains/Validation/DomainValidationResult.cs,source,.cs,2739,479418417899545c8fe0ad54f539ff24c5b1afbee8473e84003ec71999344f43
HybridCPU_ISE/CloseToRTL/Core/Runtime/Events/Hypercalls/HypercallBackendAdmissionPolicy.cs,source,.cs,7687,7f3ac682612e89ed63ecdf1f3db685ccfabce11d8017a2301998c0e96e70579d
HybridCPU_ISE/CloseToRTL/Core/Runtime/Events/Injection/EventDeliveryService.cs,source,.cs,4157,1479105d73dc48dc9237e87a4013262e0ba7937546cb976c946a2d8eb1b984a5
HybridCPU_ISE/CloseToRTL/Core/Runtime/Events/Injection/EventInjectionDescriptor.cs,source,.cs,1814,74e2c3f6fa6db613cdf3af6a762c46fa5397f4487a84ba4e64d319281b23128a
HybridCPU_ISE/CloseToRTL/Core/Runtime/Events/Injection/InterruptRemapPolicy.cs,source,.cs,7092,ec378a83ce6f25f1659c32793e4d9433bbdf2e91bbaa12e6d928146b9a1382bb
HybridCPU_ISE/CloseToRTL/Core/Runtime/Events/Injection/PostedEventQueue.cs,source,.cs,5211,eb7481e744f6063c8a8451ca06afe7a3b7eb1562c8fe48fa4c573b4f0a8ae219
HybridCPU_ISE/CloseToRTL/Core/Runtime/Events/Injection/PostedEventQueue.Snapshot.partial.cs,source,.cs,918,8b5904646990694756ae27af90173dd46c7dcefefaaab47db7f648435124381e
HybridCPU_ISE/CloseToRTL/Core/Runtime/Events/Injection/VirtualInterruptFabric.cs,source,.cs,4314,01fcb2787e616a926a083694f6ec0831055d4589b80a69c044439eadece9b3fb
HybridCPU_ISE/CloseToRTL/Core/Runtime/Events/Injection/VirtualInterruptFabric.Remap.partial.cs,source,.cs,748,d896b0f2b019b7bc8aced156ec691053d4c1977b3fbc52726107dd1978fdc4fa
HybridCPU_ISE/CloseToRTL/Core/Runtime/Events/Traps/DomainTrapRecord.cs,source,.cs,1945,188c8a40009c53fe262871c555655b403148e70626262cfa127fd2e831762272
HybridCPU_ISE/CloseToRTL/Core/Runtime/Events/Traps/NeutralTrapResult.cs,source,.cs,917,f3240730f45988db2a660209385bba347b0baa72490b352acc152348ca86be63
HybridCPU_ISE/CloseToRTL/Core/Runtime/Events/Traps/SchedulingBudgetTimer.cs,source,.cs,2930,17ff68a1dea1e48ff0d75708c5a9a11c891e39fd8d6901b5671562c3c2cf069c
HybridCPU_ISE/CloseToRTL/Core/Runtime/Events/Traps/SchedulingBudgetTimer.Snapshot.partial.cs,source,.cs,989,d71b1c8a8644e9aead188e6dfef215ac220920eee2e69db40ac0f262908e3325
HybridCPU_ISE/CloseToRTL/Core/Runtime/Events/Traps/TrapPolicyBitmap.cs,source,.cs,6729,361c0f1bcd6ed6622057be7f7b8cc8534344ab703737327460c44fe74adfdf81
HybridCPU_ISE/CloseToRTL/Core/Runtime/Events/Traps/TrapRequest.cs,source,.cs,5422,9560ebffd04c081fd94ecfa14661aaccc61372da27c8f5e84217d4231be0b948
HybridCPU_ISE/CloseToRTL/Core/Runtime/Events/Traps/VirtualTimerState.cs,source,.cs,1251,51714854c5f660c1bb0a81ccbf7c5b9e6271feae09533bd97bb273c697098edb
HybridCPU_ISE/CloseToRTL/Core/Runtime/Events/Traps/VirtualTimerState.Expiration.partial.cs,source,.cs,788,c64cab8bac1fce25a442211cc0434473d2972c253eb5c7d82d8d262889244622
HybridCPU_ISE/CloseToRTL/Core/Runtime/Evidence/DebugTrace/DebugTraceExportPolicy.cs,source,.cs,4010,25d4626f27ef3174e1cd77eab0fc39e606834c170ac994ecfbdf1f22b163cc3a
HybridCPU_ISE/CloseToRTL/Core/Runtime/Evidence/EvidenceBoundaryRequirement.cs,source,.cs,1977,aa9ad70f6962f6fc35f29d6313afbda19ec01d93dd548492bda48c6e2d89e0fd
HybridCPU_ISE/CloseToRTL/Core/Runtime/Evidence/GuestVisible/GuestVisibleEvidenceProjection.cs,source,.cs,2194,1ad4ba1959dcd8871925c05430e6184ce617591c3f69e4f9cd47701249db9894
HybridCPU_ISE/CloseToRTL/Core/Runtime/Evidence/HostOwned/HostOwnedEvidenceBoundary.cs,source,.cs,3152,ce1ab03ba37aee3908bc5a787f3b5353f019dc5fe97abae78f566b134356f524
HybridCPU_ISE/CloseToRTL/Core/Runtime/IO/Dma/DmaAuthorityService.cs,source,.cs,4782,ac1308ee8817cd247fd569513b121f3e50b577ce0f5546c309e26a9d06298b4a
HybridCPU_ISE/CloseToRTL/Core/Runtime/IO/Dma/DmaDomainBinding.cs,source,.cs,4213,f1cbce5a0d5e80ae0999b5949b418f3abb8ff11849c063419860d84e0dcbea91
HybridCPU_ISE/CloseToRTL/Core/Runtime/IO/Dma/DmaWindowDescriptor.cs,source,.cs,2532,b0d82a6604787796205aee2941bd0c336d46cf1a45b9e26e58e0b434b9a87229
HybridCPU_ISE/CloseToRTL/Core/Runtime/IO/Iotlb/IotlbInvalidationService.cs,source,.cs,3112,b8906b5ec8aa0231e4b1e8baddbf9c2a93f3bc62bc330ec06d5f7b9251e02abb
HybridCPU_ISE/CloseToRTL/Core/Runtime/Lanes/Lane6/Fences/FenceDomain.cs,source,.cs,1853,49232049df5448c22a462110bd1a22961f60158e1351505b405040bc1134af88
HybridCPU_ISE/CloseToRTL/Core/Runtime/Lanes/Lane6/HostOwnedEvidence/Lane6HostOwnedEvidenceStore.cs,source,.cs,3022,48e7dad615640caa9d17dd4dd88aef375411c9871d713cdd42631e16f8b46471
HybridCPU_ISE/CloseToRTL/Core/Runtime/Lanes/Lane6/Lane6QueueRuntime.cs,source,.cs,7595,e4da32d5496329d5ef17a0fe374a910dca3ce3adad1fd5c8a0e939bedfe0118d
HybridCPU_ISE/CloseToRTL/Core/Runtime/Lanes/Lane6/Lane6StateBlock.cs,source,.cs,3729,3b3e6e35760cd36bc0047b68c77b1d4658f6bbb1bda7a4f946bf497945f571ba
HybridCPU_ISE/CloseToRTL/Core/Runtime/Lanes/Lane6/Lane6VirtualToken.Evidence.partial.cs,source,.cs,396,ec017b792eec23a3d041ae3123b1b530fef4f714efbbd95c9bf8760f97e7aeed
HybridCPU_ISE/CloseToRTL/Core/Runtime/Lanes/Lane6/Queues/Lane6QueueNamespace.cs,source,.cs,1777,24d24507bacf6887b2f07e668fce3038386383c3c2f0c649b998c37e5ee522a8
HybridCPU_ISE/CloseToRTL/Core/Runtime/Lanes/Lane6/Tokens/Lane6TokenNamespace.cs,source,.cs,1749,f700a100cfee510590d58661d378a1edb3120f59fa65cfee92a1acd4eb8c3019
HybridCPU_ISE/CloseToRTL/Core/Runtime/Lanes/Lane7/Accelerators/Lane7AcceleratorAdmissionPolicy.cs,source,.cs,971,5c9c4d8c46b2473f9b9b27961fd638be990526f099658135c16bda7156216c06
HybridCPU_ISE/CloseToRTL/Core/Runtime/Lanes/Lane7/Accelerators/Lane7AcceleratorCompletionRouter.cs,source,.cs,789,344a0d5e8e2f6c807fccb4e1908d32a65e3e39dc0bc1c16c9bec225518450a38
HybridCPU_ISE/CloseToRTL/Core/Runtime/Lanes/Lane7/Accelerators/Lane7AcceleratorHandleNamespace.cs,source,.cs,1767,9fa951f70fe3c8614909b1b26b742e5ecd7a0e5a6be857f1bfeed77825f7f150
HybridCPU_ISE/CloseToRTL/Core/Runtime/Lanes/Lane7/Accelerators/Lane7AcceleratorTokenNamespace.cs,source,.cs,1559,fb5ae857ea5879f52563f57f46ed5bc53f24f5ba2e00e05f536b69e238b9c586
HybridCPU_ISE/CloseToRTL/Core/Runtime/Lanes/Lane7/Completion/Lane7CompletionPolicy.cs,source,.cs,4605,efe7944a30792965bffc64bc7f79f70d87ded5a42394b309c440fd2da378a8da
HybridCPU_ISE/CloseToRTL/Core/Runtime/Lanes/Lane7/Handles/Lane7BackendBindingPolicy.cs,source,.cs,3656,a1025690b251297d0ebbb031769f66a2a08840a2d821035fabfa1d615435bcce
HybridCPU_ISE/CloseToRTL/Core/Runtime/Lanes/Lane7/Handles/Lane7HandleNamespace.cs,source,.cs,1802,966ad15a8e9f9accb6cb2927aaf22c4af1f4f99410e92b9f46988d6d56c6b4dc
HybridCPU_ISE/CloseToRTL/Core/Runtime/Lanes/Lane7/HostOwnedEvidence/Lane7HostOwnedEvidenceStore.cs,source,.cs,9925,1e1388283070877dd24958f84b6c0675def5bd5b9cd454b46ee4eaa20c9f18d2
HybridCPU_ISE/CloseToRTL/Core/Runtime/Lanes/Lane7/Lane7Checkpoint.Evidence.partial.cs,source,.cs,239,8e6d78f4e11056bedb145b787f47f3b41f4fb0554cccbacc5ebb7dab652997a3
HybridCPU_ISE/CloseToRTL/Core/Runtime/Lanes/Lane7/Lane7StateBlock.Checkpoint.partial.cs,source,.cs,2594,7966b9ed73918f04c351b356ff7461f933cd5ced3e1fe48583ea963ba5a8ce88
HybridCPU_ISE/CloseToRTL/Core/Runtime/Lanes/Lane7/Lane7StateBlock.cs,source,.cs,30626,2eabc379d619c4e336fd34a248321eb0a063e500d68ac00888284f477687f2c2
HybridCPU_ISE/CloseToRTL/Core/Runtime/Lanes/Lane7/Lane7VirtualToken.Evidence.partial.cs,source,.cs,281,e75b938454c5dae4040d111bb4aba46995ab63a6afa1138052bf3996adadd193
HybridCPU_ISE/CloseToRTL/Core/Runtime/Lanes/Lane7/Tokens/Lane7TokenNamespace.cs,source,.cs,1754,14af697551148c279878a2ef7eab9de1a65099375ba018c90d46dfe70646e11d
HybridCPU_ISE/CloseToRTL/Core/Runtime/Lanes/VectorStream/SaveRestore/VectorStreamSaveRestoreProjection.cs,source,.cs,4401,900ec5ab1ba37851477902a82220bc5b9c25acca19ec5b001128b134acd78282
HybridCPU_ISE/CloseToRTL/Core/Runtime/Lanes/VectorStream/SaveRestore/VectorStreamSnapshot.Restore.partial.cs,source,.cs,2084,6494df607142a6312cd521bc72b6ddb5a65d1063634f19ee648f1fc4e260e51b
HybridCPU_ISE/CloseToRTL/Core/Runtime/Lanes/VectorStream/State/VectorStreamExecutionExtensionDescriptor.cs,source,.cs,2734,93d6976829061d4fcb62c3b37a75477056b0b8cdbee90fe9d7700306ebacf310
HybridCPU_ISE/CloseToRTL/Core/Runtime/Lanes/VectorStream/State/VectorStreamState.cs,source,.cs,6282,d689c508372e37649513f736f15e9d97ef0512678dff8a65f98817f23e27a407
HybridCPU_ISE/CloseToRTL/Core/Runtime/Memory/AddressSpaces/AddressSpaceDescriptor.cs,source,.cs,2195,aa6bb4d1ed48049c37c39bba0f2c97d4ef306a5ff98d54a3f04070c778b9f912
HybridCPU_ISE/CloseToRTL/Core/Runtime/Memory/AddressSpaces/AddressSpaceId.cs,source,.cs,1185,aa421b4b63cf215466df6a11f4bdf8b74f28a640c449c319a262ab4c73cb33ad
HybridCPU_ISE/CloseToRTL/Core/Runtime/Memory/DirtyTracking/DirtyTrackingServiceDescriptor.cs,source,.cs,2207,1f6f0c0d26f495a446d46a62c94f51e2c6b060957822c33a8457e912820ba317
HybridCPU_ISE/CloseToRTL/Core/Runtime/Memory/Invalidation/TranslationInvalidationService.cs,source,.cs,5491,64e38c1808f420bdb1a37ff0281d3c578f63d45b698ef2cdecd16a563f1a7e69
HybridCPU_ISE/CloseToRTL/Core/Runtime/Memory/Iommu/IommuDomainDescriptor.cs,source,.cs,2237,fd220f1599ce2386504e5e99ff21aa02a8237a6744d6fe72725a7cb1978ee0e8
HybridCPU_ISE/CloseToRTL/Core/Runtime/Memory/Translation/MemoryDomainReadOnlyTranslationView.cs,source,.cs,975,4973524cf55185d11e24b8e02cc5825266f352c57b6bef79c8adc5e7b386ff58
HybridCPU_ISE/CloseToRTL/Core/Runtime/Memory/Translation/MemoryDomainTranslationControl.cs,source,.cs,2572,586370f37fdfbc8a17db38c00866153526ad9fd8edd39fd5456195bc6277f942
HybridCPU_ISE/CloseToRTL/Core/Runtime/Memory/Translation/MemoryTranslationPolicy.cs,source,.cs,1990,f186fe474f54352d39628fbd8239614b1dd81a241c8d6e64e343effb216a11eb
HybridCPU_ISE/CloseToRTL/Core/Runtime/Memory/Translation/NestedPageWalker.cs,source,.cs,8003,9e00de1f4ccc133b55454c1d32be1ad1ca7a3b319e4fedbe379bc0040cfe9c3b
HybridCPU_ISE/CloseToRTL/Core/Runtime/Memory/Translation/NestedPageWalker.Translate.partial.cs,source,.cs,4027,7ce920d39110c1828bbddc028a125fe7f1d600e5fa3cf0db040c6948377f7b7c
HybridCPU_ISE/CloseToRTL/Core/Runtime/Memory/Translation/NestedTlbTag.cs,source,.cs,1200,fa95f5185a8d7f78b4e47116ea8e66c09711a2433205948e2b49331bf022e8c6
HybridCPU_ISE/CloseToRTL/Core/Runtime/Memory/Translation/NestedTranslationResult.cs,source,.cs,5039,9a9fbd30426b42dda1462dda2d932f05d4c43f17cf0984e8755d755f42bc9a48
HybridCPU_ISE/CloseToRTL/Core/Runtime/Memory/Translation/TranslationViolationInfo.cs,source,.cs,1992,4efc2661da8860b32cc6087903358f8df1bae1093d2c94690ff39c32edd58fcf
HybridCPU_ISE/CloseToRTL/Core/Runtime/Migration/Checkpoint/DomainCheckpointImage.cs,source,.cs,5232,22fe6d1ab5744f422fb211482623eabc505c9ac7f1807efee7f1623f3a56a160
HybridCPU_ISE/CloseToRTL/Core/Runtime/Migration/Format/MigrationDescriptor.cs,source,.cs,2187,b0f49a06a08d7f53b219ed7d7c4b4080753c53464c57a39bf47b2181ade19b75
HybridCPU_ISE/CloseToRTL/Core/Runtime/Migration/Restore/RestoreValidationService.cs,source,.cs,2541,3e5bada82d7e91b6d15bf23482080a700dd03b67b3bb46bad9ca40c0ad91b6d8
HybridCPU_ISE/CloseToRTL/Core/Runtime/Migration/Validation/MigrationValidationPolicy.cs,source,.cs,3790,b86a325fcfcc3a5a3af1eefe0f7ef57449bf77c479b500a920b58d33a29022b3
HybridCPU_ISE/CloseToRTL/Core/Runtime/Nested/CapabilityFilter/NestedCapabilityFilter.cs,source,.cs,3278,d34e0a969011c412acb16158aa14627b8c8fe35d46e9c9ff8f93aa2417749316
HybridCPU_ISE/CloseToRTL/Core/Runtime/Nested/Descriptors/NestedDomainDescriptor.cs,source,.cs,3012,c0ffbdc1ed97ba0d2a9acf9ba2d0a2c5736197fec14256491231ac9aacaf27d7
HybridCPU_ISE/CloseToRTL/Core/Runtime/Nested/MemoryComposition/NestedMemoryCompositionService.cs,source,.cs,18744,9ae69d0a201920cd4960bb4690cdb4d2db4e6fae0573337e92bc46d54081676c
HybridCPU_ISE/CloseToRTL/Core/Runtime/Nested/MemoryComposition/NestedMemoryDomainComposer.cs,source,.cs,5052,c40f4fe1dc3eaeb4f7955f5aa69fd2b8d6382452c8d58f883d22c397bbbfec18
HybridCPU_ISE/CloseToRTL/Core/Runtime/Nested/NestedDomainProjectionCheckpointService.cs,source,.cs,3201,a65186ac8195b68f53a7c1f078ae44d9a321d8d20e8a75f7c419d526e5f5192c
HybridCPU_ISE/CloseToRTL/Core/Runtime/Nested/Policies/NestedEvidencePolicy.cs,source,.cs,3659,4a920548344620c818467cdff8d2a547ed8157b9f22e156c595a5f3a892374aa
HybridCPU_ISE/CloseToRTL/Core/Runtime/Nested/Projection/INestedProjectionService.cs,source,.cs,286,99b0dd57cb6926c2c178bab2ed6ed8bcbc7195ad54aaf4057c34030def41ce11
HybridCPU_ISE/CloseToRTL/Core/Runtime/Nested/Projection/NestedProjectionService.cs,source,.cs,3627,4a1fe5856d56ccbb820778a2b3a8e48e2bf9ee7243455da6df8a6d8d09c06b7e
HybridCPU_ISE/CloseToRTL/Core/Runtime/Nested/Validation/NestedValidationResult.cs,source,.cs,560,081728f9464dda1c10e8e2a035586d65df28d778f94cb67a3b9ae0866fcd1916
HybridCPU_ISE/CloseToRTL/Core/Runtime/Services/CPU_Core.System.cs,source,.cs,10946,ccf20b5bc0fdab6fc526cbb74b4297faa2e3c6c92b1fa01a1f916758bb7a77ab
HybridCPU_ISE/CloseToRTL/Core/Runtime/Services/RuntimeBoundaryAdmissionService.cs,source,.cs,8058,eb1898bab52e0ccec27b3b13530a21cc26706fc7bfd04024b3d1cc6d19b183f2
HybridCPU_ISE/CloseToRTL/Core/Virtualization/Compatibility/Adapters/IO/IommuVmxCompatibilityAliases.cs,source,.cs,2304,bb7a2d0176698de8c05aec43a44b8e6e3833e7b90b699968bb0efd371e95e861
HybridCPU_ISE/CloseToRTL/Core/Virtualization/Compatibility/Frontend/Decode/VmxCompatDecodeBoundary.cs,source,.cs,3397,6b6ae5f97726ecc553fb86f94398f0f74c47f079e70fd320a3891baf2e627e98
HybridCPU_ISE/CloseToRTL/Core/Virtualization/Compatibility/Frontend/Decode/VmxInstructionPayload.cs,source,.cs,4449,97b85aa605e638c0ad36c4740af5cba17048bab4dfdf7bdb34001b090af21f50
HybridCPU_ISE/CloseToRTL/Core/Virtualization/Compatibility/Frontend/Handlers/VmxCompatFrontend.cs,source,.cs,3606,81bb8e329aa9b0fe314ba408e7d379932082d3151272422d9bf215a2b2897a78
HybridCPU_ISE/CloseToRTL/Core/Virtualization/Compatibility/Frontend/Handlers/VmxCompatibilityAdmissionService.cs,source,.cs,7639,0e96efb17cf06e0f4748143f2a71515eee31866eb50c8219da9bc1ad8e4119fd
HybridCPU_ISE/CloseToRTL/Core/Virtualization/Compatibility/Frontend/Handlers/VmxCompatibilityAdmissionService.Traps.cs,source,.cs,10887,1dcd64ba57e96d129b0db0895d14de5927eb91f7b70ee10501d8da65022aa46c
HybridCPU_ISE/CloseToRTL/Core/Virtualization/Compatibility/Frontend/Projection/CapabilityCompatibilityProjection.cs,source,.cs,3393,db8464a3f73c8545557c606242153ba326b3a36eb4d8a6eead0688e7de5f6649
HybridCPU_ISE/CloseToRTL/Core/Virtualization/Compatibility/Frontend/Projection/Completion/CompletionProjectionService.cs,source,.cs,1272,33f3f7629157f005badfad53dffdb449e154f4e2c4ab58302558e711105d9206
HybridCPU_ISE/CloseToRTL/Core/Virtualization/Compatibility/Frontend/Projection/Completion/CompletionRecordCompatibilityProjection.cs,source,.cs,1569,8c14c88fbb47ce9818bfa54cf0d099b745128e781097dc80b9dcf536cf6ed6f2
HybridCPU_ISE/CloseToRTL/Core/Virtualization/Compatibility/Frontend/Projection/Events/TrapDecision.cs,source,.cs,1063,4f3beec9a327b7bf5c62ae6ba116829379c6f5a571ef4dbb10cfed7693fafce3
HybridCPU_ISE/CloseToRTL/Core/Virtualization/Compatibility/Frontend/Projection/Events/TrapPolicyService.cs,source,.cs,2919,c78ca13c167b2f1caa2217b6909832d252b21a54a5e25aa3cc1d04e4e66ad6de
HybridCPU_ISE/CloseToRTL/Core/Virtualization/Compatibility/Frontend/Projection/Events/VmxTrapProjectionMapper.cs,source,.cs,2478,780027dbfad92be9dafecea746c938e260febe73b8464d094c6806f86e0b9c7e
HybridCPU_ISE/CloseToRTL/Core/Virtualization/Compatibility/Frontend/Projection/Lanes/Lane7CheckpointVmcsEvidenceProjection.cs,source,.cs,262,755dc5dc388f51816bfe43f86b875b52609fa35fc1da21f04c0b3ea51ef0473b
HybridCPU_ISE/CloseToRTL/Core/Virtualization/Compatibility/Frontend/Projection/Lanes/VectorStreamSnapshotVmcsEvidenceProjection.cs,source,.cs,176,e7f446353e3c40976d7fc0964b640b51fec651304f99123c05085574afc7ad25
HybridCPU_ISE/CloseToRTL/Core/Virtualization/Compatibility/Frontend/Projection/Memory/MemoryTranslationControl.cs,source,.cs,1948,b82ae4b9b2308889a775e375ba33687efe6b89941de0e6824a97b58c4eb76938
HybridCPU_ISE/CloseToRTL/Core/Virtualization/Compatibility/Frontend/Projection/Nested/ChildDomainIntentDescriptor.cs,source,.cs,8456,0278ef2739e22ad47001b2a9ec69e42937472b9199cbdd719563fc82b3a92200
HybridCPU_ISE/CloseToRTL/Core/Virtualization/Compatibility/Frontend/Projection/Nested/NestedCompletionMapper.cs,source,.cs,4648,3dbae4c019d6a15d48bd4bf5bdd838083b546397072e0d512eb67b2f8ef82224
HybridCPU_ISE/CloseToRTL/Core/Virtualization/Compatibility/Frontend/Projection/Nested/NestedDomainController.cs,source,.cs,13929,5a036875358d2880387e828bba6ff3dfd57e33979e430a37acd596de07311af0
HybridCPU_ISE/CloseToRTL/Core/Virtualization/Compatibility/Frontend/Projection/Nested/NestedExitMapper.cs,source,.cs,3366,cb02562804709907514c628700886e27b5a8edbd79b2987de68783cfb01e9da4
HybridCPU_ISE/CloseToRTL/Core/Virtualization/Compatibility/Frontend/Projection/Nested/NestedExitMapper.MemoryComposition.partial.cs,source,.cs,1483,6a80f1979f44c4494234c5f4e2654f9d6d4312a4d5318cb82f8a128fdd565732
HybridCPU_ISE/CloseToRTL/Core/Virtualization/Compatibility/Frontend/Projection/Nested/NestedInterceptTranslator.cs,source,.cs,2185,9fd1f8606d906b28dc0d8daab6b5929710e807c2762fa3a40f172d2e69844e32
HybridCPU_ISE/CloseToRTL/Core/Virtualization/Compatibility/Frontend/Projection/Nested/NestedInterceptTranslator.Translate.partial.cs,source,.cs,2007,6dd624b1c955b05e4e9b1296640d9b588e09a7ce4b5f5cb77910eb2fbf4b3073
HybridCPU_ISE/CloseToRTL/Core/Virtualization/Compatibility/Frontend/Projection/VmcsRead/VmcsReadOnlyValueProjectionService.cs,source,.cs,16866,704c131ff46c98d8189e2a9c1f30802c6cee3cf3bdd66412269e99d16f569296
HybridCPU_ISE/CloseToRTL/Core/Virtualization/Compatibility/Frontend/Projection/VmxCompatProjectionService.cs,source,.cs,2874,426b98bdb1115763b9bfc138ac8953c085254a17bae39a1ccfa1787df0c4e264
HybridCPU_ISE/CloseToRTL/Core/Virtualization/Compatibility/Frontend/Projection/VmxCompletion.cs,source,.cs,442,82ed017b0481634e1036af811ea58d5c75b2125b69e11a196534e0a3e0e0bfc4
HybridCPU_ISE/CloseToRTL/Core/Virtualization/Compatibility/Frontend/Projection/VmxFrontendResultMapper.cs,source,.cs,2205,8edfe580f36e7efb8204f87d1322b82feaf811ba428b8db09cc0e5309e1bd95a
HybridCPU_ISE/CloseToRTL/Core/Virtualization/Compatibility/Frontend/Retire/DomainEpochTracker.cs,source,.cs,2638,2ebeddaf8ca55610fcbcdeb4a9c885f56bdf56ca39933f36c4c6aa1b123c2355
HybridCPU_ISE/CloseToRTL/Core/Virtualization/Compatibility/Frontend/Retire/RetireEvidenceBoundary.cs,source,.cs,3198,8069b6b6a1b28a6a61ddfd50e7102fc5fe0a55645f0a99a71ecd8831e9938b02
HybridCPU_ISE/CloseToRTL/Core/Virtualization/Compatibility/Frontend/Retire/VmxCompatRetireBoundary.cs,source,.cs,2961,19ad3b300ee6d361460ab4af869226b34b74e2e28982d4b3be8a8a97819f56ae
HybridCPU_ISE/CloseToRTL/Core/Virtualization/Compatibility/Frontend/Retire/VmxRetireModel.cs,source,.cs,13293,f2e932741f3d36a9affc60d068c500a0ad18d78390e2e930db167030e5730325
HybridCPU_ISE/CloseToRTL/Core/Virtualization/Compatibility/FrozenAbi/CsrAliases/VmxCsrAliasSet.cs,source,.cs,1752,4e9d9de1b13170fd20bd69099f0c754ebe55d69eba74ec53933eb3a92e5d3f3c
HybridCPU_ISE/CloseToRTL/Core/Virtualization/Compatibility/FrozenAbi/FunctionLeaves/VmxFunctionLeaf.cs,source,.cs,3925,b676f1ec6d237cb7e5bec73dacaf420a15449c83a41703cd7f6e597d86e2d607
HybridCPU_ISE/CloseToRTL/Core/Virtualization/Compatibility/FrozenAbi/Opcodes/VmxOpcodeAliasSet.cs,source,.cs,1939,2ede852f6d342c23d2ca111a516462ba4452759d25d24e10250c52d8fa6a1d77
HybridCPU_ISE/CloseToRTL/Core/Virtualization/Compatibility/FrozenAbi/OperandForms/VmxInvalidationScope.cs,source,.cs,3960,8b2a003314c40f08d6452ffc54c3d1178a13760f39adfc86d5b05a8f14c90651
HybridCPU_ISE/CloseToRTL/Core/Virtualization/Compatibility/FrozenAbi/OperandForms/VmxOperandForm.cs,source,.cs,469,c3a96e655a0305a7dbd6b3f1fd256f88586d69efccbcd86c1fe0ecac2c44064e
HybridCPU_ISE/CloseToRTL/Core/Virtualization/Compatibility/FrozenAbi/VmcsFieldAliases/VmcsField.cs,source,.cs,7504,c1529667127323fbc6f994287a842d2da46268cc7a7c847e0c7810bcc0572da6
HybridCPU_ISE/CloseToRTL/Core/Virtualization/Compatibility/FrozenAbi/VmcsFieldAliases/VmExitReason.cs,source,.cs,4825,ce4fd678906a3e3f29d56ce184200728cddf47c221f67e244ed723d15271d5fd
HybridCPU_ISE/CloseToRTL/Core/Virtualization/Compatibility/FrozenAbi/VmcsFieldAliases/VmxExitQualification.cs,source,.cs,460,d8553b15c134c0d9434252ce16538ed73ecf496a8b63a5767d9c372effa51cab
HybridCPU_ISE/CloseToRTL/Core/Virtualization/Compatibility/Generated/AliasMaps/CompatAliasMap.cs,generated,.cs,4089,1bcbea261494aaf6fd1d40a18fae4b4bbf87a29809f8b07aa3cd6ce575297933
HybridCPU_ISE/CloseToRTL/Core/Virtualization/Compatibility/Generated/CapabilityProjection/CapabilityDescriptorSetSchema.cs,generated,.cs,6126,727f224b3370c9ae919499d849624320c557a6b6e868f7418677ee17e50c0784
HybridCPU_ISE/CloseToRTL/Core/Virtualization/Compatibility/Generated/CsrProjection/VmxCapabilityDescriptorSource.cs,generated,.cs,556,34174d311d08b64a8231551b520bc96f8be69ce6e9c257724f4fc2070404849c
HybridCPU_ISE/CloseToRTL/Core/Virtualization/Compatibility/Generated/CsrProjection/VmxCapsProjection.cs,generated,.cs,2107,7c3c5f0b1e57b75b6405b2fcb1667ee84a53783e4e0bf212a5ddc4e211745e2a
HybridCPU_ISE/CloseToRTL/Core/Virtualization/Compatibility/Generated/SpecArtifacts/CompatSpecArtifactSet.cs,generated,.cs,3153,ed33072d7706999b3baf8acbd4e13e3e7c2b8bbaddaea9baa975423cce7c1729
HybridCPU_ISE/CloseToRTL/Core/Virtualization/Compatibility/Generated/VmcsProjection/NestedDomainControllerCompatibilityProjection.cs,generated,.cs,2547,cbf9a1fceba633e4e6ce8b0b3888cc6b511adae1263ff0f1812c78a1f6130c2e
HybridCPU_ISE/CloseToRTL/Core/Virtualization/Compatibility/Generated/VmcsProjection/ShadowVmcsNestedProjectionService.cs,generated,.cs,1185,fb4f1fa44e8f2e868336b605717ae2c7fd6c8c60a83eb02a9595136c3a4bb4b2
HybridCPU_ISE/CloseToRTL/Core/Virtualization/Compatibility/Generated/VmcsProjection/VmcsFieldAliasProjection.cs,generated,.cs,3192,ac3c1b75389d7cb0c18239a1bdc984f87bb5868e45a3b1db906d8b961046a422
HybridCPU_ISE/CloseToRTL/Core/Virtualization/Compatibility/Generated/VmcsProjection/VmcsFieldProjectionSchema.cs,generated,.cs,7638,c8036d39224963c3e059c84f1b20f3a9f394e2cd3b594e1252d994acdd41dac2
HybridCPU_ISE/CloseToRTL/Core/Virtualization/Compatibility/Generated/VmcsProjection/VmcsV2Blocks.cs,generated,.cs,7629,50716493958a926d139c61e821156ddec464b611ad2918bd73be6b0a5f7e0a6f
HybridCPU_ISE/CloseToRTL/Core/Virtualization/Compatibility/Generated/VmcsProjection/VmcsV2DescriptorProjection.cs,generated,.cs,2997,4a9c1331316a5a8d9339e9468f42160ba50d90d82680c3bdde9bca04c12a8618
HybridCPU_ISE/CloseToRTL/Core/Virtualization/Compatibility/Generated/VmcsProjection/VmcsV2Header.cs,generated,.cs,771,317ef4128650cefe38593fccbfecb2f8248609ad33c1cd2e8ffb8959167dcff1
HybridCPU_ISE/CloseToRTL/Core/Virtualization/CompilerBoundary/Bundling/VirtualizationBundleLegalityRule.cs,source,.cs,4254,49969f05c5fd52fedbf68a9161a3d4986a371ab2f5feb624e7d4dc5d5c41460e
HybridCPU_ISE/CloseToRTL/Core/Virtualization/CompilerBoundary/IR/VirtualizationCompilerIntent.cs,source,.cs,3653,7620fc721a04849508b4a85b8c11306f6836a9d7c266ce97d4756fe859e6d5f9
HybridCPU_ISE/CloseToRTL/Core/Virtualization/CompilerBoundary/LaneBinding/VirtualizationLaneBindingPolicy.cs,source,.cs,2335,94b2cdcdebd56fbf6e4d325867be92b7eb3c294d385b6496bcf5d8ecfb4dca00
HybridCPU_ISE/CloseToRTL/Core/Virtualization/CompilerBoundary/Lowering/VirtualizationLoweringBoundary.cs,source,.cs,2989,df679f5b6bc692cb04e5c0f4724bb94248d62238467d93c0c43803688c8d4244
HybridCPU_ISE/CloseToRTL/Core/Virtualization/CompilerBoundary/NoEmission/VirtualizationNoEmissionRegressionGate.cs,source,.cs,1533,a81ff166c6bb79cf74593a49f74138f10e2084720f1c4e828505675a5576d55f
HybridCPU_ISE/CloseToRTL/Core/Virtualization/CompilerBoundary/Scheduling/VirtualizationSystemSingletonSchedulingRule.cs,source,.cs,1679,b7c55b8c9d82f9d9d6b6c5a9bd8bcefbc5523561855b66e767ba06bfbe91e5bd
HybridCPU_ISE/CloseToRTL/Core/Virtualization/Conformance/AbiFreeze/CompatAbiFreezeContract.cs,source,.cs,2197,f3080b1cddbf0430c997e94319953c21872c7c8716967db6fde1846bb6cc2414
HybridCPU_ISE/CloseToRTL/Core/Virtualization/Conformance/AuthorityBoundary/CoreVmxAuthorityBoundaryContract.cs,source,.cs,3710,47d6f293070559a079a167ecc04538b837221715c12e6a99268eed21c40da1ad
HybridCPU_ISE/CloseToRTL/Core/Virtualization/Conformance/AuthorityBoundary/DomainRuntimeSubstrateExtractionContract.cs,source,.cs,4995,e4f3a04fd6e166fc1ca5fc2971211ba8801cd302ec22507d2cc4a814a1b414dc
HybridCPU_ISE/CloseToRTL/Core/Virtualization/Conformance/AuthorityBoundary/GenericDomainSubstrateExtractionContract.cs,source,.cs,6077,210d45f500d2ffc0561d1dff6c54da130a160141681f15021bd0ff1aaf368eea
HybridCPU_ISE/CloseToRTL/Core/Virtualization/Conformance/AuthorityBoundary/MemoryTranslationAuthorityContract.cs,source,.cs,1817,56923ac2039355f8f32d30e90af34a8f673aa4a9082fe2d6eaecefdc7dbbaf8f
HybridCPU_ISE/CloseToRTL/Core/Virtualization/Conformance/AuthorityBoundary/VectorAcceleratorNestedIdentityPressureRemovalContract.cs,source,.cs,5228,3ab5db79621960984a59560dcddd40496adcf25e6d6862d888f9ffc2816ad3e0
HybridCPU_ISE/CloseToRTL/Core/Virtualization/Conformance/AuthorityBoundary/VmcsV2BlocksDirtyVectorCheckpointAuthorityRemovalContract.cs,source,.cs,3784,a23e41cbc03fe041faf69e4ffee5fce678c67b3deaa90159d39ca00334e7e538
HybridCPU_ISE/CloseToRTL/Core/Virtualization/Conformance/AuthorityBoundary/VmcsV2ScalarProjectionCacheAuthorityRemovalContract.cs,source,.cs,1877,a471a4b7feca5a8e1e6bb7aa2cc75a1eb246ed4763050122e2b979109ad0ce99
HybridCPU_ISE/CloseToRTL/Core/Virtualization/Conformance/AuthorityBoundary/VmcsV2ScalarWriteAuthorityRemovalContract.cs,source,.cs,1823,e08d8b3d8e7dccaab29914b8458193e7aa2c5a76722103efe833b411cc01dd9e
HybridCPU_ISE/CloseToRTL/Core/Virtualization/Conformance/AuthorityBoundary/VmcsV2VectorStreamProjectionAuthorityRemovalContract.cs,source,.cs,2261,4ac0df0d7d6075e51dc1c65300ce029c96f6d9d4aceb51023efc23bda1cb1578
HybridCPU_ISE/CloseToRTL/Core/Virtualization/Conformance/AuthorityBoundary/VmxCheckpointVmcsScalarAuthorityRemovalContract.cs,source,.cs,2505,5b4e43de41d85e5013d1089debeb208d008b6dbf500c5257e7ee64f408e744a5
HybridCPU_ISE/CloseToRTL/Core/Virtualization/Conformance/AuthorityBoundary/VmxCompletionTrapNestedRetireQuarantineContract.cs,source,.cs,5510,a465fe566066b737ba428b0bfb1c27ac58225bc598b9e62262e7de8d70fb7768
HybridCPU_ISE/CloseToRTL/Core/Virtualization/Conformance/CapabilityAuthority/CapabilityCallerMaskIngressAuthorityRemovalContract.cs,source,.cs,5616,2741f755b65e7fe708767f6df2bb2356c00c173aa3b1b4960b16f6ceb64ab3cb
HybridCPU_ISE/CloseToRTL/Core/Virtualization/Conformance/CapabilityAuthority/CapabilityDescriptorSetGrantFirstAuthorityContract.cs,source,.cs,4782,3fe61c1baf1190d010b3ef14a2780ce416bbc233a7d4725f8bea4237466da9f0
HybridCPU_ISE/CloseToRTL/Core/Virtualization/Conformance/CapabilityAuthority/CapabilityGrantAuthorityContract.cs,source,.cs,2554,ca98bb9e05f5f0c4587eafa98270cbf72dcae9c2077114ddb83b4bf15b2d02e4
HybridCPU_ISE/CloseToRTL/Core/Virtualization/Conformance/CapabilityAuthority/CapabilityGrantCollectionAuthorityContract.cs,source,.cs,1738,130ea6ac4f2f1da1cb03e065a9ab27436547c22508949d2c501a3ca334f4e2dd
HybridCPU_ISE/CloseToRTL/Core/Virtualization/Conformance/CapabilityAuthority/CapabilityGrantFailClosedContract.cs,source,.cs,1454,28fa432097fafc1b00ebae25933c1adc04d4b211ce9560c4cba9099db97ae267
HybridCPU_ISE/CloseToRTL/Core/Virtualization/Conformance/CapabilityAuthority/CapabilityRuntimeSubstrateExtractionContract.cs,source,.cs,2750,947a56997013173a970a072f0df998b1108e59babedfaab234eda7d7ff8b15d6
HybridCPU_ISE/CloseToRTL/Core/Virtualization/Conformance/CapabilityAuthority/CompatibilityCapsProjectionContract.cs,source,.cs,1398,c6b41cdd239b798a7103515783da8b883554d279b032ce432f70931e5bdacddb
HybridCPU_ISE/CloseToRTL/Core/Virtualization/Conformance/GeneratedParity/CompatAliasGeneratorPipelineContract.cs,source,.cs,3126,46acb39d7ec7dfc291d0ab9e36e748528fcc6c54029430ce48ee475e6c75b8c7
HybridCPU_ISE/CloseToRTL/Core/Virtualization/Conformance/GeneratedParity/CompatAliasSchemaConformanceContract.cs,source,.cs,3012,c68bc248aef773890bb6cfdb1f2b546363bd232ddcd8d38dfae3ff01a1abc280
HybridCPU_ISE/CloseToRTL/Core/Virtualization/Conformance/GeneratedParity/GeneratedProjectionLineageBuildContract.cs,source,.cs,3576,97ea67fe48cf3e09df8f62bd1ae36b1f8ccc47ebc13d3747e8bda54f24f6b48f
HybridCPU_ISE/CloseToRTL/Core/Virtualization/Conformance/GeneratedParity/GeneratedProjectionParityContract.cs,source,.cs,1834,78c8b6c8e2ac4e051569040630cca9c5d5ff69b304878eac10b269d5b43b6d57
HybridCPU_ISE/CloseToRTL/Core/Virtualization/Conformance/GeneratedParity/GeneratedVmcsProjectionProvenanceContract.cs,source,.cs,2359,0f73e0bae513c74d5148205ed92b3cc53cf422ee8b062875e0454796879ed50a
HybridCPU_ISE/CloseToRTL/Core/Virtualization/Conformance/GeneratedParity/ProjectionSchemaPipelineContract.cs,source,.cs,3406,805d8fae2bbbc2ef461a09335fe2b0c03da9555f02ce891fee8f6f6f99dc8c9c
HybridCPU_ISE/CloseToRTL/Core/Virtualization/Conformance/GeneratedParity/VmcsFieldProjectionSchemaConformanceContract.cs,source,.cs,4523,fbc2563e1d0d929648c25a7437c720cb82812db292300ba1794bc35e53fb1988
HybridCPU_ISE/CloseToRTL/Core/Virtualization/Conformance/GeneratedParity/VmxCapsBitSchemaConformanceContract.cs,source,.cs,2786,632bb3f0408969afe7157564b44aeb43b421fdcd75979026cf72671ae54be7a6
HybridCPU_ISE/CloseToRTL/Core/Virtualization/Conformance/GoldenArtifacts/VirtualizationGoldenArtifactManifest.cs,source,.cs,2418,428bbeaf4e9660eca6ef9adc87ed3ad4bcfa1104851a1fb155bbe47e4e0c5a16
HybridCPU_ISE/CloseToRTL/Core/Virtualization/Conformance/HostEvidenceNonLeak/HostEvidenceNonLeakContract.cs,source,.cs,2558,d930d080389892120ca11cfc185d9208d27aaf58831e9604b9ecaddc8d47d1e0
HybridCPU_ISE/CloseToRTL/Core/Virtualization/Conformance/HostEvidenceNonLeak/Lane6HostOwnedEvidenceBoundaryRemovalContract.cs,source,.cs,1866,1e30a264fcbfbe328952dd2474b6b93e6826ed6b754c3f2627ea5b3d0a51e98b
HybridCPU_ISE/CloseToRTL/Core/Virtualization/Conformance/HostEvidenceNonLeak/Lane7HostOwnedEvidenceSubstrateExtractionContract.cs,source,.cs,3941,f40492c160f680544eb8323f18793807638a69111bb39fbbdb230a2f8e70d2f3
HybridCPU_ISE/CloseToRTL/Core/Virtualization/Conformance/HostEvidenceNonLeak/VmxFrontendExposureConformanceContract.cs,source,.cs,3302,430f7bb318bc931e44b67f9fb415f0eac8bda425c63d8e7428a7ae5f4cf73fe9
HybridCPU_ISE/CloseToRTL/Core/Virtualization/Conformance/MemoryTranslation/AddressSpaceCanonicalIdentityAuthorityRemovalContract.cs,source,.cs,2538,d78aeba589fdf5ef650c460747b1b8f1019e067abb65bcc560a5690c5aefbeaf
HybridCPU_ISE/CloseToRTL/Core/Virtualization/Conformance/MemoryTranslation/AddressSpaceIdVocabularyContract.cs,source,.cs,967,7d438d610e0f7e13c2173dd3b1d7f88a2adebb4a7fbe7a6a2cab3c770754f104
HybridCPU_ISE/CloseToRTL/Core/Virtualization/Conformance/MemoryTranslation/EventTrapDomainIdentityAuthorityRemovalContract.cs,source,.cs,2257,c4fb15a1366bf6ccb267bdd1419f65bb3c91278c7b4e179468547a09cf81849b
HybridCPU_ISE/CloseToRTL/Core/Virtualization/Conformance/MemoryTranslation/TranslationIoLaneIdentityAuthorityRemovalContract.cs,source,.cs,3367,c445e80c28770c0aded78e1949acc7b900ee516c47e6b62cf976de7198f6ae63
HybridCPU_ISE/CloseToRTL/Core/Virtualization/Conformance/MigrationReplay/MigrationReplayContract.cs,source,.cs,3710,0432c2807d060d5072bfadf5c49f1b0cfb44bf8301c0bd731a0a955f8b4162b2
HybridCPU_ISE/CloseToRTL/Core/Virtualization/Conformance/NestedComposition/NestedCapabilityPublicationContract.cs,source,.cs,1440,540ba09c691c20b708a3fb43e7534bd2650376b8c4975207eb6a1dff2d22b220
HybridCPU_ISE/CloseToRTL/Core/Virtualization/Conformance/NestedComposition/NestedDomainCapabilityProjectionContract.cs,source,.cs,1391,e8f8df8fc6796e830cba8af92d3dd6dea0e494005ff50ee99ad84ede7c5d1689
HybridCPU_ISE/CloseToRTL/Core/Virtualization/Conformance/NestedComposition/NestedEnablementProofAuthorityContract.cs,source,.cs,1043,f0f79f5b2b00cea9919522ba1b1cd10d6fcfdefddae2e3fab5013b94def51626
HybridCPU_ISE/CloseToRTL/Core/Virtualization/Conformance/NestedComposition/NestedProofAuthoritySourceContract.cs,source,.cs,1268,015e8b96087a74404389386ba41b484d866707aba9ede59ea150752b3522ec92
HybridCPU_ISE/CloseToRTL/Core/Virtualization/Conformance/NestedComposition/ShadowVmcsCompatibilityBridgeContract.cs,source,.cs,1712,f3f6a298a0079c4567a69cd6161011e463bb8aa7570ece489474075b59d4afe6
HybridCPU_ISE/CloseToRTL/Core/Virtualization/Conformance/NestedComposition/ShadowVmcsTypedFailureContract.cs,source,.cs,1018,14f5bb80057e47159761f3e0e23b98708c736a8f8cba47c96d1d2cf00bbb36da
HybridCPU_ISE/CloseToRTL/Core/Virtualization/Conformance/NoEmission/CompatibilityWriteNoEmissionContract.cs,source,.cs,5797,e2c01981cc19071066c2f3ebcfcd1335807467f9cc4b4cb0fa9c1ee128f07ee0
HybridCPU_ISE/CloseToRTL/Core/Virtualization/Conformance/NoEmission/VirtualizationNoEmissionContract.cs,source,.cs,3236,4dc87117ca06554851671c72a543bfd7714ff285a0b248b491c90716b04127bc
HybridCPU_ISE/CloseToRTL/Core/Virtualization/SecureCompute/Compatibility/Frontend/SecureComputeCompatibilityBoundary.cs,source,.cs,2524,36a28c9a72824c7bd8f00ebaf598735641334543dbf4b5dd70b5775dba465c56
HybridCPU_ISE/CloseToRTL/Core/Virtualization/SecureCompute/Compatibility/Projection/SecureComputeCompatibilityBoundaryMatrixPolicy.cs,source,.cs,8089,37639661bc5e947a75d8bf26ca7e42dd5594569537d27ee4cbede75837d18f43
HybridCPU_ISE/CloseToRTL/Core/Virtualization/SecureCompute/Compatibility/Projection/SecureComputeCompatibilityProjectionService.cs,source,.cs,1748,2ffa180b11429c65448bcc87eabb913f7e88f335d6659d2c7b3ea2cadb0fd866
HybridCPU_ISE/CloseToRTL/Core/Virtualization/SecureCompute/Compatibility/Projection/SecureComputeVmcsProjectionFence.cs,source,.cs,763,ef5906d2579b2f01dc63fa48d675948aba114977945f6340eb32dda4918d73fd
HybridCPU_ISE/CloseToRTL/Core/Virtualization/SecureCompute/Compatibility/Projection/SecureComputeVmReadVisibilityPolicy.cs,source,.cs,1367,131bfe5703bd6c496d9bf285fa631c576a68bc4ce8da7dd2e26c58f927553f96
HybridCPU_ISE/CloseToRTL/Core/Virtualization/SecureCompute/Compatibility/Projection/SecureComputeVmWriteDenyPolicy.cs,source,.cs,464,9753c51be7343742c8d7984dfce508d5abc10fd5036a97a74a0551a20fb8288f
HybridCPU_ISE/CloseToRTL/Core/Virtualization/SecureCompute/Compatibility/Projection/SecureComputeVmxCapsProjectionFence.cs,source,.cs,966,c7957351c72617ea96c5ca03bbbc60f05d32b794bad801ac4c53431be376414e
HybridCPU_ISE/CloseToRTL/Core/Virtualization/SecureCompute/Conformance/AuthorityBoundary/SecureComputeVmxAuthorityBoundaryContract.cs,source,.cs,1151,7d2bf3ef31acd990b09c058b979fbc1153cf6f11d977d82c6159d1b52e661e7d
HybridCPU_ISE/CloseToRTL/Core/Virtualization/SecureCompute/Conformance/Evidence/SecureComputeHostEvidenceNonLeakContract.cs,source,.cs,1413,6d3b6372348ba0365a56fd95888dda2650f08acc3dfbb2c3c885cfacd08b007b
HybridCPU_ISE/CloseToRTL/Core/Virtualization/SecureCompute/Conformance/MigrationReplay/SecureComputeMigrationReplayContract.cs,source,.cs,1182,b320a08ad8302606700d842d51e51f6ebdee7bd13d792e5ac17db81a8a358152
HybridCPU_ISE/CloseToRTL/Core/Virtualization/SecureCompute/Conformance/NoEmission/SecureComputeNoEmissionContract.cs,source,.cs,1122,bfc3b77d5b9ad324f1d6101f923b4ac7ce530992f4951b9b508ad882b3461d85
HybridCPU_ISE/CloseToRTL/Core/Virtualization/SecureCompute/Generated/Schemas/SecureComputeCompatibilityProjectionSchema.cs,generated,.cs,1107,55fb57445bfa82131a39b888d45eb561e0f6d85010352ac7b710bb52bf918c4f
HybridCPU_ISE/CloseToRTL/Core/Virtualization/SecureCompute/Sideband/DescriptorTransport/SecureComputeDescriptorSidebandEnvelope.cs,source,.cs,940,f6bc4ccd160d6928a58d1b4e13cc51edaba1fa9eb9d7bee25260d799ac33bc44
HybridCPU_ISE/CloseToRTL/Core/Virtualization/SecureCompute/Sideband/EvidenceTransport/SecureComputeEvidenceSidebandEnvelope.cs,source,.cs,1178,032457ed3c0dcb35a4067c48ddea7b3e682df7a0763f6390b28b5dce12f93c37
HybridCPU_ISE/CloseToRTL/Core/Virtualization/Sideband/CompletionTransport/CompletionSidebandEnvelope.cs,source,.cs,1653,3dd6079a10b30e8658a019e937df8468a057170cd2ec26abe3edd27266639e55
HybridCPU_ISE/CloseToRTL/Core/Virtualization/Sideband/DescriptorTransport/DescriptorSidebandEnvelope.cs,source,.cs,2203,c72fe3838599438b0e2bd893afe0dcacccdad9acbf2bd800aa53d5c9d85dcd23
HybridCPU_ISE/CloseToRTL/Core/Virtualization/Sideband/EvidenceTransport/EvidenceSidebandEnvelope.cs,source,.cs,2039,7f0c5d99665e1de496340681b5245d41921120e47716c2d805ba68ee12c6dbc1
HybridCPU_ISE/CloseToRTL/Memory/Banks/MultiBankMemoryArea.cs,source,.cs,21801,1a0ae82ef2cc635e97d67484ee3b189c9e09dc9da57fb810e13fe23b21e7069e
HybridCPU_ISE/CloseToRTL/Memory/Cache/GlobalDistributedCache.cs,source,.cs,5624,202af42eb2787637d56ef7bf2443cf4b5d59815799eac59201f099742dfd477a
HybridCPU_ISE/CloseToRTL/Memory/Cache/SharedPodCache.cs,source,.cs,11903,387d3c20e8a51f85ac8ec264f05bb054a9d1555307f61dcdae2882eafd9a1c5a
HybridCPU_ISE/CloseToRTL/Memory/DMA/DMAController.cs,source,.cs,22429,810afb66b834b8c4605fe8d3dd40ea31abc4b58e555e2f4192f8ba0cfe8bb677
HybridCPU_ISE/CloseToRTL/Memory/MMU/IOMMU.cs,source,.cs,41045,4167c343a7b4cc759a41540d52a666144ba568b96cb4c11633f4a0fcffa9ae2b
HybridCPU_ISE/CloseToRTL/Memory/MMU/IOMMU.DomainBinding.cs,source,.cs,18556,5486d4d93eabf12b69b81e0bb58d1689d4ad51376b47fd0ebaef7967555f99e4
HybridCPU_ISE/CloseToRTL/Memory/MMU/IOMMU.TranslationInvalidation.cs,source,.cs,604,806fcce3ee544e4ffd351a14637bb37ef716cc649655f8af865e2c9cdb2524ac
HybridCPU_ISE/CloseToRTL/Memory/MMU/IotlbTag.cs,source,.cs,1421,a697b0401d2133ac997383ea682b0c87584b09da97b23f55bb4a98bd8d22106b
HybridCPU_ISE/CloseToRTL/Memory/MMU/IoVirtualizationHostBackend.cs,source,.cs,1294,05f27eacdf2936922c1ed7db37742f3a266690b39fd2ddee85fc027bd5dcf02c
HybridCPU_ISE/CloseToRTL/Memory/MMU/MemoryDomain.cs,source,.cs,3041,a6b55796c9eb7ae6292bfe037c14f27f09111a6c087e9e319658feab50e014f3
HybridCPU_ISE/CloseToRTL/Memory/MMU/PageTableWalker.cs,source,.cs,17899,38f063cc56c139a651cd8d34adcbef4406bdb7501fbd39f60558fdfcb4ce993c
HybridCPU_ISE/CloseToRTL/Memory/MMU/SharedMemoryLock.cs,source,.cs,6639,915feb09b1f2cf1dbdf364fb16a14b609234d43efbe2a09f2a0af511744e0d00
HybridCPU_ISE/CloseToRTL/Memory/MMU/TLB.cs,source,.cs,13753,2fcf601fe4cb1085b29199a56f81c09fb2624d27d42f1c989a56c41b74d0df1b
HybridCPU_ISE/CloseToRTL/Memory/MMU/TranslationInvalidationHostBackend.cs,source,.cs,748,4697079f931159220574b24027e941a9c21aa95fb03d285c2d85445b0b81acce
HybridCPU_ISE/CloseToRTL/Memory/Registers/StreamRegisterFile.Assist.cs,source,.cs,6851,4398132c8f4a3ea315ac6c591fa6ae4ae8332ae99bb1d0fa5f59ab881d8d9e03
HybridCPU_ISE/CloseToRTL/Memory/Registers/StreamRegisterFile.cs,source,.cs,14944,315bcaf9128a3f859793e774daccc570222c304ecfbf5b0ea98763d34e612b6f
HybridCPU_ISE/CloseToRTL/Memory/Subsystem/MemorySubsystem.cs,source,.cs,35647,9dd61f0f55e68e83f756a9049275813f0e1ca0ed6e2fdf9f854bbf8577a2b323
HybridCPU_ISE/CloseToRTL/Memory/Subsystem/MemorySubsystem.Helpers.cs,source,.cs,21358,ca76674f1b37d5c377d5b64ae08082e0d8d29764b0b3d54314e04f9f6f928164
HybridCPU_ISE/CloseToRTL/Memory/Subsystem/MemorySubsystem.Operations.cs,source,.cs,11412,dafe890b59f6e195a41fed3fa5c8fbd68ab65e12c0df7c70b099bc633a696d7a
HybridCPU_ISE/CloseToRTL/Memory/Subsystem/MemorySubsystem.Types.cs,source,.cs,1506,f33efe9c65344f27b7f6bf833eccc9fc183873678f5ebfd361b4b287289afbc7
HybridCPU_ISE/CloseToRTL/Processor/Core/PodController.Assist.CrossPod.cs,source,.cs,1056,214f920d9da8f342bf60be06cd47af6b021290335948acf7709c6c524961901a
HybridCPU_ISE/CloseToRTL/Processor/Core/PodController.Assist.cs,source,.cs,2899,97b5aa001fda0dc39645c004f26e9dc11a858948473b1123bd2cd4799da16297
HybridCPU_ISE/CloseToRTL/Processor/Core/PodController.cs,source,.cs,8820,1089cd143aaa4ed4282cd60d1d61bf56cad4a7aca10263bc0ce5adfebe751f7a
HybridCPU_ISE/docs/assist-semantics.md,doc,.md,10223,d99d4f4957c78a209de3b757cf8882f22519edfa62405a14970201e50957ddfc
HybridCPU_ISE/docs/backend-state-truthfulness.md,doc,.md,6054,02252c77e6f9c0b055c4b318614983ba44da41624789da2cdb2f8720533ac0b3
HybridCPU_ISE/docs/compiler-runtime-boundary.md,doc,.md,4571,e4f1ec1c56535bdbc3974ed331295f04e42e963e8b85fe6af04fe0a6e5e24faf
HybridCPU_ISE/docs/domain-guard-invariants.md,doc,.md,5310,84b63b6bd98ed5ebe975adcc20a4879c1f6055d2ede0b77d48cb5f287cdab19a
HybridCPU_ISE/docs/exception-model.md,doc,.md,8622,2f06f7202be197cb9e96903c1de0cdc5d74108611c4c3017a3d08b7dc2c284cd
HybridCPU_ISE/docs/memory-model.md,doc,.md,7409,a1e569f3c8f1d3392121b80971c62e3877b8aacba590c9141df045a918a564d0
HybridCPU_ISE/docs/PerfTests/PerftestResults.md,doc,.md,7201,fd0744a4ed69e0d17716c560caae9edfe55020600f20bf8c18e8f2156e0a36c2
HybridCPU_ISE/docs/ref2/deep-research-report (6).md,doc,.md,97019,e85b6b3f911a8bdd0cd83ac3814dc420c842cb29c1df064b4cd10205af5e4c32
HybridCPU_ISE/docs/ref2/deep-research-report (7).md,doc,.md,66427,b70e0bfa1ba1519b84b8f7864b96d68ddbb03b05d77558a1c17fffe42eb01970
HybridCPU_ISE/docs/ref2/Risks/Архитектурный-ревизор SecureCompute HybridCPU-v2.md,doc,.md,24292,4cfcd8f5cd24cefde960b18afe2cbfd035f4bec4e38410a9be43609b96a97da9
HybridCPU_ISE/docs/ref2/Risks/Архитектурный-ревизор Virtualiztion HybridCPU-v2.md,doc,.md,23620,cc0ebac976bc54ae63b48fc9c869e64c7e7dd78a2055fcb6547204e2dccb10ff
HybridCPU_ISE/docs/ref2/SecureComputeActivationPlan/00_securecompute_activation_refactoring_index.md,doc,.md,12760,3155bd80e5858f97723c4fb01bcb031660a5b308a29405a2db347e10b644c6c7
HybridCPU_ISE/docs/ref2/SecureComputeActivationPlan/01_current_state_and_gap_matrix.md,doc,.md,8065,076734a049cf671ca72891a49d11863c93837eef1c2523931493da5518d38bbf
HybridCPU_ISE/docs/ref2/SecureComputeActivationPlan/02_global_forbidden_regressions_and_release_guards.md,doc,.md,4460,4a7969a51b6257d3aa7c257e11234bbf2b444f2cd35a03491edc4cd590997c1a
HybridCPU_ISE/docs/ref2/SecureComputeActivationPlan/03_owner_specific_rfc_adr_process.md,doc,.md,3997,062000abf310c39c124cf9ad76463d98cb7693b9cec632adc61fffef87fa8eee
HybridCPU_ISE/docs/ref2/SecureComputeActivationPlan/04_no_effect_disabled_baseline_revalidation.md,doc,.md,3421,a0ecccf403f27e5f2ce1c528dc22e649a7621f9fd6357b2f8fd415cfa88d7fb9
HybridCPU_ISE/docs/ref2/SecureComputeActivationPlan/05_secure_descriptor_materialization_activation_plan.md,doc,.md,3938,1b100ff513c7ae598b6e31f03a8f6be89da8a7fc0dd84a07e28a65e51dc2b2ac
HybridCPU_ISE/docs/ref2/SecureComputeActivationPlan/06_stage_b_secure_admission_activation_plan.md,doc,.md,3582,136cea92bc9e8c42614619acdd6706cf871fb3b05287a82b385e20688355d0e0
HybridCPU_ISE/docs/ref2/SecureComputeActivationPlan/07_secure_capability_grant_epoch_activation_plan.md,doc,.md,3444,69c3748f04fe6fab7f9b31b5daa43f25f200ab92d6f68ef0d3b5a1b17c9ed363
HybridCPU_ISE/docs/ref2/SecureComputeActivationPlan/08_measurement_evidence_visibility_activation_plan.md,doc,.md,3555,09915f76cd6231bf41e7082d6d1a005add6b1e517aa3af96bea36a6983327852
HybridCPU_ISE/docs/ref2/SecureComputeActivationPlan/09_privileged_execution_state_owner_rfc.md,doc,.md,3986,85df0ce91a482f687cdf89af7490add77bda3a132dca1166e514b4bec894f16d
HybridCPU_ISE/docs/ref2/SecureComputeActivationPlan/10_guestcr0_guestcr4_readonly_projection_plan.md,doc,.md,3374,0acfe45efb1330e86db4c71fc3f7c1ffad76b93cba015bf89388c52e4e16e8f9
HybridCPU_ISE/docs/ref2/SecureComputeActivationPlan/11_secure_memory_private_domain_policy_activation_plan.md,doc,.md,3675,f8c786e395d29977f899d278d99016053ce592c27c6895600713fab7b9019d99
HybridCPU_ISE/docs/ref2/SecureComputeActivationPlan/12_secure_io_shared_buffer_policy_plan.md,doc,.md,3447,7fc19abe14226bf99030f06731936f93d57ffe85e82b6a16f6462a8053ba4c3a
HybridCPU_ISE/docs/ref2/SecureComputeActivationPlan/13_secure_hypercall_backend_owner_rfc.md,doc,.md,4303,8b485820188210db5e1b639a1d2e4da1f406ce32e3cc9315d6973f763179a2ee
HybridCPU_ISE/docs/ref2/SecureComputeActivationPlan/14_secure_completion_retire_publication_plan.md,doc,.md,4049,9d6ed01972754101f8b6e86a290efc4b4ef556f1571d036960ec08e22744a0cb
HybridCPU_ISE/docs/ref2/SecureComputeActivationPlan/15_secure_migration_checkpoint_restore_plan.md,doc,.md,4000,7e7767aa8bdc813a4fad725c048a7031d656d2294647b0d889d13532d97e7482
HybridCPU_ISE/docs/ref2/SecureComputeActivationPlan/16_secure_debug_attestation_api_plan.md,doc,.md,3422,6b2fb2356aa92ef904e5a3d6722dab3d2465e9a69065253235589d4a6480099d
HybridCPU_ISE/docs/ref2/SecureComputeActivationPlan/17_secure_vmx_boundary_zero_authority_plan.md,doc,.md,3758,56ccf0a4abaa5293d48720b5d2277c60ff36c163aaad4a51562e74b9290bb21d
HybridCPU_ISE/docs/ref2/SecureComputeActivationPlan/18_secure_nested_child_intent_owner_rfc.md,doc,.md,3400,5153f96944945edd35c8ae87101b4e9d30fd4bf2e905d82a8f541efaab82f58e
HybridCPU_ISE/docs/ref2/SecureComputeActivationPlan/19_compiler_no_emission_to_controlled_emission_gate.md,doc,.md,3778,69cf1fd169d5b17e2363e8849ab2abbd481fde3fcf1e0c77786638e652347b5f
HybridCPU_ISE/docs/ref2/SecureComputeActivationPlan/20_positive_secure_runtime_execution_activation_plan.md,doc,.md,4859,6e2297950cbbaa61037b6971d953e98d35a9510d2632316c5d3405a58cc7211f
HybridCPU_ISE/docs/ref2/SecureComputeActivationPlan/21_conformance_negative_positive_test_matrix.md,doc,.md,6483,a174b393c421a6961111dc9d068ce5c3fef2412e71a8329c8da6c247a08d9048
HybridCPU_ISE/docs/ref2/SecureComputeActivationPlan/22_limited_securecompute_release_gate.md,doc,.md,4327,39ea69b78d37b40d504c77fe3d179488cd39150a3d59b25794f44d32530a734c
HybridCPU_ISE/docs/ref2/SecureComputeActivationPlan/23_open_decision_backlog.md,doc,.md,3844,d46f6a2f0f8d687872bd058613525d366d6d96e5b7d0adfae23c92198fdd7bec
HybridCPU_ISE/docs/ref2/SecureComputerefactoringNew/00_securecompute_refactoring_plan_index.md,doc,.md,10618,b4314bf7496fa6a4c03aa0e977058bba04d5825b112ca5a6bebaddf1eac17531
HybridCPU_ISE/docs/ref2/SecureComputerefactoringNew/01_current_state_and_scope.md,doc,.md,3741,7bf68cad0269e3f095ff10dd286f154370ff2adb6997f22650bb13b7a2fa6bc0
HybridCPU_ISE/docs/ref2/SecureComputerefactoringNew/02_architecture_invariants_and_closure_taxonomy.md,doc,.md,3519,b3e9243b88f503af747e45ae64e0fe8318f2f113cc146fd6a6e768f24b6e0dfc
HybridCPU_ISE/docs/ref2/SecureComputerefactoringNew/03_existing_baseline_inventory.md,doc,.md,3451,4d52ae3ba1d2110eb53f89371112f1a01e8abf4f9d819f127048d148a0cb0e50
HybridCPU_ISE/docs/ref2/SecureComputerefactoringNew/04_activation_gate_definition.md,doc,.md,3403,2c40d27524e01f103e7768ea2b8d2855df80174dd4fcec18115337673ecf5f5d
HybridCPU_ISE/docs/ref2/SecureComputerefactoringNew/05_no_effect_and_disabled_equivalence.md,doc,.md,3012,232396b70ccaa4ed109c470d691336a6f5b01f7f2bbc98958c6d989b78b0b626
HybridCPU_ISE/docs/ref2/SecureComputerefactoringNew/06_compiler_isa_vliw_no_emission_boundary.md,doc,.md,4016,2dca69c9c980cdbd1813439c71a8711a8da6d8588155cccff4e6ffafd08309dd
HybridCPU_ISE/docs/ref2/SecureComputerefactoringNew/07_domain_descriptor_materialization.md,doc,.md,3104,8fc4884bdf4d6bc153cc18dd8464fbfb19cd2ef6b6785c8c178e7ff724835f06
HybridCPU_ISE/docs/ref2/SecureComputerefactoringNew/08_subdescriptor_materialization_and_completeness.md,doc,.md,3297,f42acb5634033aac8e0ce2f6ce568f5c322de68137a6675aed73b9739b288b8f
HybridCPU_ISE/docs/ref2/SecureComputerefactoringNew/09_runtime_admission_boundary.md,doc,.md,3109,e0c3e5e330a01b9c7aec8212e9ba0f817d3cc81688dc4605f98c9f721c52bb8c
HybridCPU_ISE/docs/ref2/SecureComputerefactoringNew/10_capability_grant_monotonicity.md,doc,.md,3052,a813b178edbde69fdbdb0305a5a4f86e46b5f968adf8134ebd246337f295bbbf
HybridCPU_ISE/docs/ref2/SecureComputerefactoringNew/11_measurement_and_evidence_visibility.md,doc,.md,3991,95f90f2bec0a59566730d0f1f2982920d0687a9b4b8c0d442192bc932a157cc5
HybridCPU_ISE/docs/ref2/SecureComputerefactoringNew/12_debug_observability_and_attestation_boundary.md,doc,.md,3599,4a8a6145cb65d569f0719da64b0889a6109c79785fc2a7949d8764fbb3dd5343
HybridCPU_ISE/docs/ref2/SecureComputerefactoringNew/13_memory_and_private_domain_policy.md,doc,.md,4315,02e0765e0cb3cba4a34749ef1bc148cffd4faa4ce37fb026c0dd7395bcf6ae94
HybridCPU_ISE/docs/ref2/SecureComputerefactoringNew/14_io_lane_boundary.md,doc,.md,4671,ca8693340ed7d1c8d839a6a291d254f25422ec6b7d0fbe8c7329d1b772cc77ef
HybridCPU_ISE/docs/ref2/SecureComputerefactoringNew/15_hypercall_and_trap_policy.md,doc,.md,5901,aeef629f7159067f355a51df39e0fd035e074354dddbc600edefe20a575e625b
HybridCPU_ISE/docs/ref2/SecureComputerefactoringNew/16_completion_and_retire_publication.md,doc,.md,6237,5acf70a707c7a20283f0facbba8a390718bdcc25856ce35537dc207bd2411149
HybridCPU_ISE/docs/ref2/SecureComputerefactoringNew/17_migration_checkpoint_restore.md,doc,.md,6625,8c18145265fc7816d52268f596afbf77a79b81033af0c086a73dd9050d0bd100
HybridCPU_ISE/docs/ref2/SecureComputerefactoringNew/18_vmx_compatibility_deny_projection.md,doc,.md,7638,a7454f4f134c267c74a2bd6d02abcaabd17f0cbac96d65fe3dfc66a264770d03
HybridCPU_ISE/docs/ref2/SecureComputerefactoringNew/19_nested_domain_design_fence.md,doc,.md,4062,c46f25b1f907cd2415b46e50d5497ebf491d6bfa3dd9d069c249d059e8ca2f68
HybridCPU_ISE/docs/ref2/SecureComputerefactoringNew/20_positive_runtime_execution_rfc_gate.md,doc,.md,7000,0f7168c6a4878c088c70e36659bbe25ddf2e45b59d15505cb38a1f6b35728dc1
HybridCPU_ISE/docs/ref2/SecureComputerefactoringNew/21_release_gate_and_activation_checklist.md,doc,.md,14900,5717f9527f4d4bf37830b713714be25806be35e74b1b7f3ea1bf09bfce116537
HybridCPU_ISE/docs/ref2/SecureComputerefactoringNew/22_external_audit_risks_and_readiness_matrix.md,doc,.md,7291,6b8190c3f8be7158756ff84fbafdd86bb666c58c18317257f96bcb6eeabd1549
HybridCPU_ISE/docs/ref2/VirtualizationActivationPlan/00_virtualization_activation_refactoring_index.md,doc,.md,14132,d13104f5fda223dd0427e196576d2066a4a8534ad5b64f139c9c268d22857b7d
HybridCPU_ISE/docs/ref2/VirtualizationActivationPlan/01_current_state_and_gap_matrix.md,doc,.md,5997,9a227e8c7454ce83a05bf43cf3d8983848bf87441aa094ce09e24b21a0cef375
HybridCPU_ISE/docs/ref2/VirtualizationActivationPlan/02_global_forbidden_regressions_and_static_gates.md,doc,.md,5270,ced7cf86570e0e12734d06e91ff5dda4d809d2bed855dada471a5490386c0cc4
HybridCPU_ISE/docs/ref2/VirtualizationActivationPlan/03_owner_specific_rfc_adr_process.md,doc,.md,4424,10c65cdf344a7699415e690214e8629ceb894cd44c659f6fce3bd84182c4a434
HybridCPU_ISE/docs/ref2/VirtualizationActivationPlan/04_vmread_projection_completion_and_denial_matrix.md,doc,.md,4888,b06ba7c739475927179b25ee3bd68f3ea72df2f023420b81db46ab435ab16a12
HybridCPU_ISE/docs/ref2/VirtualizationActivationPlan/05_privileged_execution_state_owner_rfc.md,doc,.md,4350,20d95d5b7b37d13a7148b3839de22b3aff71b6ce8dcdf020c0b2eae993dd378e
HybridCPU_ISE/docs/ref2/VirtualizationActivationPlan/06_neutral_hypercall_backend_owner_rfc.md,doc,.md,4947,70ffbb525e6c134bce57944288019645db0892d274db0e6a647cb285fb6daa9a
HybridCPU_ISE/docs/ref2/VirtualizationActivationPlan/07_vmcall_success_path_activation_plan.md,doc,.md,4398,db8650bb526f08348cfe8f7a104a2a450642dc9cdf9aedf1530972e6d2d06529
HybridCPU_ISE/docs/ref2/VirtualizationActivationPlan/08_trap_completion_route_publication_plan.md,doc,.md,4031,42a21ae4f704d8442cdf5eed40426eb4d6d3ecc79e30eb04a7eae83eda686fe4
HybridCPU_ISE/docs/ref2/VirtualizationActivationPlan/09_retire_publication_activation_plan.md,doc,.md,3815,75898e84bd2aca09d868ba8da09acf06c4886c6b91e133961e959d41879e7161
HybridCPU_ISE/docs/ref2/VirtualizationActivationPlan/10_vmwrite_neutral_owner_policy.md,doc,.md,3645,a3f291f3c2cc5d72fbfdc888ea7a30147755aad73707bc78dda4d5d925054804
HybridCPU_ISE/docs/ref2/VirtualizationActivationPlan/11_nested_child_intent_owner_rfc.md,doc,.md,3791,f39a7f9a68dd4d18eff07cd0a5462785519cbde604bb7f1b854334ecbb6811bd
HybridCPU_ISE/docs/ref2/VirtualizationActivationPlan/12_memory_io_iommu_lane_stream_boundary_activation_plan.md,doc,.md,4664,5053bdde8cc047fbb5f804c0aaaf0e4297b013a80596db640fb7aac90c0b2daf
HybridCPU_ISE/docs/ref2/VirtualizationActivationPlan/13_securecompute_virtualization_boundary_plan.md,doc,.md,4502,579ba9e61f5ea3d227e37bdb2bed528eec238cce5bbe57ab6bfd33594babd554
HybridCPU_ISE/docs/ref2/VirtualizationActivationPlan/14_compiler_no_emission_to_controlled_emission_gate.md,doc,.md,3793,17c5355fb6cdb04c41f35a2ff88854f78db117e73cc5136cea86d5c84f0d00f2
HybridCPU_ISE/docs/ref2/VirtualizationActivationPlan/15_migration_checkpoint_restore_authority_plan.md,doc,.md,4471,ef08dce2337b39e3fdba96732acff0ce3ce32d837161aacf18aad8319d125184
HybridCPU_ISE/docs/ref2/VirtualizationActivationPlan/16_conformance_negative_positive_test_matrix.md,doc,.md,4618,2ac7c12b119a2797561b7bb18e0e27902c97bf18936b1dca3a5d54cf46cc3ca5
HybridCPU_ISE/docs/ref2/VirtualizationActivationPlan/17_phase_rollout_and_pr_order.md,doc,.md,4236,7e727ce2eb609d158100b24c7769baacfc10b213f7d92ea5a489bc07e015c9c5
HybridCPU_ISE/docs/ref2/VirtualizationActivationPlan/18_release_gate_for_limited_runtime_virtualization.md,doc,.md,3793,0dd2f2b11969010d0f13fb44cb6cd084a2a1c631d3fdeae824c4fb23e209738d
HybridCPU_ISE/docs/ref2/VirtualizationActivationPlan/19_open_decision_backlog.md,doc,.md,3676,d9ee9849502ef4008cded758956fab111d45718426fbbb5b3dbf1a98498c325f
HybridCPU_ISE/docs/ref2/VirtualiztionRefactoringNew/00_refactoring_plan_index.md,doc,.md,11606,fb76f4058d9913bb6364925749a6cd5eb1a7370311a312aa57a01fddf71d4281
HybridCPU_ISE/docs/ref2/VirtualiztionRefactoringNew/01_current_state_inventory_and_authority_map.md,doc,.md,4768,0e6cf47a5555afe1e2edba5071cf92cb3304663033efd6b7196c225792045d90
HybridCPU_ISE/docs/ref2/VirtualiztionRefactoringNew/02_non_regression_baseline_and_guard_rails.md,doc,.md,4279,c71be758c57b5fab8d4527323805c80d50c2264f2b25db6c7ce72b8d28dfa283
HybridCPU_ISE/docs/ref2/VirtualiztionRefactoringNew/03_runtime_boundary_admission_consolidation.md,doc,.md,4082,bf079e6cfea864ef548617d4aea4e94c14361a0133733f2a0712b1d05e2ca9c6
HybridCPU_ISE/docs/ref2/VirtualiztionRefactoringNew/04_vmread_field_by_field_projection_plan.md,doc,.md,11876,ec09630ff5c423062c6be35742d891c8f6eed0d6ec9c74d09d73f3c9d46844a5
HybridCPU_ISE/docs/ref2/VirtualiztionRefactoringNew/05_privileged_execution_state_owner_decision.md,doc,.md,11605,a0a6f38b80b88f3ce95ea67444bd101cef4352aeb5ce644b15bc75c55abb9778
HybridCPU_ISE/docs/ref2/VirtualiztionRefactoringNew/06_vmcs_write_and_compatibility_control_policy.md,doc,.md,9870,4da090420d7e1044199bc44c6155b819127aae03981b0051a554fe053abee45b
HybridCPU_ISE/docs/ref2/VirtualiztionRefactoringNew/07_hypercall_backend_owner_and_vmcall_decision.md,doc,.md,10566,4aa10d1825842e90cab46373e4563926a0dc8f5bef72812bae8f87426be738ef
HybridCPU_ISE/docs/ref2/VirtualiztionRefactoringNew/08_trap_completion_route_and_retire_publication.md,doc,.md,10381,985c9b39850a984e32af3039fe08553420260ead4d9896a26003755a572323b9
HybridCPU_ISE/docs/ref2/VirtualiztionRefactoringNew/09_nested_virtualization_child_intent_plan.md,doc,.md,7117,7412edc8a457c1f5b409c4b2e11a56eb73e657f35a2e3625932ec6a303e0d24c
HybridCPU_ISE/docs/ref2/VirtualiztionRefactoringNew/10_memory_io_iommu_lanes_and_stream_boundary.md,doc,.md,12441,8189871dc2ccaa8c9df79607a4b410ff68e9cbc1229ee7b5bef97201b70f6476
HybridCPU_ISE/docs/ref2/VirtualiztionRefactoringNew/11_capability_evidence_and_securecompute_boundary.md,doc,.md,7947,1ca616b242e9b3109ce315b473bcebc576f3c348c4fecc3eac4f4b62c7750054
HybridCPU_ISE/docs/ref2/VirtualiztionRefactoringNew/12_compiler_isa_runtime_no_emission_contract.md,doc,.md,7334,a117da33a84e34cf8a80526c886f3a91c466600c4541459d20e3071acd44def8
HybridCPU_ISE/docs/ref2/VirtualiztionRefactoringNew/13_conformance_golden_artifacts_and_static_gates.md,doc,.md,32780,026c6e2212016a30d4732b43ceb24ea71bc146599e39c697c5d12c1ade307ebc
HybridCPU_ISE/docs/ref2/VirtualiztionRefactoringNew/14_documentation_migration_and_claim_hygiene.md,doc,.md,7294,9815718059a8ac2d7c73d6d1381f86432cc3e255ed1814700816242075a227b9
HybridCPU_ISE/docs/ref2/VirtualiztionRefactoringNew/15_final_readiness_review_and_next_work_order.md,doc,.md,21812,5db1fb45acbf87c20daced320cca2507135e5e73bf6f657c5f20f2772fd69816
HybridCPU_ISE/docs/ref2/VirtualiztionRefactoringNew/16_external_audit_activation_readiness_addendum.md,doc,.md,10122,231a3ad4c3609cd1fb304f35aac59f7b8e9022072fda33ea140b8ea15284dee5
HybridCPU_ISE/docs/replay-envelope.md,doc,.md,8714,c6bec280b6962ba6c8c353280664bfafb469850e560a90fcdad06a8432e9c13e
HybridCPU_ISE/docs/rollback-boundaries.md,doc,.md,4630,7fb8242adecfc37685cfa12b531b85cfef5958887a21f38d4f22159d1bfd4467
HybridCPU_ISE/docs/runtime-legality-chain.md,doc,.md,4150,c3a7ac518b9521960ca979e3fb3f964d152577918f1493d59c1c9824c0322378
HybridCPU_ISE/docs/scheduler-contours-and-boundaries.md,doc,.md,4489,7899ac175bf02138f38897d3214fc66473b33b8bc58b68d030d8297566d57ff3
HybridCPU_ISE/docs/VLIW Bundle Аудит.md,doc,.md,21548,91d659ed6818686cc0ca9df1e226125c7f1bdec90e5a514009cfad4e52c46990
HybridCPU_ISE/docs/VMXRefactoring/2026-05-24-vmx-current-model-completion-audit.md,doc,.md,37797,084790a5d72e04f3cfe338473f6528e84f4821b9e2eb043765cae89ee139d080
HybridCPU_ISE/docs/VMXRefactoring/audit3.md,doc,.md,63803,8d8366dd5d3ad191856e47a3a2cd54574695fa64d760955ca9288236a35aba36
HybridCPU_ISE/docs/VMXRefactoring/audit4.md,doc,.md,23439,f042a10836ae64b44f674cdce3f0ae42470c2e0fcbe521dca570ac9e4534350b
HybridCPU_ISE/docs/VMXRefactoring/audit5.md,doc,.md,20551,febb4e87bdf80a59731dd484ba0a74778c178c102e8cd0726c770bfc9f2d48e0
HybridCPU_ISE/docs/VMXRefactoring/deep-research-report (6).md,doc,.md,11053,d917328237c19970620b7709411c942c4cd2d243e9e4f9ff284e2c60017c157e
HybridCPU_ISE/docs/VMXRefactoring/Old/audit.md,doc,.md,38212,b30f225eb77a17a1c6495149c05e23d0d2f8d14ce49942181b33ac368d2bec31
HybridCPU_ISE/docs/VMXRefactoring/Old/audit2.md,doc,.md,63595,4b220a6c354f03c4ec9b47a2533b7716739e8bbdf1e8a1a23861cfac0f34a15e
HybridCPU_ISE/docs/VMXRefactoring/Old/hybridcpu_vmx_final_architecture.md,doc,.md,28407,36656c3dfe1ccfebae242b6d0766ff3ff8925cfe3e9903d3de11d77151f1360d
HybridCPU_ISE/docs/VMXRefactoring/schemas/compat-alias-schema.v1.json,config,.json,2090,6f6b708ccdbceb2aa6fdcc1c4202a007feb71d4c2ab0e1186beb0b7d742f9bff
HybridCPU_ISE/docs/VMXRefactoring/schemas/compat-spec-artifact-schema.v1.json,config,.json,1768,daf8972804e551b3dd4d83dd1bd82c176cdf51086c48a51d6ced41307b3e049a
HybridCPU_ISE/docs/VMXRefactoring/schemas/vmcs-field-projection-schema.v1.json,config,.json,5267,4865580cf63d66d968e6a68eeb9c3677897811d2bb0d47686fb8795fb3fbc65e
HybridCPU_ISE/docs/VMXRefactoring/schemas/vmxcaps-capability-bit-schema.v1.json,config,.json,3194,e6629c3943112a097d00a23c3e4723d000cf9aaa3264b5979216951f22b7ee91
HybridCPU_ISE/docs/VMXRefactoring/SuccessClosed/2026-05-24-01-substrate-composed-projection-result.md,doc,.md,668,a9750278669c46060ec62b369e2f58a7eb2829b03debdb57867148e5fd6283d4
HybridCPU_ISE/docs/VMXRefactoring/SuccessClosed/2026-05-24-02-nested-memory-composition-naming.md,doc,.md,895,88785d63da434423aa73fd30722ba54ade9f461d93e016a44ccb9dd5837af12a
HybridCPU_ISE/docs/VMXRefactoring/SuccessClosed/2026-05-24-03-evidence-policy-descriptor-minimal-boundary.md,doc,.md,841,9887cdfd40c69e873373f2e174a75d90b7fde237bc8274bcb8b741e1c6362ddf
HybridCPU_ISE/docs/VMXRefactoring/SuccessClosed/2026-05-24-04-observability-descriptor-minimal-boundary.md,doc,.md,883,d34112474f12abdcb7caa1c5c8fc5207459651f85a3db1979233965d62bf3e59
HybridCPU_ISE/docs/VMXRefactoring/SuccessClosed/2026-05-24-05-migration-descriptor-minimal-boundary.md,doc,.md,849,530fce22c7721f9b80ad08fbc5e058a66ed6c4afa4852528af426611b1dad7b3
HybridCPU_ISE/docs/VMXRefactoring/SuccessClosed/2026-05-24-06-nested-substrate-capability-naming.md,doc,.md,937,8ad766233ea085d16bb0570c54264f897fdf5e940c7e3eb91d6d9a0d900e41da
HybridCPU_ISE/docs/VMXRefactoring/SuccessClosed/2026-05-24-07-capability-descriptor-set-authority.md,doc,.md,813,3f10808650363335115aa5fdae9af6bc2a22532bd4af0af5e03f59cdcd2211e0
HybridCPU_ISE/docs/VMXRefactoring/SuccessClosed/2026-05-24-08-capability-publication-policy.md,doc,.md,826,ee6944d372a697ddd441c58df8850b0c810b74f3e05313c902d757fe3896ef05
HybridCPU_ISE/docs/VMXRefactoring/SuccessClosed/2026-05-24-09-vmxcaps-projection-alias-helper.md,doc,.md,755,f5cafe6b24a537bf57e59d801b5ff154741743e91bfc61a380267a3d5c77f5c7
HybridCPU_ISE/docs/VMXRefactoring/SuccessClosed/2026-05-24-10-capability-schema-vmxcaps-mask.md,doc,.md,771,ea0ca11c041258c660920888613dd2a5011278d55709e48895bd959ce038aa4d
HybridCPU_ISE/docs/VMXRefactoring/SuccessClosed/2026-05-24-100-nested-domain-capability-projection.md,doc,.md,1047,fd6ecc7008d9d7a7937e462f4a043b60d1bb00000dc03b503b80b64656ab6f33
HybridCPU_ISE/docs/VMXRefactoring/SuccessClosed/2026-05-24-100-vmxexecutionunit-vmxcaps-projection-source.md,doc,.md,1889,37642a527a4a36ed0752500586f5dc9fb60cd5981bcc808ba218988a584e1b69
HybridCPU_ISE/docs/VMXRefactoring/SuccessClosed/2026-05-24-101-nested-proof-authority-source.md,doc,.md,1204,c8213cb7ae356d9b486f72fa85abf2491c39bc4216a5c7c35c29d241906b81b6
HybridCPU_ISE/docs/VMXRefactoring/SuccessClosed/2026-05-24-101-vmxcaps-projection-conformance-tests.md,doc,.md,1585,73f4326687e90bb73b7076187f34cb88a4a013026f86954f0915eb1e029d5146
HybridCPU_ISE/docs/VMXRefactoring/SuccessClosed/2026-05-24-102-nested-gate-evidence-authority.md,doc,.md,1046,2bbb48c22f5d2031833865ec883870238d6c4dd8291aabe40cc73ed8c92fea05
HybridCPU_ISE/docs/VMXRefactoring/SuccessClosed/2026-05-24-102-vmxexecutionunit-no-direct-vmxcaps-read-contract.md,doc,.md,1407,e5ba54cf7dc9749e8ffb00139eebd75bea529ffbef6d99c3a579385dfd33acd6
HybridCPU_ISE/docs/VMXRefactoring/SuccessClosed/2026-05-24-103-compatibility-caps-projection-alias.md,doc,.md,1272,dcd7b75adc95f8253fe982c0368f40bd584d26ff20879550ebd5d8167fc12308
HybridCPU_ISE/docs/VMXRefactoring/SuccessClosed/2026-05-24-103-legacy-vmx-zone-relocation.md,doc,.md,2651,f9f696507f489e5a333b2914edc2058078c9361437cdba491ad96d93f87ece0f
HybridCPU_ISE/docs/VMXRefactoring/SuccessClosed/2026-05-24-104-memory-translation-vmcs-projection-relocated.md,doc,.md,1168,473c3b6cd4182c83a3c0558c9ca2ffe90b6219cdd637c63883823dde15d39abd
HybridCPU_ISE/docs/VMXRefactoring/SuccessClosed/2026-05-24-104-nested-capability-owner-domain.md,doc,.md,1114,ab460c181b1a36a4caec7d69cc434bc48136b9d4e692874b1016e6c15838f380
HybridCPU_ISE/docs/VMXRefactoring/SuccessClosed/2026-05-24-105-translation-invalidation-backend-boundary.md,doc,.md,1121,f59659f10c93748d9f07866ff712d0c56f022e29e646559d13eb9217b3c7b758
HybridCPU_ISE/docs/VMXRefactoring/SuccessClosed/2026-05-24-106-child-domain-intent-generic-accessors.md,doc,.md,1198,4ac75538b64f0c6f5e065e2c4f25920f9ff13dc6b2bf25dea47c014ff2cc9993
HybridCPU_ISE/docs/VMXRefactoring/SuccessClosed/2026-05-24-107-io-virtualization-backend-boundary.md,doc,.md,989,f2a97d4442866ab9224dd1ef5b528c9758d8764c7010befc08677d0de8f64ffc
HybridCPU_ISE/docs/VMXRefactoring/SuccessClosed/2026-05-24-108-iotlb-invalidation-block-routing.md,doc,.md,896,4b7cb4b2f1b9b5dd2124d323e0ec2098edf81527385a72d8762749a1b5ceda7e
HybridCPU_ISE/docs/VMXRefactoring/SuccessClosed/2026-05-24-109-lane7-domain-ownership-wording.md,doc,.md,921,b4286f78fc880162c15382989ae26c86e9b5eb94002f2da15c98d16d5fcb4036
HybridCPU_ISE/docs/VMXRefactoring/SuccessClosed/2026-05-24-11-completion-record-authority.md,doc,.md,847,7af5ff1d63f437072e8ca6c9025911f2e711c74c3e5f4078d4d893947cc49b51
HybridCPU_ISE/docs/VMXRefactoring/SuccessClosed/2026-05-24-110-nested-exit-child-domain-intent-alias.md,doc,.md,862,a184a9eca0b36a3305d73073d9bf21783b8fba74aac27ed0955aa6e80d908785
HybridCPU_ISE/docs/VMXRefactoring/SuccessClosed/2026-05-24-111-composed-domain-projection-wording.md,doc,.md,962,f11ca55e1153562a103ad856b00c2feae2326b8ae199c85d4ea8c3be321b1435
HybridCPU_ISE/docs/VMXRefactoring/SuccessClosed/2026-05-24-112-generated-projection-descriptor-owned-diagnostics.md,doc,.md,960,7d8941abbd9af0e7a053ed4760a67de0e27dd420db5877d550b32491cbcc7b49
HybridCPU_ISE/docs/VMXRefactoring/SuccessClosed/2026-05-24-113-frozen-exit-reason-descriptor-wording.md,doc,.md,801,4d2d820df442846f0d753ecdd78c4af45bea8588cae679174108ab175ae10532
HybridCPU_ISE/docs/VMXRefactoring/SuccessClosed/2026-05-24-114-translation-fault-compat-exit-wording.md,doc,.md,1031,50f45384ace3619a7e5b4093d3eda14b24c5c8d3487bff03463c20be24a43a96
HybridCPU_ISE/docs/VMXRefactoring/SuccessClosed/2026-05-24-115-compat-frontend-projection-authority-wording.md,doc,.md,834,a848ddb1977c1f2d559abeb03d2ec364936ef536e63608b1b2a899af8863df12
HybridCPU_ISE/docs/VMXRefactoring/SuccessClosed/2026-05-24-116-nested-enable-capability-word-alias.md,doc,.md,967,2f1e09d24be16836bd34cc1f289007a9b217b47f37e7914bdc93e6dea36f1fd9
HybridCPU_ISE/docs/VMXRefactoring/SuccessClosed/2026-05-24-117-nested-projection-service-facade.md,doc,.md,1138,fa4230d098c47b5146f99f76bcbcf49e2d4cba2b372a46e1474ebf328a9f1c2e
HybridCPU_ISE/docs/VMXRefactoring/SuccessClosed/2026-05-24-118-core-vmx-authority-boundary-conformance.md,doc,.md,1253,4d68492dc6bce9de3e29f9f0f6f1693def74eb8b9c25b73d58c8052af3343ad5
HybridCPU_ISE/docs/VMXRefactoring/SuccessClosed/2026-05-24-119-legacy-csr-backed-vmxcaps-source-quarantined.md,doc,.md,1034,5039ac33d19f90f133881f7fb9df0002ab6688af72ab0d1a7203f01e64ee68ee
HybridCPU_ISE/docs/VMXRefactoring/SuccessClosed/2026-05-24-12-completion-projection-service.md,doc,.md,807,6ac26f598573eae71bd7de895382f813497a5ed7eac4140498b63a1b2a7e5048
HybridCPU_ISE/docs/VMXRefactoring/SuccessClosed/2026-05-24-120-vmxcaps-csr-source-boundary-conformance.md,doc,.md,1122,e7c90e03b645848bdba5d530ebc249bf3db058629d597589ed17eff7a934e54c
HybridCPU_ISE/docs/VMXRefactoring/SuccessClosed/2026-05-24-121-capability-grant-typed-metadata.md,doc,.md,1588,0b4cee86eff83371a0d28b772b53d307a1887c050d3b092d9af1abc97dac01db
HybridCPU_ISE/docs/VMXRefactoring/SuccessClosed/2026-05-24-122-capability-grant-owner-aware-negotiation.md,doc,.md,1454,61d3966de2ceaafe9d4db32bf9aac0de95cd0a7b01164809c44e9683adcbb13d
HybridCPU_ISE/docs/VMXRefactoring/SuccessClosed/2026-05-24-123-compat-alias-map-canonical-schema-artifact.md,doc,.md,1367,2fc937fe5705d20f5b144d5352e47d7cb5727734d1d42289bcbfba5d607deb11
HybridCPU_ISE/docs/VMXRefactoring/SuccessClosed/2026-05-24-124-compat-alias-schema-conformance-contract.md,doc,.md,1381,e4ea6d1b86bdc15f956b9ec5e222cb92e987a9cdc1fd496471a8af8e1cf58d9b
HybridCPU_ISE/docs/VMXRefactoring/SuccessClosed/2026-05-24-125-nested-controller-compat-projection-overloads.md,doc,.md,1362,1d8f3a4002de9d9e5ffa181078ce157ae59b4e520b28e2da18a7acb6528d65ec
HybridCPU_ISE/docs/VMXRefactoring/SuccessClosed/2026-05-24-126-second-stage-translation-generic-aliases.md,doc,.md,1485,8c1853fe8bb977b17db987a77afc999838c70b80eebb4b0907d247840b17ea73
HybridCPU_ISE/docs/VMXRefactoring/SuccessClosed/2026-05-24-127-capability-grant-authority-contract.md,doc,.md,1246,0811e35433c6a42504093ba713633b2b81969f157aeb9c863850c31605e3efc0
HybridCPU_ISE/docs/VMXRefactoring/SuccessClosed/2026-05-24-128-default-runtime-owner-for-legacy-grants.md,doc,.md,1430,26ab4f24ce4c33ecaf6e971821ea8eed7d2e38fc2d525f9155c407a8badf3ffa
HybridCPU_ISE/docs/VMXRefactoring/SuccessClosed/2026-05-24-129-nested-substrate-generic-validation-result.md,doc,.md,1299,4a71fe4ac86c7b3011a9729ab4eb70915e105246cd16349c4289196e5f49c1c0
HybridCPU_ISE/docs/VMXRefactoring/SuccessClosed/2026-05-24-13-completion-sideband-envelope.md,doc,.md,788,70a4990676f25b6f01392569d20f09c6fff46718a8b8569a891c598f11c836f0
HybridCPU_ISE/docs/VMXRefactoring/SuccessClosed/2026-05-24-130-vmxcaps-write-fenced-no-effect.md,doc,.md,1396,4741722c7dea4b03c236caca4256a6111e7f92335a5590cf25f99577466a3b52
HybridCPU_ISE/docs/VMXRefactoring/SuccessClosed/2026-05-24-131-vmxcaps-bit-schema-parity.md,doc,.md,1043,329f0f6a125bdb05bdea71785e0b235cdd39e8344d474ebfc2fdb9082bff2dbc
HybridCPU_ISE/docs/VMXRefactoring/SuccessClosed/2026-05-24-132-runtime-epoch-wraparound-policy.md,doc,.md,995,4b107010262dcd0bd693ad1b56224761902fcf700e7c7ddf4d13cf93a49e9608
HybridCPU_ISE/docs/VMXRefactoring/SuccessClosed/2026-05-24-133-vmxcaps-projection-csr-address-demotion.md,doc,.md,993,c66681559835bd3b2a8e440fba128ff3e32da76fb1af4768b1463e14b3428e73
HybridCPU_ISE/docs/VMXRefactoring/SuccessClosed/2026-05-24-134-memory-translation-active-callers-generic-aliases.md,doc,.md,1631,40700c4d791b2f2e27f52fcce9c3a519dea984693f0c55317c03dd2d2f416b43
HybridCPU_ISE/docs/VMXRefactoring/SuccessClosed/2026-05-24-135-address-space-generation-alias.md,doc,.md,983,55033925beca38c90d4bed695a292f909170fa262a00ea44f99273e6256d7efa
HybridCPU_ISE/docs/VMXRefactoring/SuccessClosed/2026-05-24-136-compatibility-write-no-emission-contract.md,doc,.md,1108,48c6dd8500273b50209f0a6a01edce63b909e6579c78d69dce5030fb94b63f12
HybridCPU_ISE/docs/VMXRefactoring/SuccessClosed/2026-05-24-137-vmcs-field-projection-schema-parity.md,doc,.md,1596,552d6205d3a1730ea8e5cb8560cabf4dcedc442599991397faf8fc4e0dc01db5
HybridCPU_ISE/docs/VMXRefactoring/SuccessClosed/2026-05-24-138-generated-vmcs-projection-provenance.md,doc,.md,1400,b8632a9edfd8903ff5f61786f4b8b5531f03cc6edc5f98c311caf796a3bc1503
HybridCPU_ISE/docs/VMXRefactoring/SuccessClosed/2026-05-24-139-published-capability-projection-wrapper.md,doc,.md,1301,e7c5b9733f4d4734ca6ca44313425392cc522ff01f4b1cdb2e779a4f04a8992a
HybridCPU_ISE/docs/VMXRefactoring/SuccessClosed/2026-05-24-14-compiler-no-emission-gate.md,doc,.md,995,ce1245df0bc2dfbe5a5f08280ca3ae31c71ccf0543df6c98658aab10b736f1d1
HybridCPU_ISE/docs/VMXRefactoring/SuccessClosed/2026-05-24-140-vmx-frontend-result-mapper.md,doc,.md,1248,8cb1c1d7548259b853141ea122b549511e4e2e6693bba0587db67cce311d1aaf
HybridCPU_ISE/docs/VMXRefactoring/SuccessClosed/2026-05-24-141-shadow-vmcs-bridge-retirement-contract.md,doc,.md,1474,9510cf16fca9b6624b87c65e670b3950c2ab096e05fd090091ca17f232394242
HybridCPU_ISE/docs/VMXRefactoring/SuccessClosed/2026-05-24-142-legacy-reverse-import-contract.md,doc,.md,1276,094fe937d9345115e853bec3a4c43c7a036efb98d24e18378f3b6dbbd046f313
HybridCPU_ISE/docs/VMXRefactoring/SuccessClosed/2026-05-24-143-vmx-frontend-exposure-conformance.md,doc,.md,1331,304d9171b5d97f767a58fb0fafaf475a05be665a8eb42ce41e28fd0dced6a4a0
HybridCPU_ISE/docs/VMXRefactoring/SuccessClosed/2026-05-24-144-memory-translation-address-space-root-authority.md,doc,.md,1456,784a6f4e85c2fb20cbdc1854a5de4965959c0418dcfd101948d2d360138ec1b8
HybridCPU_ISE/docs/VMXRefactoring/SuccessClosed/2026-05-24-145-memory-translation-vmcs-identity-demotion.md,doc,.md,1337,1e1ce49b512d0d50a39d63c4fa533fcdb6c8e89d321ed95b858ac5d4b3a84deb
HybridCPU_ISE/docs/VMXRefactoring/SuccessClosed/2026-05-24-146-capability-descriptor-typed-grant-collection.md,doc,.md,1355,1abcd6c400bd51f8a506474fb4352c73d2ad1719c2a22a11c5c79b98140d1b30
HybridCPU_ISE/docs/VMXRefactoring/SuccessClosed/2026-05-24-147-capability-grant-authority-source.md,doc,.md,1321,a0d3ae1fd1a51ea0817a0adf1f203bdec3de3ba52311c66f2ed6d485edad2201
HybridCPU_ISE/docs/VMXRefactoring/SuccessClosed/2026-05-24-148-memory-domain-translation-control.md,doc,.md,1521,0282ae4c56449f3994a1120a07322ebc3a10519c668bffc762966b1b883da5f5
HybridCPU_ISE/docs/VMXRefactoring/SuccessClosed/2026-05-24-149-nested-enable-proof-authority.md,doc,.md,1287,fc6c6c0765a231b31ae889c62fa121f5547bdc2eb8bb18daa1fbe5da826f41c1
HybridCPU_ISE/docs/VMXRefactoring/SuccessClosed/2026-05-24-15-virtualization-lane-binding-policy.md,doc,.md,1016,59164b4d403e2aeb871db6d7b931d0c03c09d0e8782a2bdc43009dfe6d6e19d1
HybridCPU_ISE/docs/VMXRefactoring/SuccessClosed/2026-05-24-150-shadow-vmcs-compatibility-bridge-adapter.md,doc,.md,1339,82f38e855513b5f5ae514c0d478eff9155ebafef88e8805a9af0539b440c39a0
HybridCPU_ISE/docs/VMXRefactoring/SuccessClosed/2026-05-24-151-nested-capability-publication-authority.md,doc,.md,1165,197e1108d04e9e3d2d942438b4257b7ce129ccaa68c6c63278f9bfc3f4a8810c
HybridCPU_ISE/docs/VMXRefactoring/SuccessClosed/2026-05-24-152-legacy-vmx-quarantine-manifest.md,doc,.md,1299,23e5eefecd0ed608d2b45a3ee92f2d5ff2b9a4d37d86984eb9ddda987ba9bd59
HybridCPU_ISE/docs/VMXRefactoring/SuccessClosed/2026-05-24-153-compat-alias-generator-pipeline-provenance.md,doc,.md,1090,aa87192fea078cae1835c2808f036a87cf88beb446e1c03b2f15ac2cb50c1e23
HybridCPU_ISE/docs/VMXRefactoring/SuccessClosed/2026-05-24-154-capability-grant-missing-typed-grant-fail-closed.md,doc,.md,1008,3a6139ca77eeba490a57d2b2166538d358312a39194190db7fdfe5609450dd93
HybridCPU_ISE/docs/VMXRefactoring/SuccessClosed/2026-05-24-155-owner-aware-capability-grant-fail-closed.md,doc,.md,1036,649398104aa9ca57ad78ba08f22e8a30b9343aebb4ebab26860f0d95b08a1714
HybridCPU_ISE/docs/VMXRefactoring/SuccessClosed/2026-05-24-156-runtime-epoch-legacy-api-fail-closed.md,doc,.md,892,253b3a0a9036db3100193d05f4ebf5ba6612f26b301e0b675263db1ae0740653
HybridCPU_ISE/docs/VMXRefactoring/SuccessClosed/2026-05-24-157-address-space-id-generic-epoch-vocabulary.md,doc,.md,944,d0d3f7bf982e49b1188fa6d71893167697c79ab5020e3b6a7443fc2e0fb46927
HybridCPU_ISE/docs/VMXRefactoring/SuccessClosed/2026-05-24-158-shadow-vmcs-typed-failure-result.md,doc,.md,1193,6bae4ed66e55d0336084bc4265db7630d43f48ee4279e917131414c3d412af3b
HybridCPU_ISE/docs/VMXRefactoring/SuccessClosed/2026-05-24-159-vmcs-field-projection-owner-access-migration-schema.md,doc,.md,1530,94c1eae150d4b1db96ac88192ac1f0b2bb7835f008cab1208da03667ed39adc8
HybridCPU_ISE/docs/VMXRefactoring/SuccessClosed/2026-05-24-16-system-singleton-scheduling-rule.md,doc,.md,1037,9de2be3cfd416227f6228d9348496bb1c5d3c64b654aac7fb9f43e0513c2b237
HybridCPU_ISE/docs/VMXRefactoring/SuccessClosed/2026-05-24-160-vmxcaps-bit-schema-typed-grant-source.md,doc,.md,1434,d8c288f0d26d945f33fbadf40ebb334e61fa0da11d0a4ef4a4299bb98c88a369
HybridCPU_ISE/docs/VMXRefactoring/SuccessClosed/2026-05-24-161-compatibility-write-no-emission-snapshot.md,doc,.md,1340,7fcb8e1bc84f2fe414448c1f6170f76e79a81a1fd78a24500c0e2cccd78a04d3
HybridCPU_ISE/docs/VMXRefactoring/SuccessClosed/2026-05-24-162-legacy-quarantine-manifest-enforced-by-tests.md,doc,.md,1377,8ee5440182710af7c2ac5e98d268e926e7418210581c0cd009af0b6fdd6a6f53
HybridCPU_ISE/docs/VMXRefactoring/SuccessClosed/2026-05-24-163-generated-projection-schema-artifacts.md,doc,.md,2164,a16e4ccfdba5e08dceb978119f55aa477b8c3ca73d231bc9a83b805eba8926b4
HybridCPU_ISE/docs/VMXRefactoring/SuccessClosed/2026-05-24-164-projection-schema-pipeline-contract.md,doc,.md,2290,45a632ab641baf3dd0f1889f524b4d4b6b6a3440e4d11853c5581485a25d2f66
HybridCPU_ISE/docs/VMXRefactoring/SuccessClosed/2026-05-24-165-legacy-adapter-boundaries-returned-to-core.md,doc,.md,2641,8023a9db9245414efd93774fafd76304426ce4bc72c45d39c44b36447f1ce878
HybridCPU_ISE/docs/VMXRefactoring/SuccessClosed/2026-05-24-166-neutral-runtime-boundary-admission-service.md,doc,.md,2583,31615c6253fde6331ac9e868039239bc4844aa11aa4efe494bedad56e338c59f
HybridCPU_ISE/docs/VMXRefactoring/SuccessClosed/2026-05-24-167-legacy-csr-backed-vmxcaps-source-returned-fail-closed.md,doc,.md,2825,b0c5f6d41a6e2e1f1dfae301be07ec846cc17dc98d498dae9fa668e1abb401a8
HybridCPU_ISE/docs/VMXRefactoring/SuccessClosed/2026-05-24-168-legacy-translation-invalidation-backend-returned-generic-host.md,doc,.md,2955,a3cd244ef3e70359902ffa0e304bcda5ccb9ac0d7aac6759e73ebc09ea62fe38
HybridCPU_ISE/docs/VMXRefactoring/SuccessClosed/2026-05-24-169-legacy-io-virtualization-backend-returned-generic-host.md,doc,.md,3410,531063c8b6befd9b5b8469d058cb9dd3e0683973cbfefb60f5c1478e3e401536
HybridCPU_ISE/docs/VMXRefactoring/SuccessClosed/2026-05-24-17-evidence-sideband-envelope.md,doc,.md,877,d0a40784084c134b6f56aecf1253e98f191c15206f181800091d47a028b218aa
HybridCPU_ISE/docs/VMXRefactoring/SuccessClosed/2026-05-24-170-iommu-domain-binding-host-mechanics-generic.md,doc,.md,3721,388779a7b87ac93cf4280fd03a7ac26a0ad103bff43efaa50afdabab7a310c57
HybridCPU_ISE/docs/VMXRefactoring/SuccessClosed/2026-05-24-171-legacy-vmcs-memory-translation-projection-removed.md,doc,.md,3117,d0f767a742c73a2a8baeebb04eb48d0b86469ecf0149bae970e184ffc18a8b4c
HybridCPU_ISE/docs/VMXRefactoring/SuccessClosed/2026-05-24-172-legacy-shadow-vmcs-block-removed-without-replacement.md,doc,.md,3494,14fe83f5befee9d3558e612969f3cd6606e9d02ccb2bfb909fdf229fd5f04509
HybridCPU_ISE/docs/VMXRefactoring/SuccessClosed/2026-05-24-173-legacy-v1-execution-adapter-surfaces-cleaned.md,doc,.md,3982,e191d5c1b31d0c69c32660c991d9786aa6e6847362c1514de92f481d3eef4eeb
HybridCPU_ISE/docs/VMXRefactoring/SuccessClosed/2026-05-24-174-vmxexecutionunit-invalidation-authority-removed.md,doc,.md,3108,f7c5db216ee002d34f29d0223eb82cd3a2fefa8b96fa708c4a3179586c23394c
HybridCPU_ISE/docs/VMXRefactoring/SuccessClosed/2026-05-24-175-vmxexecutionunit-nested-translation-fault-completion-removed.md,doc,.md,3347,dc62014f10c2d0a74de0585b49c9d42759b8ed306137053094608855b6038053
HybridCPU_ISE/docs/VMXRefactoring/SuccessClosed/2026-05-24-176-vmxexecutionunit-admission-vmcs-field-authority-removed.md,doc,.md,3396,d7b3791d5ed5ad6dba79ad2e8db46a6fefb23cf3be70f217491c4e6943f45b84
HybridCPU_ISE/docs/VMXRefactoring/SuccessClosed/2026-05-24-18-descriptor-sideband-envelope.md,doc,.md,907,60c81522e2b57ccdc04cc265134ce24874a58c87fc64d5c981d7d80e76daae02
HybridCPU_ISE/docs/VMXRefactoring/SuccessClosed/2026-05-24-19-guest-visible-evidence-projection.md,doc,.md,1016,7d5ccb137e678ab72483ffdc91dc49806c59cc9b7b693180472667c629cbbfab
HybridCPU_ISE/docs/VMXRefactoring/SuccessClosed/2026-05-24-20-compat-abi-freeze-contract.md,doc,.md,930,e5c6d47c6248de41b04d9acce17bd719e8d4386206ea8200c0e36be56cf61571
HybridCPU_ISE/docs/VMXRefactoring/SuccessClosed/2026-05-24-21-generated-projection-parity-contract.md,doc,.md,1063,234eff2fb8415b110c7e263b81b9f3f94e28e114f719bb5b4dfa6bdf056cfb6e
HybridCPU_ISE/docs/VMXRefactoring/SuccessClosed/2026-05-24-22-host-evidence-non-leak-contract.md,doc,.md,913,9695aeb418babf3201947a70aa1a11a94f693faa4b14463ebf5ab1d135a93249
HybridCPU_ISE/docs/VMXRefactoring/SuccessClosed/2026-05-24-23-vmx-opcode-alias-set.md,doc,.md,836,a6f39bf76344040d27e1903d175ecce16e2fdd7ecf1c31b83baad72c2f3afa20
HybridCPU_ISE/docs/VMXRefactoring/SuccessClosed/2026-05-24-24-vmx-csr-alias-set.md,doc,.md,807,00294f09a2cb41ea386f6052dda889d9bfd43e5d89346712a8e5a2941f2cb212
HybridCPU_ISE/docs/VMXRefactoring/SuccessClosed/2026-05-24-25-compat-spec-artifact-set.md,doc,.md,931,3bde083470c6324d493534ee0599a761ca2bfca9ff4ba796e9ffd26edcb52ec5
HybridCPU_ISE/docs/VMXRefactoring/SuccessClosed/2026-05-24-26-golden-artifact-manifest.md,doc,.md,1048,f6e0efadd35c34592be0f312ae61ee93caba15b4f8e527584805db13e58f8b5a
HybridCPU_ISE/docs/VMXRefactoring/SuccessClosed/2026-05-24-27-compat-alias-map-metadata.md,doc,.md,1003,46fbb5a07e8d0bfa7f9104387df1b83ac9f3c68571033e4c69107830de0767ef
HybridCPU_ISE/docs/VMXRefactoring/SuccessClosed/2026-05-24-28-nested-terminology-lint-contract.md,doc,.md,855,05188cf73a9d611a11bf395ab94ea693b17f8fafba940e9ebed13e795b21fe0f
HybridCPU_ISE/docs/VMXRefactoring/SuccessClosed/2026-05-24-29-domain-runtime-operation-contract.md,doc,.md,1113,3115dbc3b9da9a9ccc3d18cecd65119b438c944a632ad9d0317b6b922af72a67
HybridCPU_ISE/docs/VMXRefactoring/SuccessClosed/2026-05-24-30-domain-runtime-context-binding.md,doc,.md,1041,303c1d39278ae0794b2a1cfc70e985ca88900aa46c01e03cdb67855ec705c7c9
HybridCPU_ISE/docs/VMXRefactoring/SuccessClosed/2026-05-24-31-domain-validation-result-fail-closed.md,doc,.md,919,cc63e1a946c933be0544b2850170d5f7f57bcb299460270fe5111deb8e308abc
HybridCPU_ISE/docs/VMXRefactoring/SuccessClosed/2026-05-24-32-execution-domain-descriptor-authority.md,doc,.md,919,e4f171a2db6f67840558ead6541997ae6fd386ecbf1d6f86b41817990abb4ff9
HybridCPU_ISE/docs/VMXRefactoring/SuccessClosed/2026-05-24-33-memory-domain-descriptor-authority.md,doc,.md,953,d6133fa7ebc6930c72d92e4b150a94a2bea16b114b8d0e6453b9ceb75f30387c
HybridCPU_ISE/docs/VMXRefactoring/SuccessClosed/2026-05-24-34-io-domain-descriptor-authority.md,doc,.md,942,70c3573855c7adb745bae1a38d6a42c0ebea4c4c338356e2284666f3bea6b5a8
HybridCPU_ISE/docs/VMXRefactoring/SuccessClosed/2026-05-24-35-bundle-legality-descriptor-authority.md,doc,.md,880,ee0ebade0820795d5b98ecce8c421eda0a08996c1e134c40e378716f413b9aa1
HybridCPU_ISE/docs/VMXRefactoring/SuccessClosed/2026-05-24-36-scheduling-budget-descriptor-authority.md,doc,.md,1185,ef5c5a0efcad3acd9d3fc623187d53b9ffb8137c0144ebe6e58f18de6508c4f8
HybridCPU_ISE/docs/VMXRefactoring/SuccessClosed/2026-05-24-37-capability-negotiation-service-boundary.md,doc,.md,1291,4e8147536885d6248be92d39fd15a34a2047b3c826e28620d40a51488a601e79
HybridCPU_ISE/docs/VMXRefactoring/SuccessClosed/2026-05-24-38-trap-policy-descriptor-authority.md,doc,.md,1219,83a7f7dd856567cfa3c47c1e62f34ea48f5be6b64d69ecd44bcd2aa56ef0f771
HybridCPU_ISE/docs/VMXRefactoring/SuccessClosed/2026-05-24-39-completion-route-descriptor-authority.md,doc,.md,1228,63b2056e749e8a20af756164328eb45b107c3002e5608bc75291b6242d01a00c
HybridCPU_ISE/docs/VMXRefactoring/SuccessClosed/2026-05-24-40-event-queue-descriptor-authority.md,doc,.md,1223,db79da21bebd4f05d7bd1fcd905a9b5c77a3b2a5f86e4b52d985074b0ec15c1f
HybridCPU_ISE/docs/VMXRefactoring/SuccessClosed/2026-05-24-41-lane6-domain-descriptor-authority.md,doc,.md,1174,a608082d6f064e2e8db143afc88ecb1513c3bf94d08a9424966bbdda26a1718e
HybridCPU_ISE/docs/VMXRefactoring/SuccessClosed/2026-05-24-42-lane7-accelerator-descriptor-authority.md,doc,.md,1352,d7da4f2c8164cc553bc7ab2194183983a59a62c6342f7038cc62ecf896720b28
HybridCPU_ISE/docs/VMXRefactoring/SuccessClosed/2026-05-24-43-domain-trap-record-authority.md,doc,.md,1279,da8b0ad205d687f06bc27dd320963a21fefd91e7dd3e499943590e0ee1e43cd8
HybridCPU_ISE/docs/VMXRefactoring/SuccessClosed/2026-05-24-44-domain-legality-service-fail-closed.md,doc,.md,1130,50415a16fd5063df343d02283669df5aa64d8e5c29aae7b5353e1765ce86a7b9
HybridCPU_ISE/docs/VMXRefactoring/SuccessClosed/2026-05-24-45-domain-scheduling-admission-fail-closed.md,doc,.md,1137,60f7db90ef45a2ee5d75aee3bf45362b4fe59ee4a74c298c4dcfd42deb1452e6
HybridCPU_ISE/docs/VMXRefactoring/SuccessClosed/2026-05-24-46-dma-authority-window-boundary.md,doc,.md,1359,ec1c3380f65d1d2c7f8e049f21324f2747798131d991bd5c91a019b09694265f
HybridCPU_ISE/docs/VMXRefactoring/SuccessClosed/2026-05-24-47-trap-policy-service-fail-closed.md,doc,.md,1236,30246119316ec4f44f0314fe444f6a25c9ae6b8cf8027ae8dd9855eb8ab13fd3
HybridCPU_ISE/docs/VMXRefactoring/SuccessClosed/2026-05-24-48-event-delivery-service-fail-closed.md,doc,.md,1184,0b04221f41bef3dbfe66fd1a95d0b221ac262ee314a65ff26675c49286be071f
HybridCPU_ISE/docs/VMXRefactoring/SuccessClosed/2026-05-24-49-completion-routing-service-fail-closed.md,doc,.md,1163,9396bf343a165473b5226786891e4bfd327916dd2e01bc7e0176bf1bc035398a
HybridCPU_ISE/docs/VMXRefactoring/SuccessClosed/2026-05-24-50-memory-address-space-translation-policy-authority.md,doc,.md,1335,99179323efd6370d79a3d3cc6281cf8aca69626841c6f84dd8a217a7820976de
HybridCPU_ISE/docs/VMXRefactoring/SuccessClosed/2026-05-24-51-dirty-tracking-descriptor-authority.md,doc,.md,1261,f4ea07e9bc536a3595344d08fa5ba8e45282b6287e5ce3fa5a85db77381a9820
HybridCPU_ISE/docs/VMXRefactoring/SuccessClosed/2026-05-24-52-translation-iotlb-invalidation-fail-closed.md,doc,.md,1555,6d6d56366f52487372484e110b1ec8ebe0fec783cf498ff80c3b33d76b1d9ec3
HybridCPU_ISE/docs/VMXRefactoring/SuccessClosed/2026-05-24-53-migration-validation-policy-fail-closed.md,doc,.md,1197,a835fd010fa890223995df76522737b620905d64f08fa97637aca1759e07fb45
HybridCPU_ISE/docs/VMXRefactoring/SuccessClosed/2026-05-24-54-domain-checkpoint-image-authority.md,doc,.md,1072,213b671de1aa141978aecd357bf4d3cae670658d0caf9c1934979b409ba9ad13
HybridCPU_ISE/docs/VMXRefactoring/SuccessClosed/2026-05-24-55-restore-validation-service-fail-closed.md,doc,.md,1066,7fe20fadd8b6f43b8afc37b7952546255b7df60a1ccd079721c2c2435116aba7
HybridCPU_ISE/docs/VMXRefactoring/SuccessClosed/2026-05-24-56-vector-stream-extension-descriptor-authority.md,doc,.md,1285,a200122072550d7e60ab328387f0787db9b3404fd2f58b066fca389a3bf6670e
HybridCPU_ISE/docs/VMXRefactoring/SuccessClosed/2026-05-24-57-vector-stream-save-restore-projection-boundary.md,doc,.md,1227,f548d9c003d530b77644989b5a3b58389ab0f971050d304298b975e3465978b9
HybridCPU_ISE/docs/VMXRefactoring/SuccessClosed/2026-05-24-58-root-authority-descriptor-boundary.md,doc,.md,1109,36a89ecb8a3db9eab7b859921bd331f3da577e27a10be453a59e0ffed23600fc
HybridCPU_ISE/docs/VMXRefactoring/SuccessClosed/2026-05-24-59-domain-runtime-authority-fail-closed.md,doc,.md,1748,e5e34c8b89940fc2d1f1671f06365d6ea8c223663b90e065bfb94661dc15d264
HybridCPU_ISE/docs/VMXRefactoring/SuccessClosed/2026-05-24-60-host-owned-evidence-boundary-fail-closed.md,doc,.md,1638,a5381883bd68de7b6fe1a2a1a389cdd1b4eb2f1f7ff68f254abf9fcbe999a0d9
HybridCPU_ISE/docs/VMXRefactoring/SuccessClosed/2026-05-24-61-debug-trace-export-policy-fail-closed.md,doc,.md,1820,f474a236e3f52755a28564b1e2da844765e327e44828464e103a71c532c2e141
HybridCPU_ISE/docs/VMXRefactoring/SuccessClosed/2026-05-24-62-retire-evidence-publication-boundary.md,doc,.md,1828,f0a5ddc30d6cfb3dec0d480cf90168315548253644e276a88ca029b2f4f8632c
HybridCPU_ISE/docs/VMXRefactoring/SuccessClosed/2026-05-24-63-vmx-compat-retire-boundary-fail-closed.md,doc,.md,1562,b5a642f8d809de484ede9800320755667dea2c8a494402ff6fde2bb6fac316aa
HybridCPU_ISE/docs/VMXRefactoring/SuccessClosed/2026-05-24-64-vmx-compat-decode-boundary-fail-closed.md,doc,.md,1615,e878d0441eb764078224fcf1a4abe30fb8692b55226fddadcad290801293b58f
HybridCPU_ISE/docs/VMXRefactoring/SuccessClosed/2026-05-24-65-vmx-compat-projection-service-boundary.md,doc,.md,1575,2b8c3567b49d02d87e6b57a542085a532a62be2c6dc28176aa5860bbf488dcc6
HybridCPU_ISE/docs/VMXRefactoring/SuccessClosed/2026-05-24-66-vmcs-field-alias-projection-access-policy.md,doc,.md,1664,c149f71e8d8232c0291218949e4b09ab47a895a1ca045ec035f3e1d8d3114989
HybridCPU_ISE/docs/VMXRefactoring/SuccessClosed/2026-05-24-67-vmcs-v2-descriptor-projection-read-only-gate.md,doc,.md,1628,c733d0c097af9326daa31f1c8a3184523bc5eb89779013c94a52325f4c0b0a5f
HybridCPU_ISE/docs/VMXRefactoring/SuccessClosed/2026-05-24-68-virtualization-compiler-intent-boundary.md,doc,.md,1659,829330d9dcc8eaae611e6837135f395e25918a37fa117f843a840300876977d1
HybridCPU_ISE/docs/VMXRefactoring/SuccessClosed/2026-05-24-69-virtualization-lowering-boundary-fail-closed.md,doc,.md,1604,2d338516e1e518fdd5aaf5a735c411d02f858d7db802c7909ae4e7fdc0623cc1
HybridCPU_ISE/docs/VMXRefactoring/SuccessClosed/2026-05-24-70-virtualization-bundle-legality-rule-fail-closed.md,doc,.md,1925,684b6a284ba39d810f8fb41248264d860c9391cc9d69022ef0f2127a9f1c13be
HybridCPU_ISE/docs/VMXRefactoring/SuccessClosed/2026-05-24-71-fence-domain-ordering-authority.md,doc,.md,1195,dbe1d2e2450e9101bb227c6671499f4b52918c58bc8fed7e6b060548031645a6
HybridCPU_ISE/docs/VMXRefactoring/SuccessClosed/2026-05-24-72-lane6-queue-namespace-authority.md,doc,.md,1195,7362c28a94db9a57912dd229b4a303cb72f626bde90376068e64db5f881dc4fb
HybridCPU_ISE/docs/VMXRefactoring/SuccessClosed/2026-05-24-73-lane6-token-namespace-authority.md,doc,.md,1182,78ad4c28e635ec00154dbad34b4ed20cf2253336bd5e9b3abf20543ebfbdf355
HybridCPU_ISE/docs/VMXRefactoring/SuccessClosed/2026-05-24-74-lane7-token-namespace-authority.md,doc,.md,1207,1969c63cc9e4a8840aed0c6b6813186145ff119a70cbec5ba4226a0f28493bc9
HybridCPU_ISE/docs/VMXRefactoring/SuccessClosed/2026-05-24-75-lane7-handle-namespace-authority.md,doc,.md,1245,f8735e599f65c423304f24bea25e425ea9dad01e9491b464d31b576aaf589137
HybridCPU_ISE/docs/VMXRefactoring/SuccessClosed/2026-05-24-76-execution-domain-runtime-admission.md,doc,.md,1192,88517bb097b9d217cf63478a93357ed9b830db3299f46fc2062aeccf06f04ead
HybridCPU_ISE/docs/VMXRefactoring/SuccessClosed/2026-05-24-77-memory-domain-runtime-admission.md,doc,.md,1227,f90ca367b366d79c7aae8a972e98161de0514e248ce7e61f865c5823d4b8a7ff
HybridCPU_ISE/docs/VMXRefactoring/SuccessClosed/2026-05-24-78-io-domain-runtime-admission.md,doc,.md,1163,a508ed70cdbc33e4f443361bca57ceddc63d7096ae6efdb0e01a393c69a3895f
HybridCPU_ISE/docs/VMXRefactoring/SuccessClosed/2026-05-24-79-lane6-domain-runtime-admission.md,doc,.md,1203,9a2a429088a7cc46b23d5be47c1a79f2b5b7e4e096140798b4cbb3447641c2fd
HybridCPU_ISE/docs/VMXRefactoring/SuccessClosed/2026-05-24-80-lane7-domain-runtime-admission.md,doc,.md,1256,6749989f9a6d2abff8bdd8ba3cad5d3cd0bbf41e8fac596da9f875d8bc565056
HybridCPU_ISE/docs/VMXRefactoring/SuccessClosed/2026-05-24-81-vector-stream-domain-runtime-admission.md,doc,.md,1346,0a326c21b934fdbcb8e989eb9a45d78e7ee5f4989dc1bd09526aa874d328310b
HybridCPU_ISE/docs/VMXRefactoring/SuccessClosed/2026-05-24-82-nested-domain-descriptor-authority.md,doc,.md,1434,d2803b8bc763100574c1d39761af3fbd5542d7e447f865524f0fca0c2e2d7fde
HybridCPU_ISE/docs/VMXRefactoring/SuccessClosed/2026-05-24-83-nested-capability-filter-fail-closed.md,doc,.md,1290,955b533022d738d24e01b03399120344b034cee7ae1102a3d0db1e164da95b34
HybridCPU_ISE/docs/VMXRefactoring/SuccessClosed/2026-05-24-84-nested-domain-runtime-admission.md,doc,.md,1231,0881d125fd2040877f35b5d21c17369dbd58aad22cce2c180fee989bcb8fc641
HybridCPU_ISE/docs/VMXRefactoring/SuccessClosed/2026-05-24-85-nested-evidence-policy-fail-closed.md,doc,.md,986,3bf6b2a0e1d3cda0e5d950e97ce3ef4a339231f74e575716cd5180fbd3423d7b
HybridCPU_ISE/docs/VMXRefactoring/SuccessClosed/2026-05-24-86-nested-completion-mapper-fail-closed.md,doc,.md,1115,6f1991ccab59c7c318e7d6e83e7d0b961f2f274c29e92d66ca1abff6cca1f106
HybridCPU_ISE/docs/VMXRefactoring/SuccessClosed/2026-05-24-87-nested-projection-service-admission.md,doc,.md,1130,c52f9e5ea8f4643d5a3affb4d1ddd38b54a6986bd4a12f157400dfb0f6b11625
HybridCPU_ISE/docs/VMXRefactoring/SuccessClosed/2026-05-24-88-lane7-backend-binding-policy-fail-closed.md,doc,.md,1085,6c26cd82dac8ddf9883246effab1e6eb448575d76245599dff8015f4ad038781
HybridCPU_ISE/docs/VMXRefactoring/SuccessClosed/2026-05-24-89-lane7-completion-policy-fail-closed.md,doc,.md,1143,286b8e7a981f78df64794ec43b2e69430a61428f6a3efe2a6a008b390e6099bb
HybridCPU_ISE/docs/VMXRefactoring/SuccessClosed/2026-05-24-90-iommu-domain-descriptor-authority.md,doc,.md,974,4e0204544410d2f7f9b4cc4d5a9ab91cb4a04b85d8a2a4e76561528e17e1789c
HybridCPU_ISE/docs/VMXRefactoring/SuccessClosed/2026-05-24-91-domain-binding-table-admission.md,doc,.md,1004,40e51e2c0efbe4dbe37784770a3b1159cf452b875b77a6bbd46567c47d58bdc3
HybridCPU_ISE/docs/VMXRefactoring/SuccessClosed/2026-05-24-92-nested-memory-domain-composer-admission.md,doc,.md,1556,9f47cf5d1109ae9399d66e95bfa41abce41f9cc63d09f2c8e62ed26d4fbe18ce
HybridCPU_ISE/docs/VMXRefactoring/SuccessClosed/2026-05-24-93-vmx-compat-frontend-admission.md,doc,.md,1331,36b932b913bc5277fb59ffcf30c9dd7b109b96e56f0baa05506326a80af7b299
HybridCPU_ISE/docs/VMXRefactoring/SuccessClosed/2026-05-24-94-legacy-vmx-v2-adapter-boundary.md,doc,.md,1309,33c2eeb10afb863c5a37f170ebf99f8a77418b9d1729403fb80568d50643a630
HybridCPU_ISE/docs/VMXRefactoring/SuccessClosed/2026-05-24-95-migration-replay-contract-fail-closed.md,doc,.md,1252,7d744649aa3534d3b65ed598c5936195b0fe6303388868459168335339cb01d6
HybridCPU_ISE/docs/VMXRefactoring/SuccessClosed/2026-05-24-96-virtualization-no-emission-contract.md,doc,.md,1352,bbe65fe3beef2ed224028aeaa8e145952137bee5820681cf1b43683175254fa3
HybridCPU_ISE/docs/VMXRefactoring/SuccessClosed/2026-05-24-97-vmfunc-leaf-admission-policy.md,doc,.md,1326,3ae22afad76ef0430aaebaccf1820b7b152a5ee666305780f066bd4374cd3ba6
HybridCPU_ISE/docs/VMXRefactoring/SuccessClosed/2026-05-24-98-vmx-invalidation-scope-admission-policy.md,doc,.md,1247,3ddd7316f5d8cbe3b54ebcf37c02927c5a52cd0d73d35afab54bc4c8281a8367
HybridCPU_ISE/docs/VMXRefactoring/SuccessClosed/2026-05-24-99-legacy-vmx-v1-adapter-boundary.md,doc,.md,1262,d69a4bc43b297d46576e25ef3edb8aca1091fab043b6a8fb78695085272776aa
HybridCPU_ISE/docs/VMXRefactoring/SuccessClosed/2026-05-25-177-vmxexecutionunit-intercept-exit-publication-removed.md,doc,.md,3059,b56c321d627b69db38b8bc0d6f25b1b628a4cbb5e5bc89fce9f028989540adb6
HybridCPU_ISE/docs/VMXRefactoring/SuccessClosed/2026-05-25-178-vmxexecutionunit-lane-vector-runtime-authority-removed.md,doc,.md,2346,3f3d12611df2091a10443ded7376af0cff69a33cce43f6ce1e113cc528f940f8
HybridCPU_ISE/docs/VMXRefactoring/SuccessClosed/2026-05-25-179-vmxexecutionunit-event-delivery-removed.md,doc,.md,2229,2ea01d2e010d9188e0c904ba7ef9b3200a7d26d64fb2c9f088adf081096ca442
HybridCPU_ISE/docs/VMXRefactoring/SuccessClosed/2026-05-25-180-vmxexecutionunit-vmcs-access-routing-removed.md,doc,.md,2079,224a0a0d42ab70b80ae1d57026b6e128ee6dd40c7e9624ede9dc2f8b6b493099
HybridCPU_ISE/docs/VMXRefactoring/SuccessClosed/2026-05-25-181-vmxexecutionunit-common-vmexit-completion-helper-removed.md,doc,.md,2147,364a39d2e67554408d66acddbf2a40dcee931556fb25d5bf5082db4ebaba0168
HybridCPU_ISE/docs/VMXRefactoring/SuccessClosed/2026-05-25-182-vmxexecutionunit-vmcs-pointer-lifecycle-removed.md,doc,.md,2439,bfb9d6abba7d4adbe90b43866ddf18c7ceb6bc05888dd6f01d195f2897c157b5
HybridCPU_ISE/docs/VMXRefactoring/SuccessClosed/2026-05-25-183-vmxexecutionunit-vmentry-authority-removed.md,doc,.md,2432,381788afbb828c0d0b29608f2da603d57ddcb739293f8ad2b36123811787d44c
HybridCPU_ISE/docs/VMXRefactoring/SuccessClosed/2026-05-25-184-vmxexecutionunit-vmx-root-switch-authority-removed.md,doc,.md,2413,24919ab68b98467e814c38e8651b22e23a4eae90919aec48f02cdd3961e67e9d
HybridCPU_ISE/docs/VMXRefactoring/SuccessClosed/2026-05-25-185-vmxexecutionunit-vmfail-trace-publication-removed.md,doc,.md,2415,e97c908c96537c10cbb040f11fcef8ca21c6f05e7ea53e5523d5779e348d0987
HybridCPU_ISE/docs/VMXRefactoring/SuccessClosed/2026-05-25-186-vmxexecutionunit-vmcall-vmfunc-capability-gates-removed.md,doc,.md,2749,fffcfe3cc097701ead1ac68902b35821a37c695a84bb8bd4fc4c0de9a63759af
HybridCPU_ISE/docs/VMXRefactoring/SuccessClosed/2026-05-25-187-vmxexecutionunit-guest-intercept-guards-removed.md,doc,.md,2674,f4c5a32e3af3cb5102e928906e52f5c01d9099a136a4625e19dbd254e0729c2c
HybridCPU_ISE/docs/VMXRefactoring/SuccessClosed/2026-05-25-188-vmxexecutionunit-opcode-shell-constructor-abi-removed.md,doc,.md,2520,5a458e2b80faabfaab2ad9870f67f74b966418fba76352a7edf3ae7882a9bd73
HybridCPU_ISE/docs/VMXRefactoring/SuccessClosed/2026-05-25-189-vmcsmanager-vmx-publication-surface-authority-removed.md,doc,.md,3494,1db1a2232693eaeb435fb04fe2489094fb91f286ff34ec1cc392e5e997297e7c
HybridCPU_ISE/docs/VMXRefactoring/SuccessClosed/2026-05-25-190-vmcsmanager-removed-without-replacement.md,doc,.md,5151,90fcd12d4bb16f9b650eef06d36721de3d25b7970e3fddf7351c8dd5d926811b
HybridCPU_ISE/docs/VMXRefactoring/SuccessClosed/2026-05-25-191-vmcs-v2-vector-stream-helper-authority-removed.md,doc,.md,6956,03eeabf9dbcbd99bdc7c0fb3485d324431c82646d3515b4da96c6b963bbf4257
HybridCPU_ISE/docs/VMXRefactoring/SuccessClosed/2026-05-25-192-vmx-checkpoint-vmcs-scalar-authority-removed.md,doc,.md,7006,4698b7579785213c48b49969295f0bae74f5562df5e155f5712d584810e8d406
HybridCPU_ISE/docs/VMXRefactoring/SuccessClosed/2026-05-25-193-vmcs-v2-blocks-dirty-vector-checkpoint-authority-removed.md,doc,.md,8160,a8113131e6eda91ee3d5498bb1d3e6bc7cea5e7b20955a0b364b588cd7abaaa9
HybridCPU_ISE/docs/VMXRefactoring/SuccessClosed/2026-05-25-194-vmcs-v2-scalar-write-authority-removed.md,doc,.md,7979,af979054e78681055ac0a36759a65faaab26a9e203dff0334db53ec28e3eef22
HybridCPU_ISE/docs/VMXRefactoring/SuccessClosed/2026-05-25-195-vmcs-v2-scalar-projection-cache-denied.md,doc,.md,8093,d16e48f9f923d070e3022b921723c3034f9ae2bcb1af7fe1c665287a0c554e01
HybridCPU_ISE/docs/VMXRefactoring/SuccessClosed/2026-05-25-196-generated-projection-lineage-build-check.md,doc,.md,6121,eb9ffb7a6ee4d3f51df0f7fe6e14f134c90400eef9b93e54431912e458a476fb
HybridCPU_ISE/docs/VMXRefactoring/SuccessClosed/2026-05-25-197-vmxcaps-and-generated-artifact-lineage-build-check.md,doc,.md,5814,99918402cba9450b976a90727c235dbb69665bfa5d69192e0ad6448c8aa8d43a
HybridCPU_ISE/docs/VMXRefactoring/SuccessClosed/2026-05-25-198-capability-descriptor-set-grant-first-projection.md,doc,.md,6289,b9a2547d79e4fbb9842efbdb0270778bbd60e1cb5cc040e2355f3ffbcb9885c0
HybridCPU_ISE/docs/VMXRefactoring/SuccessClosed/2026-05-25-199-capability-caller-mask-ingress-authority-removed.md,doc,.md,5452,da75efcc84a8217a7e407048d7c3dbe8d75e4066892861606bbbe737a5d1ea10
HybridCPU_ISE/docs/VMXRefactoring/SuccessClosed/2026-05-25-200-address-space-canonical-identity-authority-removed.md,doc,.md,5836,8a4d6a443043c7afde528f941f580e1a4c27bbe3c1ad6ea1a8f3fd9d4205d7d1
HybridCPU_ISE/docs/VMXRefactoring/SuccessClosed/2026-05-25-201-translation-io-lane-identity-authority-removed.md,doc,.md,6237,665da40f94da1a0456f8ee5d60fb8cbeca52f00bb50fd066eabf83b69ffce838
HybridCPU_ISE/docs/VMXRefactoring/SuccessClosed/2026-05-25-202-lane6-host-evidence-rebuild-boundary-removed.md,doc,.md,3487,9de2efde2cfa5c1e1ada387f725e8cc5187558b48657cd09d1cde298d075f455
HybridCPU_ISE/docs/VMXRefactoring/SuccessClosed/2026-05-25-203-event-trap-and-nested-checkpoint-admission-neutralized.md,doc,.md,4139,dd7c817dc9c30e31278249babd5f2857538de759086fc6d08cf90e83cc189e3d
HybridCPU_ISE/docs/VMXRefactoring/SuccessClosed/2026-05-25-204-vector-accelerator-nested-identity-pressure-removed.md,doc,.md,4708,0d89e7f3319121e00e53c643c45e9144391b1d3e8a4faf2a499e7f87af02de72
HybridCPU_ISE/docs/VMXRefactoring/SuccessClosed/2026-05-25-205-lane7-host-evidence-substrate-extracted.md,doc,.md,4812,f51056f572f4eca1b1b6e0f3b4d49089f81df16d22eb441080b7c1eb63a553f6
HybridCPU_ISE/docs/VMXRefactoring/SuccessClosed/2026-05-25-206-domain-runtime-substrate-extracted.md,doc,.md,5704,f87c0619bd69e15460611a5a58741b1fb3426c2818e764cf824087b6dc1c805f
HybridCPU_ISE/docs/VMXRefactoring/SuccessClosed/2026-05-25-207-generic-domain-descriptor-substrate-extracted.md,doc,.md,6286,9d09a66251d1ee16db9e17cc8a554567c30ec066b4a12385683e6d68797cabd4
HybridCPU_ISE/docs/VMXRefactoring/SuccessClosed/2026-05-25-208-capability-projection-service-substrate-extraction.md,doc,.md,5651,f3c2959df20165b09e265b74c91c2cfeca7e882dae5195da100823edc7be4aab
HybridCPU_ISE/docs/VMXRefactoring/SuccessClosed/2026-05-25-209-core-vmx-substrate-residuals-extracted.md,doc,.md,5364,2a22360e3019ecdf23403205f6aaa673da4710a4fff6cb49921dc87bf55c3904
HybridCPU_ISE/docs/VMXRefactoring/SuccessClosed/2026-05-25-210-vmx-completion-trap-nested-retire-quarantined.md,doc,.md,4877,c8f4a370e9274e6f306ade32a007aeb9ffe6074599be83aee2788d492e82b52e
HybridCPU_ISE/docs/VMXRefactoring/SuccessClosed/2026-05-25-211-final-frozen-alias-quarantine.md,doc,.md,4870,5c796675baac2149864a0821e1d7481cf5b32a344819d2d81894d092853a99eb
HybridCPU_ISE/docs/VMXRefactoring/SuccessClosed/2026-05-25-212-legacy-marked-core-vmx-sources-quarantined.md,doc,.md,3625,4711fc5fe10f008cbc2ae01d0b710c2e6de9f813da67e7396f768539ad184505
HybridCPU_ISE/docs/VMXRefactoring/SuccessClosed/2026-05-25-213-dead-io-virtualization-backend-shell-removed.md,doc,.md,5867,443836b4707ec67fdc0d4feb40f5858fa78c9a51339c1ae7f4593a58ca35a7df
HybridCPU_ISE/docs/VMXRefactoring/SuccessClosed/2026-05-25-214-dead-translation-invalidation-backend-shell-removed.md,doc,.md,2078,4d3912ab66b1912bd61d8bb982f2363df8651f9ec7e108fb0b69f9a6ca03d5a0
HybridCPU_ISE/docs/VMXRefactoring/SuccessClosed/2026-05-25-215-dead-csr-backed-capability-stub-removed.md,doc,.md,1709,bdc4397151a47a884276e3df956fd507b18e8d20499dd70996dc889642574b75
HybridCPU_ISE/docs/VMXRefactoring/SuccessClosed/2026-05-25-216-dead-vmx-v1-adapter-boundary-shell-removed.md,doc,.md,1342,f7234821aab120d8305c9821195d181a77b9015946628196c9cc53dd61618560
HybridCPU_ISE/docs/VMXRefactoring/SuccessClosed/2026-05-25-217-dead-vmx-v2-adapter-boundary-shell-removed.md,doc,.md,2113,83d64f186edc121256de5a6a0913e4f7b3445b01f7cf2cc41e194944c75a6498
HybridCPU_ISE/docs/VMXRefactoring/SuccessClosed/2026-05-25-218-retained-compatibility-surface-necessity-audit.md,doc,.md,3586,3fa556e80b12fa4c6d11dee893c9e48b97b367703f60430621cd564b780ce526
HybridCPU_ISE/docs/VMXRefactoring/SuccessClosed/2026-05-25-219-final-freeze-readiness-move-away-probe.md,doc,.md,4338,d02586322a99d2ae9d06747503256cdb9d86cb007a762da33d9be5887ec96202
HybridCPU_ISE/docs/VMXRefactoring/SuccessClosed/2026-05-25-220-no-legacy-production-carrier-exit.md,doc,.md,3929,49bd154dd67aaabd654795cf38a075a515d6fe724826001f83f3ccbba6e5ec28
HybridCPU_ISE/docs/VMXRefactoring/SuccessClosed/2026-05-25-221-broad-filter-path-closure-vmx-freeze.md,doc,.md,3800,59471f4c2892b94e74fbb4f7cc3eb23f1cc8eb6c842dfc792fe75d58d82b88df
HybridCPU_ISE/docs/VMXRefactoring/SuccessClosed/2026-05-25-222-legacy-vmx-conformance-deletion-probe.md,doc,.md,2483,3c7d6f2621ce390b65dfac4da54e8f8309b480df4d71408035c2894454fb62f9
HybridCPU_ISE/docs/VMXRefactoring/SuccessClosed/2026-05-25-223-conformance-manifest-evidence-decoupling.md,doc,.md,4714,af470ce11149d6b3aaa3b4ab826e555a900b441ee325b1dd9ca5d11e93bd4714
HybridCPU_ISE/docs/VMXRefactoring/SuccessClosed/2026-05-25-224-conformance-fast-removal-evidence-deletion.md,doc,.md,4750,a029c648119199e98556d549db14b7393d0e0ed795fc23b5d849451310757217
HybridCPU_ISE/docs/VMXRefactoring/SuccessClosed/2026-05-25-225-vmcs-v2-mutable-helper-authority-audit.md,doc,.md,5084,1860e912cd511ff820f2d4ed3993614db0c2258a7b8d67d9efd3c29b10b1ca27
HybridCPU_ISE/docs/VMXRefactoring/SuccessClosed/2026-05-26-226-conformance-retained-surface-freeze-evidence-deletion.md,doc,.md,4076,efa757f1e0d51aaf1178f3ad31dcd2d030bc097382d2565d212c4522cf56bf19
HybridCPU_ISE/docs/VMXRefactoring/SuccessClosed/2026-05-26-227-conformance-capability-substrate-frozen-alias-evidence-deletion.md,doc,.md,4817,b290851bf7ce453980b86e3f09cc7379b9a1034fd9f923e8d95d4b0233e7da39
HybridCPU_ISE/docs/VMXRefactoring/SuccessClosed/2026-05-26-228-conformance-nested-composition-evidence-deletion.md,doc,.md,4536,28be13447a87b2abcb71eecdf96fe25414df75e0bce49d0f1db91f8b33c88baa
HybridCPU_ISE/docs/VMXRefactoring/SuccessClosed/2026-05-26-229-legacy-vmx-conformance-folder-deletion.md,doc,.md,3477,65c811cc63171b9edfec70c546de499b68926886792c78689361270f5a7cd7d0
HybridCPU_ISE/docs/VMXRefactoring/SuccessClosed/2026-05-26-230-vmcsv2-block-mutable-helper-deletion.md,doc,.md,3922,5d994a3c030d69f2b9c69bdcf04e1ca3f24e04dea5fffbd78f99f9afea6ef1e9
HybridCPU_ISE/docs/VMXRefactoring/SuccessClosed/2026-05-26-231-vmcsv2-residual-block-state-inventory.md,doc,.md,4586,d14d45f4a678f186f781c0369c35d44600ec4e83d23454f0c75d688ef2ec6b86
HybridCPU_ISE/docs/VMXRefactoring/SuccessClosed/2026-05-27-232-compat-projection-inventory.md,doc,.md,3916,708bf468a0f98988a8cebc4632f8e6147ac8f4c3696228c6e351edf929f74241
HybridCPU_ISE/docs/VMXRefactoring/SuccessClosed/2026-05-27-233-projection-timer-trap-bitmap-extraction.md,doc,.md,4182,1274b72a273b944d2dfd329a8543a10967943f84a9750ba7e18895d8924e78c9
HybridCPU_ISE/docs/VMXRefactoring/SuccessClosed/2026-05-27-234-vmcsv2-header-child-intent-authority-removal.md,doc,.md,4026,7957de95943830319dadd0fbcca7ca5429c4fb924fde903d49817cd91825605c
HybridCPU_ISE/docs/VMXRefactoring/SuccessClosed/2026-05-27-235-first-admitted-vmread-projection-admission.md,doc,.md,4703,d5b72a584b671fb1678113c99ac44f37ad41059427dcd792fd26699a69712536
HybridCPU_ISE/docs/VMXRefactoring/SuccessClosed/2026-05-28-236-neutral-trap-result-split.md,doc,.md,9306,c2c5da010cc8f54dd862c168de258440d980c9ee64ca010129bc996511cb531a
HybridCPU_ISE/docs/VMXRefactoring/SuccessClosed/2026-05-28-237-admitted-denied-vmcall-trap-projection.md,doc,.md,6289,433393bee51cb90b044247feff2c380eea0c6bab109e6992ade355bab4900581
HybridCPU_ISE/docs/VMXRefactoring/SuccessClosed/2026-05-28-238-trap-projection-publication-fence.md,doc,.md,6134,2287c3fb6dfb2f37feca3c77ed8fda1f2f65bdc0b574a28f5ccf2de2f3c76aaf
HybridCPU_ISE/docs/VMXRefactoring/SuccessClosed/2026-05-28-239-audit4-reconciliation-substrate-placeholder-cleanup.md,doc,.md,2845,5a17a4da58540cb4d37ee3a825b6769fc77dd44952ec648f966b2ec0eac0598e
HybridCPU_ISE/docs/VMXRefactoring/SuccessClosed/2026-05-28-240-generated-readonly-vmread-value-projection.md,doc,.md,6306,4af299490078c811fd2861edac324587e9b9fd4046c403eca5a1fa82e9bae88f
HybridCPU_ISE/docs/VMXRefactoring/SuccessClosed/2026-05-29-241-memory-owned-vmread-value-projection.md,doc,.md,5845,0bdb890616de8a378a23e6fe16e8e3fa0ee3643f6e0a491573a5b772e470da2e
HybridCPU_ISE/docs/VMXRefactoring/SuccessClosed/2026-05-29-242-vpid-neutral-semantics-and-control-owner-design.md,doc,.md,5619,992123628ffdbc2476bc3ec79e4c1b1786f80f201dd957678c85e6ce9c38942f
HybridCPU_ISE/docs/VMXRefactoring/SuccessClosed/2026-05-29-243-compatibility-control-neutral-semantics-denied-projection.md,doc,.md,5209,108d4c91396c636b061f747c4e380b94c186dae780457a3f48f64f4e0e174648
HybridCPU_ISE/docs/VMXRefactoring/SuccessClosed/2026-05-29-244-audit4-audit5-quick-backlog-sync.md,doc,.md,3562,0f30bdaea7740d27dd8f66d7aedf48f2762920770c33c7729e46207901bd456d
HybridCPU_ISE/docs/VMXRefactoring/SuccessClosed/2026-05-29-245-control-vmread-values-explicitly-denied.md,doc,.md,4961,f647aba072ab05c1973a053ad070cfb030988d1529200000b38c96ba56b0fac2
HybridCPU_ISE/docs/VMXRefactoring/SuccessClosed/2026-05-29-246-runtime-owned-trap-completion-route-design.md,doc,.md,6475,39a7f10fef28e3361a41ebb30a728c0f7b94c39062147a0a0756c4c13484ab5c
HybridCPU_ISE/docs/VMXRefactoring/SuccessClosed/2026-05-29-247-hypercall-backend-admission-kept-denied.md,doc,.md,6740,a26570730177dc7807fdaa5bc46adf4d88fdb9e5ef19ac79becac9165f2260ff
HybridCPU_ISE/docs/VMXRefactoring/SuccessClosed/2026-05-29-248-cr3-target-count-vmread-value-projection.md,doc,.md,7599,e6f45e8f6ba4d08466706dd3b7c944e5bc3ed56ef18eb016f54f5d7b1706a977
HybridCPU_ISE/docs/VMXRefactoring/SuccessClosed/2026-05-29-249-host-cr3-explicit-denied-no-neutral-host-owner.md,doc,.md,5465,dda97ed35b0f5a4de1b9ed6d2d04608bbd98dfe6d0e289c3beb5ce0c99334cc7
HybridCPU_ISE/docs/VMXRefactoring/SuccessClosed/2026-05-29-250-execution-owned-vmread-value-projection.md,doc,.md,6446,e309fdee28e1be1d1f52d14403aec9a341fdfc3d993f34fad87faab1464349f9
HybridCPU_ISE/docs/VMXRefactoring/SuccessClosed/2026-05-29-251-host-execution-vmread-aliases-explicit-denied.md,doc,.md,6074,176ad443e9148447ee6b153b529d17e5395fdaea0d4ca8138ed8c14c0ec9982d
HybridCPU_ISE/docs/VMXRefactoring/SuccessClosed/2026-05-29-252-control-like-vmread-fields-kept-denied.md,doc,.md,5365,61ebdbcef546e68ed7f70f2fe09ea00f8d90c1b65039fe46fcde2d7add8d8b66
HybridCPU_ISE/docs/VMXRefactoring/SuccessClosed/2026-05-30-253-descriptor-readiness-policy-audit.md,doc,.md,5484,85b378bd69a6aaad1f5994d0723190cc121151173d91a1200606f60e197742c3
HybridCPU_ISE/docs/VMXRefactoring/SuccessClosed/2026-05-30-254-migration-evidence-recomputed-compatibility-fields.md,doc,.md,5628,c920ce034b3827b4a08404923cf089a30e60096a31c19a5b858dd5ad8807c8eb
HybridCPU_ISE/docs/VMXRefactoring/SuccessClosed/2026-05-30-255-execution-readonly-state-view-hardening.md,doc,.md,4446,96f2a34181038393684231362f427168d4eb3ebad97a130e9d29864f78510996
HybridCPU_ISE/docs/VMXRefactoring/ОСНОВЫ и ПРАВИЛА VMX.md,doc,.md,85893,3c5643812044513a9e302c6c6e11d55f064d3f86f169d4176c96380211fc7ba3
HybridCPU_ISE/docs/VMXRefactoring/Оценка рефакторинга VMX security-centric.md,doc,.md,11932,2abe9aa7ed732debf120c86e319912578f32c5d8a98eef9c8a4eb6d8fe9e6192
HybridCPU_ISE/HybridCPU_ISE.csproj,project,.csproj,28285,3aa6aa19a3ed13a152cfad4d2e3c6185d8c1d2785deacdc12fbc685419612e26
HybridCPU_ISE/Legacy/Obsolete/CPU_Core.StateData.Obsolete.cs,source,.cs,801,bd190572e9483099e50ac18efd87c6ee896bdf90115d9ebc13afa2dc0559cdac
HybridCPU_ISE/Legacy/Obsolete/MainMemoryAtomicMemoryUnit.Obsolete.cs,source,.cs,519,6fef7f6f4d14324e1fb38dfb948a9df9a3a4103c365d0b7204ec5924de8f4963
HybridCPU_ISE/Legacy/Obsolete/Processor.Initialization.Obsolete.cs,source,.cs,4763,0c51033b66a106ce3165de84dd1e8b03aa58bc7e3a7ec5a45ae7c16d1607444c
HybridCPU_ISE/Machine/IIseMachineStateSource.cs,source,.cs,879,c4b09bb8030768e5d3fe967ae2d03267ad7dbfeb5e9a2c1fbcb05305fe3fbbe2
HybridCPU_ISE/Machine/IseObservationService.cs,source,.cs,41778,7f65d9a69d8371b618ecefcc46410e6dda33cff880bb985f077ae4fab718cc25
HybridCPU_ISE/Machine/IseObservationService.Diagnostics.cs,source,.cs,1497,c445dd05e42e737863f28ab3d41c401d2ab1aa99f6e1db712a431cbf78f5d9b2
HybridCPU_ISE/Machine/IseObservationService.MachineState.cs,source,.cs,2451,a0bc4154307af98637cf41de778c83a8c5ae0b07a015ad87143b9c6ad3e7f5ed
HybridCPU_ISE/Machine/MachineStateSourceProvenance.cs,source,.cs,181,d036f610b66b54e59281942b88ee44e5c84a71bfd6ef07ae87b85a020d86df29
HybridCPU_ISE/Machine/NullMachineStateSource.cs,source,.cs,2801,1930701fe14fe02e555e6fee16826dddbf17ec6fb1cc4e3b52db04643e7e4a14
HybridCPU_ISE/NonRTL/Arch/Compat/VLIW_Bundle.cs,source,.cs,3943,8cb863d76d49d8b40125cbf359b7e8f64842e6e96f354761cbcea416cb16592f
HybridCPU_ISE/NonRTL/Arch/Compat/VLIW_Instruction.CompatIngress.cs,source,.cs,1907,263401948bb1c37303157fd0bb15c201627745c0de1a6de152b175223423fc6d
HybridCPU_ISE/NonRTL/Arch/Compat/VLIW_Instruction.Flags.cs,source,.cs,3226,e4aa10d3a79bb9dbda1d9543b79e1da00f5896db9a353e2b12cf2a0141fe4907
HybridCPU_ISE/NonRTL/Arch/Compat/VLIW_Instruction.Layout.cs,source,.cs,7444,f1a2aab26e1360ee6192de3405c130dd5a19aa3d7c4f4f55769bbdc6b295dc2c
HybridCPU_ISE/NonRTL/Arch/Compat/VLIW_Instruction.RegisterPacking.cs,source,.cs,5435,1889201dd043e9a180d27485fe607cfef626a5862ffab5e5ce2aa4416f55a320
HybridCPU_ISE/NonRTL/Arch/Compat/VLIW_Instruction.Serialization.cs,source,.cs,2631,b404343564b562131bf994aa680bbd8c823cda64bfde689d4cbe8afee5b9286d
HybridCPU_ISE/NonRTL/Arch/InstructionClass.cs,source,.cs,1168,13bdb7df96724e6cf109d24a97f4041e8e9ff5479dc9ed6bc124d520d9048b70
HybridCPU_ISE/NonRTL/Arch/InstructionClassifier.cs,source,.cs,31641,ad3036f51d41b28cacc020e15d8561e14ff947e6e03e711b65999aa8c9d3d83e
HybridCPU_ISE/NonRTL/Arch/InstructionEncoder.cs,source,.cs,29222,c0df967cebd2e4da5b1ff8e0fca94170a64f7d510fa229eee9f2dd2d3881161b
HybridCPU_ISE/NonRTL/Arch/InstructionSupportStatus.cs,source,.cs,58750,6fe9131976cb62814292a2849cb24afb61a02fec7dc08cc54f47f0e80e7096f5
HybridCPU_ISE/NonRTL/Arch/InvalidOpcodeException.cs,source,.cs,2432,5f85d660c1a435d7f04945dd26e4a39d21351258445027cd78ce3ddde638fbe0
HybridCPU_ISE/NonRTL/Arch/IsaV4Surface.cs,source,.cs,19886,2965bc660b0730032927c987f76279d9d707de6d323b2ee9391f9789b0605ccf
HybridCPU_ISE/NonRTL/Arch/MetadataSchemaVersion.cs,source,.cs,568,0012017025df260683de136b32b1568e01efa3b84e6b138f60cadbe14c5ce859
HybridCPU_ISE/NonRTL/Arch/OpcodeInfo.Registry.Data.cs,source,.cs,405,5ee46178e7dfa323a8eaa37aad27546a0e91dc2e3dc4ad8983518bc9a5842bd4
HybridCPU_ISE/NonRTL/Arch/OpcodeInfo.Registry.Data.MemoryControl.cs,source,.cs,5026,a498180f2a6e3573daae33cdd9e60e085c270524e28d4818981d29e36bd3c845
HybridCPU_ISE/NonRTL/Arch/OpcodeInfo.Registry.Data.Scalar.cs,source,.cs,27656,a0ab2a3fe12260d3e60e0a370abaacf75da02993a95fc1f75d88cf31e81ca2b0
HybridCPU_ISE/NonRTL/Arch/OpcodeInfo.Registry.Data.System.cs,source,.cs,15244,2948093592963669e1b7d5781b81d6b453c6737e57479070565b4bd41cb73045
HybridCPU_ISE/NonRTL/Arch/OpcodeInfo.Registry.Data.Vector.cs,source,.cs,20704,8874af29ab014793cea7378577a92a2e11736fe3c19fc358a210fd0de2cc27f9
HybridCPU_ISE/NonRTL/Arch/OpcodeInfo.Registry.Helpers.cs,source,.cs,16623,c08371c5c32ef3df24eb3f75b6f68a615c462c5d6ca93d1c509089668e7b0c72
HybridCPU_ISE/NonRTL/Arch/OpcodeInfo.Types.cs,source,.cs,7751,412e1a5229f5cf0faae3a23f12e0dc127efe610bb6a64a4c48d909963c547b4d
HybridCPU_ISE/NonRTL/Arch/SerializationClass.cs,source,.cs,1870,2e562d5c04b5a23556d1f18ff366fcc08f17d650b6b0a7d51f1266f2af48f6da
HybridCPU_ISE/NonRTL/Arch/VectorLegalityMatrix.cs,source,.cs,21361,56811372df9ba3f675750ca65d44cf9b8ac1d458dc1e2354006afab186797c17
HybridCPU_ISE/NonRTL/Arch/VmxSpecTable.cs,source,.cs,13259,9e9b13ccadcfdadb740c7ffec4d641b343b0d2a78083a33a0b29b90b40d0d7d2
HybridCPU_ISE/NonRTL/Core/Contracts/CompilerContract.cs,source,.cs,7781,4e935a782913b2cc96cc3b5d48138f6c7fd4711eb019ac51519fc18234c5e38f
HybridCPU_ISE/NonRTL/Core/Contracts/CompilerTransport/InstructionSlotMetadata.cs,source,.cs,1417,085160683413df6c8d94b8f9414a2798a6037bfca31ec0597393192327cb2a95
HybridCPU_ISE/NonRTL/Core/Contracts/CompilerTransport/VliwBundleAnnotations.cs,source,.cs,2369,1d1e597dd2c1aa72c09e68aff68adff910cbb5b582102787a556fc460af1cd0e
HybridCPU_ISE/NonRTL/Core/ControlFlow/ControlFlowContractExceptions.cs,source,.cs,4959,49a7dbda91135bb9a14c09917864730eacb5dc760e366f86673ec9f4611f08f8
HybridCPU_ISE/NonRTL/Core/ControlFlow/EntryPointRelocationLinker.cs,source,.cs,4032,3c38fef344c0e6e622c2ccf688e5aa962308f4a23fdbf56dfd661a0415a7fbfa
HybridCPU_ISE/NonRTL/Core/ControlFlow/RelocationEntry.cs,source,.cs,1952,f77583e27b4f13abe49c403381431305511078e3bdc27d0cf3abc568237b2e10
HybridCPU_ISE/NonRTL/Core/Decoder/ClusterIssuePreparation.cs,source,.cs,15610,ac120c623ad46b91ce5d90b083ad807090b89493c005b3e6212e75911bf42008
HybridCPU_ISE/NonRTL/Core/Decoder/DecodedBundleDescriptor.cs,source,.cs,84811,4fa96f0fc24bfa3b62ac4a44a83d471a28bd91bd6a3ba413838b2b7ed17d0c61
HybridCPU_ISE/NonRTL/Core/Decoder/DecodedBundleTransportProjector.cs,source,.cs,28691,af796b6b42259c900183e3431c1387dd5c99db525a0ebc26c5e023a87ac89a3d
HybridCPU_ISE/NonRTL/Core/Decoder/DecodedInstruction.cs,source,.cs,2798,ad5536f93232215220efc38539c61cce75046bd46b629ae3e1761eea5077dd45
HybridCPU_ISE/NonRTL/Core/Decoder/DecodedInstructionBundle.cs,source,.cs,4389,f63e941eac55f0d73fc8149ee8bb84cbdca3338d9fde084ef858fbae3cba17f1
HybridCPU_ISE/NonRTL/Core/Decoder/DecoderFeatureFlags.cs,source,.cs,575,af0757ede4f4045e5654e674febc753871ef29bb01a89213a132c7036b63902f
HybridCPU_ISE/NonRTL/Core/Decoder/DecoderFrontendOccupiedInstructionProjection.cs,source,.cs,1521,c414b1be2b4c0a2f848681b979a13a363ffa79f34c95ba17d82fac9bf2fe0a15
HybridCPU_ISE/NonRTL/Core/Decoder/IDecoderFrontend.cs,source,.cs,4633,baaae20502e93a7274c07b84aeb1dd7312236f51ea814d294f0268efe0bb30d7
HybridCPU_ISE/NonRTL/Core/Diagnostics/DecodeProjectionFaultException.cs,source,.cs,673,0a375f71060f2a5128c253ad4987e501e89b4fd756f4a7acf58e31cdc8efb2ee
HybridCPU_ISE/NonRTL/Core/Diagnostics/DifferentialTraceCapture.cs,source,.cs,5866,6a5c48d0bafa3eb0c613b00da641fbe229c854970edfa394ab0f20dacf0beff5
HybridCPU_ISE/NonRTL/Core/Diagnostics/DifferentialTraceCompare.cs,source,.cs,7864,a66aac7ce424122f48b9a99412df6b0252c0363bddbb2b465aa1306e316aa5b8
HybridCPU_ISE/NonRTL/Core/Diagnostics/DomainIsolationContract.cs,source,.cs,981,d4390a83d907a721f08650ec1fb2b075e39043b2292e9cd97ff8d09c8eb69c3e
HybridCPU_ISE/NonRTL/Core/Diagnostics/InstructionCoverage.cs,source,.cs,7559,19374d3265b6b1ba82af35e98062a814f0997f8bc69c0fa0940d77a3ae0534c2
HybridCPU_ISE/NonRTL/Core/Diagnostics/InstructionRegistry.Accelerators.cs,source,.cs,4108,738b66ba07437813dc010c3197cd0d780e09ba52fcc959e329da56998bec445f
HybridCPU_ISE/NonRTL/Core/Diagnostics/InstructionRegistry.cs,source,.cs,2101,1034e9c9fc6a67a35d660d8a4882c2d54bdb36512556a0f07f845f81432975c0
HybridCPU_ISE/NonRTL/Core/Diagnostics/InstructionRegistry.Helpers.Core.cs,source,.cs,50919,206ae713882a8f7cabd8871aa10b485cefd20905d3858b0eb772a5700e67a326
HybridCPU_ISE/NonRTL/Core/Diagnostics/InstructionRegistry.Helpers.cs,source,.cs,183,20aa543953e69e604fda4e6081786522a2e0a6eade0d7a2167bceca959dc577a
HybridCPU_ISE/NonRTL/Core/Diagnostics/InstructionRegistry.Helpers.Csr.cs,source,.cs,14811,1b195602596485bbb857fc95c9c0e66f052d74c33950b62322b509bd301c865d
HybridCPU_ISE/NonRTL/Core/Diagnostics/InstructionRegistry.Helpers.MatrixTile.cs,source,.cs,6730,8d2e957feafdcb863f57d08900860e73e930b00dc2d257bcfddab8508318cad0
HybridCPU_ISE/NonRTL/Core/Diagnostics/InstructionRegistry.Helpers.Vector.cs,source,.cs,58993,dd8b3a690e94ffddefc3cb68f93b9d100534a9552fc99728ba1ba9908d79ef89
HybridCPU_ISE/NonRTL/Core/Diagnostics/InstructionRegistry.Initialize.Base.cs,source,.cs,25240,717e68e8d04da21f42f8d98fe315dfd3a17f7147208562b151f8a4a626bb0ed3
HybridCPU_ISE/NonRTL/Core/Diagnostics/InstructionRegistry.Initialize.cs,source,.cs,516,e66a3f1d6c08c9af8ca2a7e18a5e44c1db68cdd96bd814a4fcdf2f745bdcc07f
HybridCPU_ISE/NonRTL/Core/Diagnostics/InstructionRegistry.Initialize.Scalar.cs,source,.cs,12653,88030c64630c2e543d0cac85e65684453ddc58d54328e1e2e6627c0dc66c2b76
HybridCPU_ISE/NonRTL/Core/Diagnostics/InstructionRegistry.Initialize.Vector.cs,source,.cs,7189,f73a0e63dce6b5c0731ff8b5f1f900cc9653d543fd15a239d8439943b4b0bf21
HybridCPU_ISE/NonRTL/Core/Diagnostics/InstructionRegistry.Runtime.cs,source,.cs,4757,7a54ba8fe0c2552bc0d582ca4b38a4688f040bdc359ce1a62392ef8026618d03
HybridCPU_ISE/NonRTL/Core/Diagnostics/InstructionRegistry.Safety.cs,source,.cs,12132,9ed8700f1ca7224af26d413e984a17722d06b9122ffb79b9766bdf75e6c78a94
HybridCPU_ISE/NonRTL/Core/Diagnostics/InstructionRegistry.Types.cs,source,.cs,8263,2e24d6f46a0fda9e54a1e862e49fa83f825848d7a86e5a2386a7c7cbd1c7a180
HybridCPU_ISE/NonRTL/Core/Diagnostics/InvariantChecks.cs,source,.cs,7920,a311dfff64a2bf8ac9669b81c3c5c51ec475bc738c6840249319874657168656
HybridCPU_ISE/NonRTL/Core/Diagnostics/IV4TraceEventSink.cs,source,.cs,1866,a5c882535b468ddc5b98b2cedabe542019d1e1647e70a73f22d307f62ebaeecf
HybridCPU_ISE/NonRTL/Core/Diagnostics/LoopPhaseClassProfile.cs,source,.cs,1467,5fe5988d73b65067baa35ef3aa9ba8be54e751d689a96bb18b525c6c23cd794d
HybridCPU_ISE/NonRTL/Core/Diagnostics/ReplayAnchorEvaluator.cs,source,.cs,3918,145688afe9141bee63d1b14abab564d6f4520860c72f0b7744caa4a935bb3b57
HybridCPU_ISE/NonRTL/Core/Diagnostics/ReplayEngine.Analysis.cs,source,.cs,53534,2ad9c628f64d981064f82db71a37bcda88aec4fbb35f640715af2dfb05252d47
HybridCPU_ISE/NonRTL/Core/Diagnostics/ReplayEngine.Counterexamples.cs,source,.cs,8821,b4c52d01ea62d73c451455631b3bf8188d6fdb81bf2929fcd54c78febe4d115a
HybridCPU_ISE/NonRTL/Core/Diagnostics/ReplayEngine.cs,source,.cs,29773,2a1e4a29e1f412f734368783d217b98b0701e4153cc3491445d761fc5a91ae5e
HybridCPU_ISE/NonRTL/Core/Diagnostics/ReplayEngine.Types.cs,source,.cs,17259,903c86ea6ebdea3c4bdace3b6103d173c1706291aa39e2e3368a9e5b0468c7ba
HybridCPU_ISE/NonRTL/Core/Diagnostics/ReplaySnapshot.cs,source,.cs,3739,eb3f269d19cbbff3f820c4708bd6056608d66c80107e3297d1a8f872ce9991bb
HybridCPU_ISE/NonRTL/Core/Diagnostics/ReplayValidator.cs,source,.cs,8474,a45ee2252ebe24e459fc95f6a2d67fd08c358ffabadb03f26905a70c07e62133
HybridCPU_ISE/NonRTL/Core/Diagnostics/TelemetryCounters.cs,source,.cs,13231,579d7fdc84ed24489da56124acb038ef1432b118140879e8a7f412b85f4bfbdc
HybridCPU_ISE/NonRTL/Core/Diagnostics/TelemetryExporter.cs,source,.cs,21696,2708c47b2feed993840f9719655dab09823611c43111964d170c9280c2805275
HybridCPU_ISE/NonRTL/Core/Diagnostics/TraceEventKind.cs,source,.cs,7248,119902ea8ae3c37b33bc2a100e990b826fd3c64f5bbfac20b237ccf3174c614b
HybridCPU_ISE/NonRTL/Core/Diagnostics/TraceSink.cs,source,.cs,40015,75217258aa0b76cc628c345dd359f7c0670eff9d3385ad98177d6d6a0277587a
HybridCPU_ISE/NonRTL/Core/Diagnostics/TypedSlotTelemetryProfile.cs,source,.cs,12879,3a25cd78aa1f80d1dc2dfe03482618edd6e58df31856440bcde968588cf3a7e0
HybridCPU_ISE/NonRTL/Core/Diagnostics/V4TraceEvent.cs,source,.cs,3428,1a5484fb1305480190d4b39586cf312ca1cdb4de86a3d485d6236f3a0f13caf2
HybridCPU_ISE/NonRTL/Core/Execution/Addressing/AddressingBackendResolver.cs,source,.cs,26086,19018563a474d558a32c5ea599b7afb6f33085257cc4a63cc17d2de57914d867
HybridCPU_ISE/NonRTL/Core/Execution/BurstIO/AcceleratorRuntimeFailClosed.cs,source,.cs,986,615f5ba4bb3c64314d831cf5c18dfd88f87cb147a60a0074a0ff3093f75eaf28
HybridCPU_ISE/NonRTL/Core/Execution/BurstIO/IBurstBackend.cs,source,.cs,3474,629e82839a8d089aabb3bd9a62f8798a5fa6d04e42f3ac32fef1d69d17f6ac66
HybridCPU_ISE/NonRTL/Core/Execution/BurstIO/IOMMUBurstBackend.cs,source,.cs,2232,0118146c7649dd3b3f885b58d5a701a6ad0b0e3d8d9c7f084ce878fee3e63889
HybridCPU_ISE/NonRTL/Core/Execution/BurstIO/PhysicalMainMemoryBurstBackend.cs,source,.cs,2908,56cdd285ac1924928a6e7eb1ad72474b860cf4d233b8f1fc51530720c8fbdde3
HybridCPU_ISE/NonRTL/Core/Execution/DmaStreamCompute/DmaStreamAcceleratorBackend.cs,source,.cs,6002,d2ee6ee1d858efd6c80fce1d14a660750a00a87de41e74c90e0afa839d829b4b
HybridCPU_ISE/NonRTL/Core/Execution/DmaStreamCompute/DmaStreamComputeCapabilityQuery.cs,source,.cs,5147,00b843d9d354bbca5215503a1ce68d7f877e1035c4571e6f2939090fe15b555f
HybridCPU_ISE/NonRTL/Core/Execution/DmaStreamCompute/DmaStreamComputeDescriptor.cs,source,.cs,9981,95dc8a0dd0eae151ba72ab902b3906106ab2bb7b39a34e143646387934f21f43
HybridCPU_ISE/NonRTL/Core/Execution/DmaStreamCompute/DmaStreamComputeDescriptorParser.cs,source,.cs,32904,c29ccbf89258b19b9da4ec2ed1d20248bcbf798871a44ffb4266d09a94bf1b78
HybridCPU_ISE/NonRTL/Core/Execution/DmaStreamCompute/DmaStreamComputeDescriptorParser.Dsc2.cs,source,.cs,82427,cbbec927f504396a662f5aa222f1e68fb9fcfdab9eb4903c1800ee2c0f3c5ea0
HybridCPU_ISE/NonRTL/Core/Execution/DmaStreamCompute/DmaStreamComputeReplayEvidence.cs,source,.cs,37436,2b4f586189605d1bdbebec14ecbcab1e001e9eb0b64d9e09d8d9666b55be52ff
HybridCPU_ISE/NonRTL/Core/Execution/DmaStreamCompute/DmaStreamComputeRetirePublication.cs,source,.cs,15154,504a0b3aee7fd850a208766b173523cdf3174cf0b1c82f5f036eb5e364d63c1b
HybridCPU_ISE/NonRTL/Core/Execution/DmaStreamCompute/DmaStreamComputeRuntime.cs,source,.cs,30121,eeedbe9668c2db38ba3e92e630cfc1ae2a55f03db46c74334b496850b62a085c
HybridCPU_ISE/NonRTL/Core/Execution/DmaStreamCompute/DmaStreamComputeTelemetry.cs,source,.cs,25188,56d9645859a27b07433e594424d20df84810e41784c280c5e2b515ad7b792596
HybridCPU_ISE/NonRTL/Core/Execution/DmaStreamCompute/DmaStreamComputeToken.cs,source,.cs,41677,33490be4714bf99138bde369bbdcc94c5093c265a84cc1a3369301f10ee4a2a4
HybridCPU_ISE/NonRTL/Core/Execution/DmaStreamCompute/DmaStreamComputeTokenStore.cs,source,.cs,32741,2f7c22766d5888de2193012d1981590f80cd9334e5fc439d68ef196fd452256a
HybridCPU_ISE/NonRTL/Core/Execution/DmaStreamCompute/DmaStreamComputeValidationResult.cs,source,.cs,2804,86c45e0373dd22a90230d52428ec1f0dd21fc6286ed184d0f2a8156cbf61db72
HybridCPU_ISE/NonRTL/Core/Execution/DmaStreamCompute/VmxDmaDescriptorValidator.cs,source,.cs,13627,0657d3cfdec1632006ff2c8ab20ca909d092e2d69232ce722bb1a2e27f53ef6a
HybridCPU_ISE/NonRTL/Core/Execution/ExecutionDispatcherV4.Trace.cs,source,.cs,17242,37a7443c6bb32a47de709e2d8cce749123bc11e0baa99aac9ce2dc4301db60f5
HybridCPU_ISE/NonRTL/Core/Execution/ExecutionFaultContract.cs,source,.cs,5917,4ebcc6d64e4ffda35500ab2403a9eb21a8b8516e16da89c1710164fc0ed86b27
HybridCPU_ISE/NonRTL/Core/Execution/ExternalAccelerators/Auth/AcceleratorOwnerDomainGuard.cs,source,.cs,22494,370d1e8db310057e9df489b44b00e48ef5582866e0f52d9f048b0cc2f58eed25
HybridCPU_ISE/NonRTL/Core/Execution/ExternalAccelerators/Backends/ExternalAcceleratorBackends.cs,source,.cs,31617,70d3e91dca22220af282c8b0c3e55b74178a898869b6123b41c5cc950e918bca
HybridCPU_ISE/NonRTL/Core/Execution/ExternalAccelerators/Backends/FakeMatMulExternalAcceleratorBackend.cs,source,.cs,18197,993c703ff4f95fb8d5702a13cf2ed907245bd619df05677e43bbaa126c25df95
HybridCPU_ISE/NonRTL/Core/Execution/ExternalAccelerators/Backends/ReferenceExternalAcceleratorBackend.cs,source,.cs,10050,72dd959fed425b854316607faa4ee173b619bbbd49403dacbd947c67b1510ff3
HybridCPU_ISE/NonRTL/Core/Execution/ExternalAccelerators/Capabilities/AcceleratorCapabilityDescriptor.cs,source,.cs,4549,0bf83dae647ed4d3c9206108810861175b21df58c609efc07f091c30d16f48fd
HybridCPU_ISE/NonRTL/Core/Execution/ExternalAccelerators/Capabilities/AcceleratorCapabilityRegistry.cs,source,.cs,12194,d6860dfa5b6cd421d106c3f4e75cd99960dae57f94d91218dd81326c6d587a3d
HybridCPU_ISE/NonRTL/Core/Execution/ExternalAccelerators/Capabilities/AcceleratorOperationCapability.cs,source,.cs,1606,e759e0ff802c13b829e58c4d77ff49cd17a317ae4387d6962e0a71ca8a0ca82b
HybridCPU_ISE/NonRTL/Core/Execution/ExternalAccelerators/Capabilities/AcceleratorResourceModel.cs,source,.cs,1142,9b839d93759183925e4c33192a1f958448edc49deca0f8f5350d73278cbbca23
HybridCPU_ISE/NonRTL/Core/Execution/ExternalAccelerators/Capabilities/AcceleratorShapeCapability.cs,source,.cs,1696,a1bb1c394e0c627f1aa9ff288b9bf93b357693b52cdbbc490f4c53d4a3d3574e
HybridCPU_ISE/NonRTL/Core/Execution/ExternalAccelerators/Capabilities/CryptoHashMetadataCapabilityProvider.cs,source,.cs,1519,b2b45a1c04a6376522701c29a13e448c7feda50331e7075ad3ef7baba3ff4f32
HybridCPU_ISE/NonRTL/Core/Execution/ExternalAccelerators/Capabilities/FftMetadataCapabilityProvider.cs,source,.cs,1470,2226e43ab507baa8ad233c5e32ec56b014e3b82c12ccdf8fedfc90aa1db6539f
HybridCPU_ISE/NonRTL/Core/Execution/ExternalAccelerators/Capabilities/IAcceleratorCapabilityProvider.cs,source,.cs,325,76db7e77cac82b4a0107110baec33036a82f8aac5c8dea9844c9a4ecb1f4d993
HybridCPU_ISE/NonRTL/Core/Execution/ExternalAccelerators/Capabilities/MatMulCapabilityProvider.cs,source,.cs,1715,78cbd508dbff9e74eff5ca164762c0fc0d37ac865c7706f17c9c746820e813e5
HybridCPU_ISE/NonRTL/Core/Execution/ExternalAccelerators/Capabilities/MatMulResourceModel.cs,source,.cs,3406,8fea08ca5836dc59c2ae387ea013b33babcbf53fdf137258ffa1042d77826f80
HybridCPU_ISE/NonRTL/Core/Execution/ExternalAccelerators/Capabilities/SparseGraphMetadataCapabilityProvider.cs,source,.cs,1523,f6b65556b51f6020c88957f66a768eb84301b4b26b9e4c457ea378f3e5dcdfc7
HybridCPU_ISE/NonRTL/Core/Execution/ExternalAccelerators/Capabilities/TensorMetadataCapabilityProvider.cs,source,.cs,1499,6819c358edec8be67566f3fcb6f83f0a479f8bfd73d79dd51e3bdd05c15c14a9
HybridCPU_ISE/NonRTL/Core/Execution/ExternalAccelerators/Capabilities/TopologyQueueMetadataCapabilityProvider.cs,source,.cs,1528,8729f0538f1a79ae6ae3e06824e9016f57c420d87ed7d68ba511306ea346705d
HybridCPU_ISE/NonRTL/Core/Execution/ExternalAccelerators/Commit/AcceleratorCommitModel.cs,source,.cs,57129,97c9eb91d93370465b49334de8ded6286c010eadef7ec255b0daf675009f67b0
HybridCPU_ISE/NonRTL/Core/Execution/ExternalAccelerators/Conflicts/ExternalAcceleratorConflictManager.cs,source,.cs,49982,70ccf41a739fd016fef2fe9bfdba846b0469a71a080f72b84dc6629dbe905568
HybridCPU_ISE/NonRTL/Core/Execution/ExternalAccelerators/Descriptors/AcceleratorCommandDescriptor.cs,source,.cs,12940,40d64633412202c0f078f0392e037032fbe8c5680f3f2492186c47ec8cc9c058
HybridCPU_ISE/NonRTL/Core/Execution/ExternalAccelerators/Descriptors/AcceleratorDescriptorParser.cs,source,.cs,48305,4043cd376687a215dff98bb629beb64fce0e4b8fb3717abc9fba8367192f3d3a
HybridCPU_ISE/NonRTL/Core/Execution/ExternalAccelerators/Descriptors/AcceleratorDescriptorTaxonomyCatalog.cs,source,.cs,7479,58a9c038e18a0402c2fcdad4fcacdf5f3f03b4dd5e35d4e81fc0f209d4513f95
HybridCPU_ISE/NonRTL/Core/Execution/ExternalAccelerators/Descriptors/MatMulDescriptor.cs,source,.cs,19222,ece6f5e9e28b5f890936b0a25c0b12dd5aa4eb03bfd2c7ad28b6e0a2c8a964d7
HybridCPU_ISE/NonRTL/Core/Execution/ExternalAccelerators/ExternalAcceleratorFeatureSwitch.cs,source,.cs,1095,c44b19bda96a5bf801a49a691926f7d7df7d0bb975ca1f0aa897b8b48db527ef
HybridCPU_ISE/NonRTL/Core/Execution/ExternalAccelerators/ExternalAcceleratorRuntime.cs,source,.cs,12195,e98e2957c1fce06bf5c8fe08758dee602b5ef8bb8ba17ecfc5b355b24c75fc4b
HybridCPU_ISE/NonRTL/Core/Execution/ExternalAccelerators/Fences/AcceleratorFenceModel.cs,source,.cs,18134,cf300ff3df54d5aec678e81d4418b61e6da70beafe7f031c02d32c90f0bf5480
HybridCPU_ISE/NonRTL/Core/Execution/ExternalAccelerators/Fences/AcceleratorLane7PressureModel.cs,source,.cs,4884,16e9db64be073ae32cc46e923c0cc46461ec52c3212a5732c76891c238e50d4c
HybridCPU_ISE/NonRTL/Core/Execution/ExternalAccelerators/Memory/AcceleratorMemoryModel.cs,source,.cs,18548,3642a1f671d6194091df9a601ace9c5351c433d20d48acebbdb824c20676db55
HybridCPU_ISE/NonRTL/Core/Execution/ExternalAccelerators/Queues/AcceleratorCommandQueue.cs,source,.cs,18187,861c12625eab28017cc5e67c025b8b4b5112880dfa39f934532d4fa1ad572e5c
HybridCPU_ISE/NonRTL/Core/Execution/ExternalAccelerators/Telemetry/AcceleratorTelemetry.cs,source,.cs,23508,758d3c7681dd455e9403c33d784faf1e05b40bac8b9dc72d27b7446e19944cf9
HybridCPU_ISE/NonRTL/Core/Execution/ExternalAccelerators/Tokens/AcceleratorExceptionPublication.cs,source,.cs,9150,776ab59cdb1cde4752f2076fb75869e0945aca0470a35ee83772dc6ec4ad524d
HybridCPU_ISE/NonRTL/Core/Execution/ExternalAccelerators/Tokens/AcceleratorObservationControlPolicies.cs,source,.cs,1488,9210f68f74a7ba997ef6e4a6c108eb2becdb1cfb3844183bf28e266bdcf8c669
HybridCPU_ISE/NonRTL/Core/Execution/ExternalAccelerators/Tokens/AcceleratorRegisterAbi.cs,source,.cs,5047,57f01693d80de5b8bfb2105181019f095ed4e505d744c3d69af72a25e8ea55b0
HybridCPU_ISE/NonRTL/Core/Execution/ExternalAccelerators/Tokens/AcceleratorToken.cs,source,.cs,14452,940664eaaf97cbf85d9bb4b37f756396ed0e8a480b181b3fe814323a2e5b28db
HybridCPU_ISE/NonRTL/Core/Execution/ExternalAccelerators/Tokens/AcceleratorTokenHandle.cs,source,.cs,691,b561e935bbe6a9753d7785e8da80bb4c38ed57a357c7a274848761d2c097d568
HybridCPU_ISE/NonRTL/Core/Execution/ExternalAccelerators/Tokens/AcceleratorTokenResults.cs,source,.cs,9005,275bac640795dc6bf89d13cdfb89e6fbde8f6d9672566903d8765317f2990680
HybridCPU_ISE/NonRTL/Core/Execution/ExternalAccelerators/Tokens/AcceleratorTokenStatusWord.cs,source,.cs,4491,b38cd094c0a9eec991a355910ded65b9528d7a267bb82df6f9434739a791f575
HybridCPU_ISE/NonRTL/Core/Execution/ExternalAccelerators/Tokens/AcceleratorTokenStore.cs,source,.cs,23499,a12991b18f9ba41df9d0a48b634b4baaf5e6aedad3b6c60f85bb21904a46c665
HybridCPU_ISE/NonRTL/Core/Execution/IExecutionUnit.cs,source,.cs,1873,b0df10f3e23ec7a6b4177b55d09dae6d397b62f3aa7fd7a30ef0426446c87dd5
HybridCPU_ISE/NonRTL/Core/Execution/InvalidInternalOpException.cs,source,.cs,2352,3091e8ff73bfcfd19c347e4d3f6476120597afb71f29d3dddf8cc537b5bdd4be
HybridCPU_ISE/NonRTL/Core/Execution/StreamEngine/StreamDescriptors.cs,source,.cs,3621,472c6f28739a4da9ee408679cbc01c1673debee3895146ba7daeb61b8ad6eafa
HybridCPU_ISE/NonRTL/Core/Execution/StreamEngine/StreamExecutionRequest.cs,source,.cs,5277,c8a5b29e4dea4f9b056c6e66903e907919cfa9016cb00c8641aada170d352dc4
HybridCPU_ISE/NonRTL/Core/Execution/Validation/ReferenceModel.cs,source,.cs,13436,98d433cd4f126e9ff071e9bdad4c9629e381b5b07abd4f8375ab9df373e3436b
HybridCPU_ISE/NonRTL/Core/Legality/BundleLegalityAnalyzer.cs,source,.cs,33727,50bd0a4b928ba263a7d969a30563455f27b4dd7a04e023985641f93d04441fc6
HybridCPU_ISE/NonRTL/Core/Legality/BundleLegalityDescriptor.cs,source,.cs,6821,ee67cbf59fe79f290e3db414a982178269cbccedc8079b457ebcd80895cbf1d7
HybridCPU_ISE/NonRTL/Core/Legality/ClusterIssueIntent.cs,source,.cs,12692,ccd3a7fb9499f35a7f9ab8128dc88d5e49915c5666fbdf4d81bd777320fcd5f0
HybridCPU_ISE/NonRTL/Core/Legality/DecodedSlotLegality.cs,source,.cs,3955,ef3e972bbf95e6bb22df408ef63786bd8be6880a0d83ea11d993ea17262798fd
HybridCPU_ISE/NonRTL/Core/Legality/IHazardState.cs,source,.cs,2002,2a4c8a32cc34b6b35b699aaccc941cb7a90a342682a913ef1ced142b9c78196f
HybridCPU_ISE/NonRTL/Core/Legality/ILegalityChecker.cs,source,.cs,3259,c96c1beb74e34c35c30985d95156f0b11c494fbd49ab539357dc8d2977744508
HybridCPU_ISE/NonRTL/Core/Legality/IResourceState.cs,source,.cs,1518,37e46b9d8feb294eb98e4090669d6326ef9daea7c3d9debe40e84cab8e777299
HybridCPU_ISE/NonRTL/Core/Legality/LegalityChecker.cs,source,.cs,2286,4aae05d3648cc3869ccebf145edef25d459e659eabb473cc34b668a52c7d3608
HybridCPU_ISE/NonRTL/Core/MainMemoryBindingUnavailableException.cs,source,.cs,1098,5567e9982fa1a37f82ab012950b1a464d15e04a29cc0103b383ac3203013a715
HybridCPU_ISE/NonRTL/Core/Memory/IAtomicMemoryUnit.cs,source,.cs,5279,6baec6a66b22aa956172460c2e0cc784c898a39825d98cd43331960e9e7e939e
HybridCPU_ISE/NonRTL/Core/Memory/IHardwareOccupancyInput.cs,source,.cs,12055,fbf74223e62df20d1c74963925e063d25b00080deb5a3ffba15c2a008acc8e7d
HybridCPU_ISE/NonRTL/Core/Memory/MemoryCoherencyObserver.cs,source,.cs,12389,4b4e2cb9542d0b0e35d8d0e14f7b19563a233418605623d6cf5f6f47d59ac216
HybridCPU_ISE/NonRTL/Core/Pipeline/AbstractBundle.cs,source,.cs,4106,b4694282673422935d7e9c7cb21f7c1904e9e36d3b04ab27d9ec96d14b549718
HybridCPU_ISE/NonRTL/Core/Pipeline/Certificates/ArchLegalityMask.cs,source,.cs,3299,e12147f3cca72f5f41946773f91dba2377b1d210ddcc15279a2b9551a4664971
HybridCPU_ISE/NonRTL/Core/Pipeline/Certificates/BundleCertificate.cs,source,.cs,4499,f1a64cf31c6ac24b3f53f3996c38930b6a1afc6ff5817de9d850c001f5ecdc1f
HybridCPU_ISE/NonRTL/Core/Pipeline/Certificates/BundleResourceCertificate.cs,source,.cs,20443,9cd5efb194c39c23ecd3c282649e9f694910ea57e2261f3cf0c476c0a2ea3239
HybridCPU_ISE/NonRTL/Core/Pipeline/Certificates/BundleResourceCertificate4Way.cs,source,.cs,23836,94b9e42d728fe79d6b39ba05578e1fa85758238da3c940965d40089d271f261d
HybridCPU_ISE/NonRTL/Core/Pipeline/Certificates/ReplayPhaseSubstrate.cs,source,.cs,19419,e5dabe3160f368f6539e804800640c3629cc789e5e3218987ca6fc979832ee1e
HybridCPU_ISE/NonRTL/Core/Pipeline/Certificates/ReplayPhaseSubstrate.Implementations.cs,source,.cs,41788,fe40b3a88710356c93f051ff6c5b40b082edef539be8f9c1a22f52da71426402
HybridCPU_ISE/NonRTL/Core/Pipeline/Certificates/ReplayPhaseSubstrate.Interfaces.cs,source,.cs,9247,7065830e9781950f0f48955b88b2667ee8f62dfd4edeb171dfda2aaf80e4bdc7
HybridCPU_ISE/NonRTL/Core/Pipeline/Certificates/SafetyMask128.cs,source,.cs,5929,5cc1cabae6b20e4e1abbed9fbb6a67783216657ff0bf7e5430eb9f79a2018919
HybridCPU_ISE/NonRTL/Core/Pipeline/Core/CPU_Core.Pipeline.Helpers.PipelineContourCertificates.cs,source,.cs,3532,7be8c97e5584cdcd2d4945b2f82ec11fcae74d1c280249c9706738c5512a2425
HybridCPU_ISE/NonRTL/Core/Pipeline/Core/CPU_Core.Pipeline.Helpers.PipelineObservation.cs,source,.cs,9123,ced3aadd6ceb32582bd7e7613a6710885ea1fa316e32d0a524cc1343f47dfee9
HybridCPU_ISE/NonRTL/Core/Pipeline/Core/CPU_Core.PipelineExecution.SurfaceContract.cs,source,.cs,5638,6b5ec0dc98d32d0342b56229d987c0a744ef57f4a6178786af15290e703ac66c
HybridCPU_ISE/NonRTL/Core/Pipeline/Core/CPU_Core.PipelineExecution.Trace.cs,source,.cs,15287,88c5e931905ea31a7ccbbd73f87386565961fe976efeca537c61d7d3bc4d2919
HybridCPU_ISE/NonRTL/Core/Pipeline/Core/CPU_Core.TestSupport.cs,source,.cs,87821,77a12254325a6e1baa9f6f48b74e1cf59d9245eec81890d355f79e1e520556ed
HybridCPU_ISE/NonRTL/Core/Pipeline/Core/PipelineContourCertificate.cs,source,.cs,3528,b08b274741a0c20a08f889660d32fd5b803874e046e8aa03f2fa4984e72b399f
HybridCPU_ISE/NonRTL/Core/Pipeline/Core/RuntimeClusterAdmissionPreparation.AuxiliaryIssueReservationSet.cs,source,.cs,3016,f3c2a8bef06db6e36cd718637357e98f2cb8cfaef0dcbdb11bdd0feb5ae46654
HybridCPU_ISE/NonRTL/Core/Pipeline/Core/RuntimeClusterAdmissionPreparation.BundleIssueFallbackInfo.cs,source,.cs,1513,856b00012c5438e55039ed094dc3c58591720bfdac2f5a79c666b53d0e34526f
HybridCPU_ISE/NonRTL/Core/Pipeline/Core/RuntimeClusterAdmissionPreparation.BundleIssuePacket.cs,source,.cs,17984,fc3a480a16360613b16d229243805af6cebfc2d4d0d950aa27fc5a1a1a4d664f
HybridCPU_ISE/NonRTL/Core/Pipeline/Core/RuntimeClusterAdmissionPreparation.CandidateView.cs,source,.cs,11697,6ca973b36f5225284f5540d10c178df833b04098a98cbd283158bf1ed24798ef
HybridCPU_ISE/NonRTL/Core/Pipeline/Core/RuntimeClusterAdmissionPreparation.DecisionDraft.cs,source,.cs,9872,efb64b0a4c2258ec54d0be01cd1f0e687b67e62c08f31f2c3795454a5ad6a68f
HybridCPU_ISE/NonRTL/Core/Pipeline/Core/RuntimeClusterAdmissionPreparation.DecisionKind.cs,source,.cs,314,fff893ffcaad7ecee7801f4122020deb791ea65373cf6738152c575e842d9b9f
HybridCPU_ISE/NonRTL/Core/Pipeline/Core/RuntimeClusterAdmissionPreparation.ExecutionMode.cs,source,.cs,829,1186f2b9a843e0cc4f90d5e2783603cda8824e364b8c6ad611c3e429dec64c5f
HybridCPU_ISE/NonRTL/Core/Pipeline/Core/RuntimeClusterAdmissionPreparation.FallbackDiagnosticsSnapshot.cs,source,.cs,2792,d95c0d43acc221efc0294b58487dedea5cc6361d6048a2acaf5b4462f40a3a46
HybridCPU_ISE/NonRTL/Core/Pipeline/Core/RuntimeClusterAdmissionPreparation.Handoff.cs,source,.cs,7779,71883cff7e2469a478b5baf6fd8dc55212b3643fe67cfef3d5586f258058ec3e
HybridCPU_ISE/NonRTL/Core/Pipeline/Core/RuntimeClusterAdmissionPreparation.IssuePacketLane.cs,source,.cs,3645,030a4262d0d57db5185b70e20ac3c61cce37bd471aa10116ce309b30971d665c
HybridCPU_ISE/NonRTL/Core/Pipeline/Core/RuntimeClusterAdmissionPreparation.Preparation.cs,source,.cs,2779,d441859497eaa8ef15b18a3bc3aaab831f3abd217312bf8c35f8b2d8ac6c8600
HybridCPU_ISE/NonRTL/Core/Pipeline/IInternalOpBuilder.cs,source,.cs,1809,685b419c2575eb255120427003f233c04127f8d90b2ded54ab0bf177decbec20
HybridCPU_ISE/NonRTL/Core/Pipeline/InternalOpBuilder.cs,source,.cs,33911,788d83d4fc27807b043c5d7c54204e59459860c65b5a9107295473a0e45d0dc5
HybridCPU_ISE/NonRTL/Core/Pipeline/InvalidPipelineLaneException.cs,source,.cs,2668,d2aa7072ccc043d5973b277a930f1577d5a851270d94131134104078eda33ce9
HybridCPU_ISE/NonRTL/Core/Pipeline/IPipelineEventQueue.cs,source,.cs,2219,b6f4e6bf9eef3899ca6fc7bb90864839eacbe58a955ea68bd4d960cb8bf54e00
HybridCPU_ISE/NonRTL/Core/Pipeline/Metadata/BranchHint.cs,source,.cs,895,e4748b71ff2dcbd1c9e0a9fb01da22767a2446538a34d85bf5644cbdca7cf45a
HybridCPU_ISE/NonRTL/Core/Pipeline/Metadata/BundleMetadata.cs,source,.cs,6281,067facd206eb7540f53d3daa1f631984e59783ad39bc57e78e5782e0d45dfc18
HybridCPU_ISE/NonRTL/Core/Pipeline/Metadata/CompilerAnnotation.cs,source,.cs,2592,1f2ca73b42373ef1c5824987da0cab7f0e2fdce421cc14a027435d654a0590ed
HybridCPU_ISE/NonRTL/Core/Pipeline/Metadata/ISlotMetadataBuilder.cs,source,.cs,2114,018e63926de6f2c627698d031ed62f3aaca07d3689ccd577ce6ed4f1ba1eac92
HybridCPU_ISE/NonRTL/Core/Pipeline/Metadata/LocalityHint.cs,source,.cs,1087,e71189ace56f57bd2f444fb59b159440abe15a8edc0331280a0fb2c80ae1b687
HybridCPU_ISE/NonRTL/Core/Pipeline/Metadata/MetadataCompatibilityValidator.cs,source,.cs,4399,3d9316a586e7154b6837347c82e1edc75d39047c58f5d25914cf29684121eca7
HybridCPU_ISE/NonRTL/Core/Pipeline/Metadata/MicroOpAdmissionMetadata.cs,source,.cs,6515,c0c9b134863ba11f59c5a7bbb2ba1122a1a933fe4379cee0053b085224ba7691
HybridCPU_ISE/NonRTL/Core/Pipeline/Metadata/ReadRangeMetadataHelper.cs,source,.cs,8533,3f2d276185bbd4c4b946f30854902bef834587980fb4cc8c5ef49702ba40e9fc
HybridCPU_ISE/NonRTL/Core/Pipeline/Metadata/SlotMetadata.cs,source,.cs,4690,9711dc8ae7c77f70cd74067a8ac8f2e5f1ded54455abe937755d92349e2a9ec0
HybridCPU_ISE/NonRTL/Core/Pipeline/Metadata/SlotMetadataBuilder.cs,source,.cs,2094,96d4743bf3959dbe923b2e63ef7b74f6d09cd4497bbe4ffb5022e4b38c4742d6
HybridCPU_ISE/NonRTL/Core/Pipeline/Metadata/StealabilityPolicy.cs,source,.cs,741,22bd88b8e8b644a9cd816ee0cafddba34f1b5e943164d31d02f57a67440c18de
HybridCPU_ISE/NonRTL/Core/Pipeline/Metadata/ThermalHint.cs,source,.cs,799,f49d947d3f5ee6d305e2f39bfa9b45c5f0e6342fc8f17a7f83832e49189e5730
HybridCPU_ISE/NonRTL/Core/Pipeline/PipelineEvent.cs,source,.cs,8495,c7276b5bcf485d1312aebb029bc2d05e42f0281818eac07a3e1bc2a88161ef57
HybridCPU_ISE/NonRTL/Core/Pipeline/PipelineFsmEventHandler.cs,source,.cs,6164,bed1fa0b130b13a24928a7a20854bffe0d3dcddb2769cd35f8096c44d3c24d99
HybridCPU_ISE/NonRTL/Core/Pipeline/Safety/ResourceBitset.cs,source,.cs,9522,30e2e7a7423966f26271e35c85351c9148beda91644b45d2d17b4be6f5b02bd1
HybridCPU_ISE/NonRTL/Core/Pipeline/Safety/SafetyVerifier.CertificateAuthority.cs,source,.cs,1821,fded16692fa8cd46267efd34835ecdc5090ec26d50f445d6810ed605b72f787f
HybridCPU_ISE/NonRTL/Core/Pipeline/Safety/SafetyVerifier.Compatibility.cs,source,.cs,10015,ff41c409c13af3653e4d3db9cf303655a2e28e502fac4b56169bd0582a7a60a3
HybridCPU_ISE/NonRTL/Core/Pipeline/Safety/SafetyVerifier.cs,source,.cs,327,0e0f8ea8c30341c58f929863f9af9f46c0a936cc80ad2be607a32060a32b6ff7
HybridCPU_ISE/NonRTL/Core/Pipeline/Safety/SafetyVerifier.Guards.cs,source,.cs,13097,f87ba64048e2d0a22642b254fe3eebd696553d3b8b4355b831b32ca77acbbf16
HybridCPU_ISE/NonRTL/Core/Pipeline/Safety/SafetyVerifier.MemoryRanges.cs,source,.cs,3488,8070860faec8efb8e20ad2ecef03b0af0dbb41f9d6dee806546f7fae6a26d720
HybridCPU_ISE/NonRTL/Core/Pipeline/Safety/SafetyVerifier.ProofConditions.cs,source,.cs,7875,28685f4859e43c706ed803c750e28def48bd47c5a4ef0caf011ae657f5dccb1b
HybridCPU_ISE/NonRTL/Core/Pipeline/Safety/SafetyVerifier.ProofGeneration.cs,source,.cs,4590,1d8204488716fb9da53e05f62e5e714e939cd297070b2bbdc74dd5ac0f41c2bb
HybridCPU_ISE/NonRTL/Core/Pipeline/Safety/SafetyVerifier.ProofVerification.cs,source,.cs,1597,8cc22f1be6aa5160c436f7865b5dd372b2da81a9e3bdcff60312eabc2a3dcd2f
HybridCPU_ISE/NonRTL/Core/Pipeline/Safety/SafetyVerifier.RuntimeLegality.cs,source,.cs,5718,14e28bb376061d0a540602f91eccde3680f381cee998b1d863703f8089afd32b
HybridCPU_ISE/NonRTL/Core/Pipeline/Safety/SafetyVerifier.SmtLegality.cs,source,.cs,2335,89cb7e9f737815d9526bed00186c62f324ebaf805c1520a2ed5ebd1349b529a4
HybridCPU_ISE/NonRTL/Core/Pipeline/Safety/SafetyVerifier.TypedSlot.cs,source,.cs,8868,f611cfdfca03b55b810be73d3c55594c8cb3a66c8dcd4461b05bfa566eddc9e6
HybridCPU_ISE/NonRTL/Core/Pipeline/Safety/SafetyVerifier.Types.cs,source,.cs,14547,4fbbc81a52616ccc38919fba3feb960dda4630ba8777654a22eee904f84ca81a
HybridCPU_ISE/NonRTL/Core/Pipeline/Safety/SafetyVerifier.Verification.cs,source,.cs,4146,858d3d48042a8b01e556bc0dfb8af942208297e1c92d04d582d2d69e301ce60f
HybridCPU_ISE/NonRTL/Core/Pipeline/Scheduling/MicroOpScheduler.ShadowOracle.cs,source,.cs,28589,0e09047d602c419a7f7d9596d6d0073d1f6c7d6f9b32b578bff112d395b09c35
HybridCPU_ISE/NonRTL/Core/Pipeline/Scheduling/MicroOpScheduler.TestSupport.cs,source,.cs,32243,1da99471ca578a88e2cdde1ed821132ce377818038a322ef348885f3519e2b24
HybridCPU_ISE/NonRTL/Core/Pipeline/Scheduling/SlotPlacementMetadata.cs,source,.cs,2322,06cac68870c46136250bfdc4c5b195c6f569d7113d7c5d10bfbc41d5b0797f19
HybridCPU_ISE/NonRTL/Core/Pipeline/UnsupportedExecutionSurfaceException.cs,source,.cs,3260,93117c9a9c8b15be76da87e42e6b470ca8a46f09c7df669bfd64745efe1c3d29
HybridCPU_ISE/NonRTL/Core/SafetyMaskBuilder.cs,source,.cs,9009,2d9b242a276c0ea1c789539c4acb113faba244cdb8ec3f524eadcc16ecd8fde8
HybridCPU_ISE/NonRTL/Core/State/Compat/ICpuState.cs,source,.cs,923,2017bb6ccd25cc7995eb4a3445f202fa90a9962a9c7002f529050442e1380120
HybridCPU_ISE/NonRTL/Core/State/Compat/LegacyCpuStateAdapter.cs,source,.cs,4988,e52f30348c9dc9e81556e7e3037467a52a0b0a78ad08d62de227c74abeda2a27
HybridCPU_ISE/NonRTL/Core/State/CoreTimebaseSnapshot.cs,source,.cs,909,4bbdf35535f2156d01c758b71fb07bce091fe747ac33984055f2ba7a6acf72f6
HybridCPU_ISE/NonRTL/Core/State/CpuCorePlatformContext.cs,source,.cs,2766,f2c08e0ce747d6274e8e8a582854ef20e0fdc3032767cd59b33b7ed229e17eef
HybridCPU_ISE/NonRTL/Core/State/ICpuState.cs,source,.cs,1883,847d703f993a03f587b72d410087e95f197d3294716128cee3582d9e76aa4e2b
HybridCPU_ISE/NonRTL/Core/State/LiveCpuStateAdapter.cs,source,.cs,15315,154b63efa40fdb864ef6bd35130215994c5e13c1d9efa7fafd44dfe2ddf59287
HybridCPU_ISE/NonRTL/Core/System/CompositeVmxEventSink.cs,source,.cs,1501,cf614ba10d3c8e9ca73a044a6023f3ab1e9454497881484494245c830d8332dc
HybridCPU_ISE/NonRTL/Core/System/IVmxEventSink.cs,source,.cs,1478,ae584531610119fb96c1b5d7b0d8a91f1b3d908cbec6de6781d532944694112a
HybridCPU_ISE/NonRTL/Core/System/VectorStreamDescriptorFaultInfo.cs,source,.cs,1025,ab61855d36ca94bba278ab3f41d83c64d8212d7954b7fd6909d1c347297ee526
HybridCPU_ISE/NonRTL/Core/System/VectorStreamExceptionInfo.cs,source,.cs,860,c857efd00da4602d404d897ae24957e2a0195ee0466d8f06620896770185b219
HybridCPU_ISE/NonRTL/Core/System/Vmcs/V2/VmcsV2BlockDirectory.cs,source,.cs,7639,a0dd504b2958d473c7b0ffcdd29986f35f144eb38422a4ccc025885efe9443d4
HybridCPU_ISE/NonRTL/Core/System/Vmcs/V2/VmcsV2Descriptor.cs,source,.cs,6196,4eeaa878aa33b468cded60d04e4673a9d2f636bbecbcd8c71a04a25a3676acd3
HybridCPU_ISE/NonRTL/Core/System/Vmcs/V2/VmcsV2FieldModel.cs,source,.cs,5028,2245b001d8f0dcb5158115e1800077fd755e7552d4e242e79426d61d01f4e723
HybridCPU_ISE/NonRTL/Core/System/Vmcs/V2/VmcsV2HostEvidenceKind.cs,source,.cs,390,c8dc67a19b3202d91268d0ca6ecee073bed255bb0fcec447e191802e5a316044
HybridCPU_ISE/NonRTL/Core/System/VmcsLifecycleResults.cs,source,.cs,946,77203793155c964a1937caf54be73355a43fa14a39b486d21b66cc73bf3fb030
HybridCPU_ISE/NonRTL/Core/System/Vmx/Compatibility/VmcsCompatMapper.cs,source,.cs,1066,77e1e42584fd0430113e3f29b9882379af16188234a667e0a7aed586d34bf261
HybridCPU_ISE/NonRTL/Core/System/VmxDebugTracePlane.cs,source,.cs,2261,8b3c182074183642b65166f23813e290053cfacb8fd1ad13f8d0282955a72b1f
HybridCPU_ISE/NonRTL/Core/System/VmxDirtyLogProjectionTypes.cs,source,.cs,3430,863ae2d05cdd1c8e4b36df9222494ba1d560a267f1275c96a99cfaec8bff5900
HybridCPU_ISE/NonRTL/Core/System/VmxEventKind.cs,source,.cs,1615,4033777fb62702ae2dc097463fcb5ca5ef1e8038d83a438008190a36837c3c01
HybridCPU_ISE/NonRTL/Core/System/VmxRootDescriptorReference.cs,source,.cs,767,13efb97fec64c3d904b5c2279d719c54ba2226c561dd2bb8e3f08499ee43f4fd
HybridCPU_ISE/NonRTL/Legacy/LegacyMachineStateReadException.cs,source,.cs,2374,a92a4a7cd6c741bcb190262c37fd82f3693e2453af70d85a26d1a4b445ba0586
HybridCPU_ISE/NonRTL/Legacy/LegacyObservationServiceFactory.cs,source,.cs,1062,03faef278d3113555f66bd42ce77a6255bb72865edf8b173a7744daf29d3b56d
HybridCPU_ISE/NonRTL/Legacy/LegacyProcessorMachineStateSource.cs,source,.cs,5831,f97548576140ea2d4f95da355dfa523e6a329501867a83da78a891811e1c8249
HybridCPU_ISE/NonRTL/Memory/Registers/StreamRegisterFile.Telemetry.cs,source,.cs,5848,93e186abbbc78da191392c7c7178f3a9a8a91646be5afac693a5ab061d11cb2d
HybridCPU_ISE/NonRTL/Processor/Configuration/ProcessorConfig.cs,source,.cs,11769,cdc3ff108218ed9efe13e32a5af14be0baa6ca44163bc43a8e0bf1a5b5ceb221
HybridCPU_ISE/NonRTL/Processor/Core/CpuCoreSystemInstructionEmitter.cs,source,.cs,2417,f0a41ba8dd661bac9f88682041177e426e6246531224cff96be76b2c4cad9d5a
HybridCPU_ISE/NonRTL/Processor/Core/Processor.CompilerBridge.cs,source,.cs,13380,d54924326d08e906a5fbcf23755859d8d8db6d4f67e58ddd775e1e913951aab9
HybridCPU_ISE/NonRTL/Processor/Core/Processor.CompilerEmission.cs,source,.cs,271,69b93f19102a07377277adb1c9bd9124c3c3ebb148a600992802911525e22393
HybridCPU_ISE/NonRTL/Processor/Core/Processor.cs,source,.cs,5389,572ae403b482597ef00d8e83d9202716b3f4f1d4018113c0aeec5009527d2e20
HybridCPU_ISE/NonRTL/Processor/Devices/Processor.Device.cs,source,.cs,168,0efbdec5e1ffc1b3e966428e80e4f06b511a1094701e11ebb0c34a01d7d9d00d
HybridCPU_ISE/NonRTL/Processor/Devices/Processor.IOPorts.cs,source,.cs,1872,ea70cc7eb05f21b0015ff4470d48e0ae25d51285f828085989c1ee78f8a7ba84
HybridCPU_ISE/NonRTL/Processor/Execution/Processor.EntryPoint.cs,source,.cs,7196,9d87ba59e7cf02f55c5012c6dcf556e2582b400a7064be916d193a218c112114
HybridCPU_ISE/NonRTL/Processor/Interrupts/Processor.InterruptData.cs,source,.cs,10378,1865d99029aeb192cbfc5e5d569bc524d6126017287ca8ad1bdf400b34cf5591
HybridCPU_ISE/NonRTL/Processor/Memory/Processor.Memory.cs,source,.cs,30452,78579edd94baf3e7177fee8fa1acca4ca304bd46689db163c751c7f79a24449b
HybridCPU_ISE/NonRTL/Processor/Performance/PerformanceReport.BurstTraceSurface.cs,source,.cs,1433,f23651d08d9b6ccf31bef0ff0818869b0d6119a93f218dc1b4f59721cc7e9f75
HybridCPU_ISE/NonRTL/Processor/Performance/PerformanceReport.Memory.cs,source,.cs,4039,ed4f0d94f8ea3b07404ca3b0eedb8d13003bc3e785cd2092f038c67cd224b1ba
HybridCPU_ISE/NonRTL/Processor/Performance/PerformanceReport.Phase06Eligibility.cs,source,.cs,3415,cac015574713b1f8524e6e35bc1ed193871059da6a76915df02f8265f93c6111
HybridCPU_ISE/NonRTL/Processor/Performance/PerformanceReport.Phase1EvidenceCorrelationReport.cs,source,.cs,1860,9ff05d0f0b7d63f7e9269df4f15c4a9181b7a35f7c0c942f9c8efe27e49bec70
HybridCPU_ISE/NonRTL/Processor/Performance/PerformanceReport.PipelineAndVector.cs,source,.cs,1478,a9b6d12ce0ba87bc7efa40b0a3852a947f05e7e2758f3cc0f6865e291f1f49c9
HybridCPU_ISE/NonRTL/Processor/Performance/PerformanceReport.Scheduler.cs,source,.cs,10260,2450a002a578de292dd64e38d30a46256e7a91233ecfa0509692db29a8ad3f92
HybridCPU_ISE/NonRTL/Processor/Performance/PerformanceReport.StreamAndDma.cs,source,.cs,3794,0271cef81eb98f38c4911070abdd7755bcdb274a65029386ab114c271dc84302
HybridCPU_ISE/NonRTL/Processor/Performance/PerformanceReport.Summaries.cs,source,.cs,33583,51b9f0430b991fb80caae64c13034a707e8ef52c827799759d5e940928d9c126
HybridCPU_ISE/NonRTL/Processor/Performance/PerformanceReport.TelemetryFlags.cs,source,.cs,3963,df6f896465b1f600681743e4386f8ff62ec2c96fb47a3cba29f0d6139c3dace8
HybridCPU_ISE/NonRTL/Processor/Performance/PerformanceReport.TypedSlot.cs,source,.cs,7792,cd8e6b1fc2c33936cba07be7bc503bf336e4ed607f2b23c535ab2e2197551201
HybridCPU_ISE/NonRTL/Processor/Performance/Processor.Performance.cs,source,.cs,21808,61765f2c5fc9deb4eddfdcf0c156f2daa9c2d64beabf815a496fd0941d447d19
HybridCPU_ISE/NonRTL/Processor/Synchronization/Processor.SyncPrimitives.cs,source,.cs,9000,6ef70752906c163e80c3142dd059bc517419000277a8184b6b941140b36c8cc3
HybridCPU_ISE/NonRTL/Processor/Verification/Processor.Verification.cs,source,.cs,11629,5f80070e04a8665c92f8d81d13d3f2f0e11754fc441bc6ec14877c752a503662
HybridCPU_ISE/Properties/AssemblyInfo.cs,source,.cs,153,2b7d9e58a1e98d15c3a4816fda548dce4386ebe1e865b3710be06717381eb705
HybridCPU_ISE/tools/VMXProjectionLineage/VerifyProjectionLineage.ps1,other,.ps1,27534,1fb82d5c504ba837e7eb28163b3c9cfb3b5a35010889118d110718162c4ed995
Intenal Docs/bugs/ise-compiler-test-audit.md,doc,.md,1845,2d3eb283614fa7cc1ac0b51e1a855fbc5cbbcf50232ec461ded6bc52bde83ff3
Intenal Docs/ISE/docs/Idea/deep-research-report (2).md,doc,.md,53883,1568d01044e59739748b091eafa009d81e77f21270cb0e76206b83b9f1d8000f
Intenal Docs/ISE/docs/Idea/SafetyMask1.md,doc,.md,495,1231eb84d74dc71ab12850049d1e6938e54aec8349efc416af5329440bb3f1d3
Intenal Docs/ISE/docs/Idea/SafetyMask2.md,doc,.md,379,1aedc17647bc163177df938efcf8223146c068b7a8211357379e6072fbf0e8e7
Intenal Docs/ISE/docs/Idea/SafetyMask3.md,doc,.md,500,aa2dfbba4374aa7917363c9ee2c9916210b0e7592c4d17dbbba3dabbeef99d2d
Intenal Docs/ISE/docs/optimize/deep-research-opimizetehnics.md,doc,.md,27848,6990fb2f27010ed6758ba1436027a4abe85be96a0bf11ecc5a566ac6e5b4836c
Intenal Docs/ISE/docs/optimize/opimizetehnics.md,doc,.md,12981,4172343bd80e5f76891cdea487f8dc7b4c622b94c23a285b012bf558a6e893fd
Intenal Docs/ISE/docs/v8/00_refactoring_plan_index.md,doc,.md,3004,a6532a6e2b43b850e8e3c5c8c64c0aaed9d8fe0b2cdfb1def1b811d5277cfbda
Intenal Docs/ISE/docs/v8/01_phase_opcode_surface_and_registry.md,doc,.md,1397,8339cd01ccf37f7e9ff61989c06c494c337f06c0ed08c3998cd044973842a898
Intenal Docs/ISE/docs/v8/02_phase_register_identity_and_encoding.md,doc,.md,1401,6832ba588e1fb10fe7b5efbee47164b8d56edc730eb87495c14aaf2b17de53e2
Intenal Docs/ISE/docs/v8/03_phase_decoder_ir_legality_split.md,doc,.md,1624,7b6d3fff4736fa624ce93f12556bd40c58eb3f1d71cdd5a9f63596a0ed374a60
Intenal Docs/ISE/docs/v8/04_phase_rename_commit_prf_unification.md,doc,.md,1420,c01eaa4ea061d422fcd590d4fd2a28612eb3a5a3d621946bbffabdb818cc84a0
Intenal Docs/ISE/docs/v8/05_phase_slot_fsp_safety_model.md,doc,.md,1208,bc075c01cd7f4e7eb92f90681ab32cb14d6b28bdb27d5b9e75f49387214f56cc
Intenal Docs/ISE/docs/v8/06_phase_system_csr_privileged_path.md,doc,.md,1120,b7352f84972413f7b7d43271d73bbac75e3f6e3010109eb19d22744ab8ecfe00
Intenal Docs/ISE/docs/v8/07_phase_vmx_vmcs_fsm_consolidation.md,doc,.md,1197,f410ee95a3198313ad6a5d655cfaa252c3e6a98d60c2f1803a36f00a3b7e7cc9
Intenal Docs/ISE/docs/v8/08_phase_legacy_removal_breaking_changes_dod.md,doc,.md,1689,5672304ba455e066453b76b2daa79a3cead7a9e436bdd74f896875e73e8788a0
Intenal Docs/ISE/docs/v8/assist/00_post_phase08_assist_inventory_2026-03-25.md,doc,.md,1571,cd3fa4faf1e7572d3febb34c6e6f6b040abc12ed012fad11ee4cdc6faeb9df1e
Intenal Docs/Old/2026-04-09_compiler_refactoring_plan.md,doc,.md,9339,001a8534746e9d9461e8d01544c9a2b96176cd74ba5c26d4837834bacf7fb0b8
Intenal Docs/Old/2026-04-09_ise_legacy_audit_verified_refactoring_plan.md,doc,.md,53051,face79411d5a59ae2e1890c3f26b89329d770f82b93b868bdaa3e687f925adb7
Intenal Docs/Old/2026-04-09_ise_refactoring_plan.md,doc,.md,14055,556b8210d081250e659f361bbf8416d1c92907dcdb6f6a413b5bfdd96903bc76
Intenal Docs/Old/Compiler_Legacy_Audit.md,doc,.md,10020,5e18274eded1d8a87840502da14838c3481ff192e44adf11099761814c2af2fe
Intenal Docs/Old/Compiler_Tasks.md,doc,.md,3126,7396984ca08df39fb49be316272add8022f9281d8f4066cac7935461625b58b4
Intenal Docs/Old/deep-research-report.validated-refactoring-plan.md,doc,.md,141965,9e6a2718815d37b8b48f6b1f092c6cf2d3687d92a849ada988a07df4b8d50331
Intenal Docs/Old/Env and Hybrid_CPU_Environment Refactoring Plan.md,doc,.md,31517,8555e9d79026422b22e550c90742dc961bdb289c1f0ef7ffc7f30e3cf1bc7133
Intenal Docs/Old/HybridCPU Architecture Analysis.remaining-refactoring-plan.md,doc,.md,17589,039aa74eb9d82b75e7dfeab4315154a473b42b59e2d8ae6c2d406ce10a3d5fb5
Intenal Docs/Old/HybridCPU Optimization Techniques.integration-refactoring-plan.md,doc,.md,5972,0062d2c82eed18290f74486dc95dbe761eb65ba4409a3d803b95990c76a54b96
Intenal Docs/Old/ISE_remaining_tasks_Q3.md,doc,.md,7563,02c074262e1c5979ea01b35c93c1075169c991fc1e4b00f5b7295a37baa8e4fc
Intenal Docs/Old/ISE_Tasks.md,doc,.md,16262,e7be0546b4133bc5031d3756f1f3ace267cd15faee83628085d85ecbc19d74bf
Intenal Docs/Old/Legacy Audit.md,doc,.md,6030,00ccf9534b72f2f754d5ee302f081e4761bc999d0d7e4ff492924724e1b91bd7
Intenal Docs/Old/Legacy Removal Refactoring Plan.md,doc,.md,17387,3f21232be0482405329af7135b784e37260dcd74df6189560c69fb3a325f3d53
Intenal Docs/Old/legacy_audit_2026-04-11/audit_verification.md,doc,.md,15771,8d5e31f339d433047a9f6aa9da80ac4e0091445e3c4c98cae6b9a6723e716326
Intenal Docs/Old/legacy_audit_2026-04-11/compat_freeze_gate.md,doc,.md,2428,3a6b4e2b9bfeb9e64f0b1d36d655a2a35590f3501d14addb120ff854a7828254
Intenal Docs/Old/legacy_audit_2026-04-11/refactoring_plan_01_execution_authority.md,doc,.md,4981,3589adb5ec95e14d3d112af80ce04a05d0231562a0fe129de2376206b0d9acd2
Intenal Docs/Old/legacy_audit_2026-04-11/refactoring_plan_02_compat_boundaries_and_contracts.md,doc,.md,5539,a445a17e34de5e07a06fef336bc68d1ea6aa27ab1680c39b7c4ed88a3b713197
Intenal Docs/Old/legacy_audit_2026-04-11/refactoring_plan_03_state_safety_and_routing.md,doc,.md,8449,ce93b6e755d4c0cffe8932407ba3a724b3f81ffd23e86ae702aadb9bf8a18dab
Intenal Docs/Old/LegacyAudit/HybridCPU Legacy Removal.remaining-refactoring-plan.md,doc,.md,25155,52c4fc15b510f327f9684a5807d62062562da45fb11722e53fdb87228a961a0b
Intenal Docs/Old/LegacyAudit/LegacyAudit 2.md,doc,.md,8001,31eb464d61351eb1b7121c07ef5486374c5642bac010595eb159eb08075e5fdd
Intenal Docs/Old/LegacyAudit/LegacyAudit 2.remaining-refactoring-plan.md,doc,.md,14510,c021f5c07924179a13ce64769ee4a781c6277af08008e8dd40bcfcd6456902ca
Intenal Docs/Old/LegacyAudit/LegacyAudit.md,doc,.md,5038,c331d414ad3f3b3313b6414eaabce214f65340fb80ddcb7c2ea3966ac1c31f6d
Intenal Docs/Old/LegacyAudit2.md,doc,.md,37425,b4cd0733301f3a32dbabe341109d4aa8317038547536815e24b40ef672b6d692
Intenal Docs/Old/old2/audit old 1/2026-04-11_deep-research-report-2_verification_matrix.md,doc,.md,15645,7915469b7c3dff9c69f7bb937a3ddca561c4cd4f507f38ab2b54507afefb63af
Intenal Docs/Old/old2/audit old 1/2026-04-12_codex_ise_change_log.md,doc,.md,5720,2bc1477b9fbd9f75f45b8301d486617f01260814fabbe679a1e1cd056966f06b
Intenal Docs/Old/old2/audit old 1/deep-research-report (2).md,doc,.md,43221,e1ff6f9c55ba1f799c6b9d0f6197a795e9144cd7979863401b0393d99a4aabfd
Intenal Docs/Old/old2/audit old 1/plans/2026-04-09_gui_refactoring_plan.md,doc,.md,7972,74d27a25a2f1dcfde61808da299673ce9ef95c1bcf8e44b00f2fbec3118eba27
Intenal Docs/Old/old2/audit old 1/plans/2026-04-09_unified_program_roadmap.md,doc,.md,5458,0d75a4a5e2552281ab8834d9fae775b4cfe7bfca273c0042986055cc4c314aa2
Intenal Docs/Old/old2/audit old 1/plans/2026-04-11_refactoring_plan_decode_transport_and_ingress.md,doc,.md,12884,4a75d33054cfb0229054e980119dc81258f9faf36959dac4c8253c27e9097422
Intenal Docs/Old/old2/audit old 1/plans/2026-04-11_refactoring_plan_pipeline_state_and_control_flow.md,doc,.md,17734,41fb470d922f543e9ee8c33c2373eec7cd55adaa33b251ebbc19ea175f093f63
Intenal Docs/Old/old2/audit old 1/plans/2026-04-11_refactoring_plan_test_surface_and_governance.md,doc,.md,10539,2fe1454f307063ffa276410fc6339f5814cf38d35d8921c5404873836db4e84c
Intenal Docs/Old/old2/audit old 1/plans/2026-04-11_refactoring_plan_testassembler_diagnostics_expansion.md,doc,.md,16614,534d9e9c8c4c06ebd354c07a44917308901404982a52f11d0b366314832cf474
Intenal Docs/Old/old2/Audit/_audit_table_rows.json,config,.json,20817,046848484c76ac31048fe7176994dc61ed5d63d80d7c3888090bce199ca798b0
Intenal Docs/Old/old2/Audit/audit-report 12 04 26.md,doc,.md,38134,c61b4c72d9d7be69797b73c37643a9f52a9a372eab1676175b4a1825a02e07db
Intenal Docs/Old/old2/Audit/current-blockers-2026-04-14.md,doc,.md,2337,0c852483c72ae516a4857f2728da45a436c9dbf5d099c749a162812d704fe3f5
Intenal Docs/Old/old2/Audit/fsp-resource-conflict-refactor-plan-2026-04-14.md,doc,.md,22314,00d6cf4a8ee6b685818edc45b2a1e86578be33276d92b6380d650e04574fdc4c
Intenal Docs/Old/old2/Audit/ise_issues_2026-04-14.md,doc,.md,4921,bbba71c8be88258d505c55dc9350c461a30bf81935de8fa419cdb5f93f5cfe26
Intenal Docs/Old/old2/Audit/ise_issues_revalidation_2026-04-14.md,doc,.md,8555,4cafaff7fb792dba7a992eb8adce6953540960608929380c4ad47adf73278a8b
Intenal Docs/Old/old2/Audit/legacy-audit-verification-2026-04-12.md,doc,.md,4059,e69d5a1ea57e0d68cd34847938605785dc88dc2a7ff23f2a4973adf669245b68
Intenal Docs/Old/old2/Audit/legacy-refactor-plan-2026-04-12.md,doc,.md,8204,559ee3be2b562879353a4ecb1d4bb2640ab74a1fbdf392c47069140a1720e365
Intenal Docs/Old/old2/Audit/remaining-refactor-plan-2026-04-14.md,doc,.md,4404,57d4124287d7490d0ea81dd917724ddffd3239ce132fc82467f7aaf14f372387
Intenal Docs/Old/old2/Audit/showcase-ipc-regression-hypotheses-2026-04-14.md,doc,.md,7857,0ffd83d95d10fc29760b25ba6b1d28e4e02ef2cc7bb9a18b9a409eda03292598
Intenal Docs/Old/old2/compat-bridge-budget-2026-04-14.md,doc,.md,2453,58c9a91d4955bc675a5d3d54afac1c99b33331555b213b9d06a97c03b5c2cfd0
Intenal Docs/Old/old2/ise_confirmed_blockers.md,doc,.md,12208,7d6c39c050bcd579448277d35d842951fee3cddf890bbb998fecbce8eb78b403
Intenal Docs/Old/old2/ise_issues.md,doc,.md,7353,3a387c81b30f5218398816e3c063436b4a671710c5d446d1573d7a2e08615d42
Intenal Docs/Old/old2/Legacy Audit 11 04 2026.md,doc,.md,34311,a03f57508494c1aebb09e3df72c640bb7bf4dc7334f4dae7bdc91e4385e351a2
Intenal Docs/Old/old2/legacy audit.md,doc,.md,32531,c10cba0e8737997d7fe85078c34d7e9b6b96197b489f043619764c4081bf6281
Intenal Docs/Old/old2/legacy-live-refactor-plan-2026-04-14.md,doc,.md,55304,1f5291095cfde25b295af65a0dcde7ce8e4a3bc7f4ce95e1248dda1b1f55ca9c
Intenal Docs/Old/old2/pending-ise-fixes-2026-04-12.md,doc,.md,6556,280dd216889ef5036895f416b924a30875ea2e750401f155eb5d666bd8790abc
Intenal Docs/Old/old2/Поиск legacy в HybridCPU.md,doc,.md,9641,34446d1fae842710dffce7761940f474e74226790acb715cb31a279465362d06
Intenal Docs/Old/Pending_Compiler_Tasks.md,doc,.md,7281,4236b0f92c3b4b2174b79545a69d9436e88ad0b357b73cede7267fbe31e6755d
Intenal Docs/Old/ref deep-research-report (2).md,doc,.md,67675,dcc9f2fa2b9265fa774a4ebe107b1f0de506f079470aedef188effce924ecd7e
Intenal Docs/Old/TestHarness_Tasks.md,doc,.md,1522,29213006423d62a3073923313a90bff08622a2722870aabee187195545fedc64
KiwiNET/KiwiNET.fsproj,other,.fsproj,256,d1240ac4952662dac93e1c46c4ffcb988619344aada9a295e2379f829a82b4ce
KiwiNET/Program.fs,other,.fs,92,7299e84f22ddf4c5496a7348a110f508ad03aca5f8bdfbdc02299c236ffaf93d
LICENSE.txt,doc,.txt,35149,3972dc9744f6499f0f9b2dbf76696f2ae7ad8af9b23dde66d6af86c9dfb36986
MinimalAsmApp/Examples/00_HelloCpu/HelloCpuExample.cs,source,.cs,1505,2be68128391f5c90df92cd6521862a368d7d860884351d80588e43f17c0ddea6
MinimalAsmApp/Examples/01_Registers/LoadImmediateExample.cs,source,.cs,862,181173aa425674c5af02beb4c83ca240f7068afccb6ec1578c806b05055de679
MinimalAsmApp/Examples/01_Registers/RegisterMoveExample.cs,source,.cs,906,8a8d3866af9afe299cdc0fa662279355fbc2efad7ae33544d3a4e5d7d183b3b6
MinimalAsmApp/Examples/02_Arithmetic/AddSubExample.cs,source,.cs,1109,59690d51b55b9d40645430d3b219b61d8a515a41701a0ce2f98622ba5f08d439
MinimalAsmApp/Examples/02_Arithmetic/BitwiseExample.cs,source,.cs,1309,5bf247d6ee10c2b9722e7c95c377845cdd6d3cf86e5af7e20528059b2cfb4d72
MinimalAsmApp/Examples/02_Arithmetic/MulDivExample.cs,source,.cs,1091,8d4f5fcae00aa94391c41960161f3fa2fe90fd5732e06603808441330ed59b1f
MinimalAsmApp/Examples/03_Memory/MemoryCopyExample.cs,source,.cs,1411,42c28c1e5b2054cbd697d556e1a1ffcb534cf1697a7bbd19f17add2939ad7c36
MinimalAsmApp/Examples/03_Memory/MemoryLoadStoreExample.cs,source,.cs,1147,4de955dab12404f35998b9a185a0975e28995c61b5b867a2de5945cce21b3f2b
MinimalAsmApp/Examples/04_Branching/CompareSetExample.cs,source,.cs,1493,7ff10f1925ea966db45fa4632e4537d4ed150232191898c12c7958b426620e49
MinimalAsmApp/Examples/04_Branching/ConditionalBranchNotTakenExample.cs,source,.cs,1351,96a2612e1d2e1a4cb3181be799ade18959fa171804ccff77f3db7be0ee98f1d8
MinimalAsmApp/Examples/04_Branching/JumpNotSupportedExample.cs,source,.cs,795,ce95380bfd91d729809061ef65d046d53fc26a8c348c516721e7539ae93f21e8
MinimalAsmApp/Examples/05_Loops/CounterLoopNotSupportedExample.cs,source,.cs,847,dbcab09e1975812e3aec35a32e42c2a1b8daec53bd48e5f0911a99695bf16692
MinimalAsmApp/Examples/05_Loops/SumLoopNotSupportedExample.cs,source,.cs,725,5f7543d14ce37b224aba9cde58517b21d3b4859cba1e5ee8f8a926d783a99661
MinimalAsmApp/Examples/06_Stack_NotSupported/StackNotSupportedExample.cs,source,.cs,900,0e05824caa7cdd9d5f8e6016378c0f447988c95de1e0aa70a4bd21013ae147f3
MinimalAsmApp/Examples/07_Flags/CarryFlagNotSupportedExample.cs,source,.cs,777,6bdd22b98525dd8218927623f02a1627473d0d40d6f6432634709f9ad2b7fcbf
MinimalAsmApp/Examples/07_Flags/ZeroFlagAlternativeExample.cs,source,.cs,1512,77fd9164fe5e20ed9b165393c2702737c99edf0a05e2bb048631961882dbf54c
MinimalAsmApp/Examples/08_Programs/ArraySumExample.cs,source,.cs,1663,ec7aa39ceaaa0525ae039769afdefeedc0e4d821d3ef9614b5b784c19d14e2cb
MinimalAsmApp/Examples/08_Programs/FactorialExample.cs,source,.cs,1028,5b7657ae6114a58953f4d63e421cd3fe446c95425f5ec335ec6387d9e7e9e3dd
MinimalAsmApp/Examples/08_Programs/FibonacciExample.cs,source,.cs,1024,4b82c63a32fa5fe6323873474fccf595c2e0a3786af0a2af13d269e739fa966c
MinimalAsmApp/Examples/08_Programs/MaxOfTwoNotSupportedExample.cs,source,.cs,788,da21119063c234bd12e64e421414b7ae5d106af4315bd6f4eaefcaf37fa7d683
MinimalAsmApp/Examples/08_Programs/SumOneToNExample.cs,source,.cs,1028,cb6aaabee0c86d746774e2c1c32c3ad16d12b85e7a09216c5824cc30b086e8b1
MinimalAsmApp/Examples/09_DebugTrace/MemoryDumpExample.cs,source,.cs,1146,48434a8d02e4afeff12731c842dce72370506e32c87c8f5e5f2fd89730f5b120
MinimalAsmApp/Examples/09_DebugTrace/RegisterDumpExample.cs,source,.cs,1101,ffdb075d4e49c36a973798c4a3f070d33780de277bc772e3a0dcf876cc78e692
MinimalAsmApp/Examples/09_DebugTrace/StepByStepTraceExample.cs,source,.cs,1286,dc0a3cadb8d39cf1d742c15c33f1f7cd648da8cedf08fa8e2b0de1070bce9494
MinimalAsmApp/Examples/10_Vector/Vector2DAddressingExample.cs,source,.cs,1227,6ab345b85d5eed861e59db93f7b8acadd53d31f1aa3296b84849b1b6649f759d
MinimalAsmApp/Examples/10_Vector/VectorAddExample.cs,source,.cs,1070,789f7ef3feaf02ef3adc9c560b94b5b802b73f26ff1a1cf9041c4cc3b97164b2
MinimalAsmApp/Examples/10_Vector/VectorCompareMaskExample.cs,source,.cs,1252,50e94f69130ef07742c3240ed76e28330c8f7a9a44ee37abc09fd802875ed372
MinimalAsmApp/Examples/10_Vector/VectorMinMaxExample.cs,source,.cs,1501,93593c644ece062f9eec7dcd6d4bfa293dc53854d2b714aee7c12f6ddbd0917e
MinimalAsmApp/Examples/10_Vector/VectorMulExample.cs,source,.cs,1070,dcb468b04c43bbb76c0426ad807996319b64f7f740531023164c8a0edac1fe6b
MinimalAsmApp/Examples/10_Vector/VectorReductionSumExample.cs,source,.cs,1058,f545937835b8aaf4b9cdeb2e5e22338bd6d025890ff476d1e42c282a18cac642
MinimalAsmApp/Examples/10_Vector/VectorTransferEncodingExample.cs,source,.cs,1458,dc57ec3f5fb2f2e3d1898492d043ae20ddd862d3ea8da035960239b962b0838d
MinimalAsmApp/Examples/11_Stream/DmaStreamComputeNotSupportedExample.cs,source,.cs,669,d284a47ca414dec09a3c93aed176b4cd0da3a0b454ba26061ee1c6dbfba8ad71
MinimalAsmApp/Examples/11_Stream/StreamControlEncodingExample.cs,source,.cs,1851,2ccbd8d74a4023fe069962abf991622fad554f6c7d3a92cd57d83f9156e1e793
MinimalAsmApp/Examples/11_Stream/StreamControlNotSupportedExample.cs,source,.cs,676,f9794c9093582c46cc6a22a8f30b1feac81d44f4cd6a26efe2687ed23fa5809b
MinimalAsmApp/Examples/12_Smt/00_4WayVliwSmt/FourWayVliwSmtLayoutExample.cs,source,.cs,1589,eab4fcf26389eb45272e1b9977dc8b00315572d3bacb678f6bccd2242222f10e
MinimalAsmApp/Examples/12_Smt/00_4WayVliwSmt/VirtualThreadIdRangeExample.cs,source,.cs,1320,6094e81a8f6a40a623458ad36b5e96dd1fe0c47b9bfb90aff574d10646577c1a
MinimalAsmApp/Examples/12_Smt/01_FineGrainedSlotPilfering/FspDonorVtHintExample.cs,source,.cs,1327,9f3752a05f3aa6ef826a1cd1b7a50db90204805539b80bb6264dbcca88a6ad82
MinimalAsmApp/Examples/12_Smt/01_FineGrainedSlotPilfering/FspProtectedSlotsExample.cs,source,.cs,1267,16e429f3ce57ad250c79f63a3d6c7d49fd43b4b5c66c3fcbaff066c943c783c5
MinimalAsmApp/Examples/12_Smt/01_FineGrainedSlotPilfering/FspStealableSlotsExample.cs,source,.cs,1283,5016585c4e39b603d5a762f89737066021e5f29d8a4b28f87741b44c40f89739
MinimalAsmApp/Examples/12_Smt/02_FspBoundaries/BundleMixedPolicyExample.cs,source,.cs,1589,0ff9616ba23fe99c9ef1605a32e9f3f5e5b79038cb6012bf0ff081b1a6a779d1
MinimalAsmApp/Examples/12_Smt/02_FspBoundaries/FspBoundaryMetadataExample.cs,source,.cs,1063,a48cdf1a8f729070ded640ccd0e48dc848c7f23c9557baaf4a987156b8e7b2c1
MinimalAsmApp/Examples/12_Smt/03_SmtSynchronization/SmtSyncOpcodeEncodingExample.cs,source,.cs,1484,f2a06d17210395ea509700eebeb67b6efd7dbb971d8b78ed5b68caeb10168cb2
MinimalAsmApp/Examples/12_Smt/04_Observation/SmtObservationSurfaceExample.cs,source,.cs,1263,ee5d24bae5128c98aacf3616634bd1dbd073254068eccf8ec453a46c267ccfd5
MinimalAsmApp/Examples/12_Smt/05_NotSupported/ExecutableSmtProgramNotSupportedExample.cs,source,.cs,732,6770d0962e392dbfbe81636712e249c5e2a5193b75f0198562933c1633ce6310
MinimalAsmApp/Examples/12_Smt/Support/SmtExampleDescriber.cs,source,.cs,2894,4eb56f1d0eca42ff6b051b0ada55cf1f23f356891728f0030aac82c7fa855736
MinimalAsmApp/Examples/13_InstructionClosure/AtomicDoublewordClosureExample.cs,source,.cs,2742,569d0dd370e414417d5efe8b2b4fce233f2bf37ddc7e250882eb856ebfad22d2
MinimalAsmApp/Examples/13_InstructionClosure/AtomicWordClosureExample.cs,source,.cs,2700,e2ad6577fe90a0f693054ff8f19c9608c903ef8fa0adc376d689af6db39d92b3
MinimalAsmApp/Examples/13_InstructionClosure/FenceOrderingClosureExample.cs,source,.cs,1655,c117cd78844c679737a5d015fd64cfec3b83a4f36e20f271710a5b169898de53
MinimalAsmApp/Examples/13_InstructionClosure/Lane6DmaStreamComputeDescriptorSubmitExample.cs,source,.cs,3292,6607fdb1f9dcfe489938678cf28e25faea9d5f598b0403a0a41745ef5a8845f8
MinimalAsmApp/Examples/13_InstructionClosure/Lane6DmaStreamComputeDirectSubmitExample.cs,source,.cs,3645,fbafff7f6ad7ab1b0b64458e71f2f753d894c0cc4682371cd25d732fd8c6da39
MinimalAsmApp/Examples/13_InstructionClosure/Lane7AccelSubmitDescriptorIntentExample.cs,source,.cs,3922,f3c89415de4ec07131d8b36f14b8ad4e97dd823c3018235752b87f23bf4b950a
MinimalAsmApp/Examples/13_InstructionClosure/NonVmxAddressGenerationExample.cs,source,.cs,4364,3e52a841555e6a96b6066ed3d8e55dd68514ff09dea4b76a1fe655bd863ed32f
MinimalAsmApp/Examples/13_InstructionClosure/NonVmxBitCountExample.cs,source,.cs,1915,b9db0809cc62a3b4656ab88f0d9cfe2c7938882fae401903935441ba659fa3be
MinimalAsmApp/Examples/13_InstructionClosure/NonVmxBitfieldExample.cs,source,.cs,4252,ee7860cd7febf6ecbe28fafc4942eea33032c965abd0645d308b1af4ceefe403
MinimalAsmApp/Examples/13_InstructionClosure/NonVmxBooleanInvertExample.cs,source,.cs,2231,1a03d47ce7b75029a4e5fbcb4473abd9429c77c2091666429f74954aaeb3595e
MinimalAsmApp/Examples/13_InstructionClosure/NonVmxByteBitReverseExample.cs,source,.cs,1546,b2776f2ded14d3bf9515f569e30018571322358aa1e3e247b456c3de76535c70
MinimalAsmApp/Examples/13_InstructionClosure/NonVmxCarrylessMultiplyExample.cs,source,.cs,2103,c0eedaf1ee699a9f725ad3c44b9027c2359c1959da0567e2da0c82c342aea07d
MinimalAsmApp/Examples/13_InstructionClosure/NonVmxCompilerExampleSupport.cs,source,.cs,18327,bf89f3b564210976749e6cb8f0e7235c87a570482e5e6cfc823974946398fd90
MinimalAsmApp/Examples/13_InstructionClosure/NonVmxConditionalZeroExample.cs,source,.cs,1814,3b9c6f1d61eff0d040257153a7d771050f63d06901e0084b1011e25bc418e125
MinimalAsmApp/Examples/13_InstructionClosure/NonVmxRdcycleExample.cs,source,.cs,1152,e1db501c57df1ae54302c3077eda854e21c2aa059d26931dde0418e09ef4d93f
MinimalAsmApp/Examples/13_InstructionClosure/NonVmxRotateExample.cs,source,.cs,2639,16008510712ecb90bddea41a9985df923f488d404b51bb28cf2ed9b3b58ef218
MinimalAsmApp/Examples/13_InstructionClosure/NonVmxScalarExtensionExample.cs,source,.cs,2793,48625695257fb17754bdabe96b1bc12b73ecc02ba368e59073f81a966713a923
MinimalAsmApp/Examples/13_InstructionClosure/NonVmxScalarMinMaxExample.cs,source,.cs,2444,70e0e272a089d2b70480c89c3ae30330b85ac8f91632817eb89c2cd69f1feb57
MinimalAsmApp/Examples/13_InstructionClosure/ScalarExtensionClosureExample.cs,source,.cs,1480,6d4c11c492b45cd9c8dad69b27d695f4facfde3d8dd6ad9e1d3c395928ca5238
MinimalAsmApp/Examples/Abstractions/CpuExampleResult.cs,source,.cs,1478,b44c1989cfe94462ac74a0b9d3d3b20d0f950e1bfddbe4ac414baf96f3881521
MinimalAsmApp/Examples/Abstractions/CpuExampleRunner.cs,source,.cs,9129,26555dbe68dba23b13340196c74474b3861549c16976ca26a89cd6432acbb36c
MinimalAsmApp/Examples/Abstractions/ICpuExample.cs,source,.cs,198,a4478c8aaee86153786e69f71c93c64ccb9837dc1a5f59530eed14371da4791a
MinimalAsmApp/Examples/CpuExampleCatalog.cs,source,.cs,3590,90ab75e23a17f569465e98290b48904965856e89cc46e35451295b9e14f6b86c
MinimalAsmApp/Examples/Support/CpuExampleSourceReader.cs,source,.cs,3858,4c343fb1c07caed19a3eacdd38fde068aef01b28f4cb1034f76c4da3b83cec00
MinimalAsmApp/Examples/Support/CpuInstructionDescriber.cs,source,.cs,1745,8bdf2439d31356b22f4b5f46573f575580b9b88e175f28b049431871c01458dd
MinimalAsmApp/Examples/Support/CpuInstructions.cs,source,.cs,7093,afffd3701b52403e0cfeb42c7a6695eb9cf67cea9ae7e802247111f074a5fed0
MinimalAsmApp/Examples/Support/CpuProgramExecution.cs,source,.cs,1212,54bcd3214068e847e8105e136f6c7d53126501b93f3836315f635e66f6de2334
MinimalAsmApp/Examples/Support/CpuProgramExecutor.cs,source,.cs,8059,c5ead4ea3ec27deb8e58d57995a83598a6b2763624b354c24ae7e6019f71317f
MinimalAsmApp/Examples/Support/CpuProgramRunOptions.cs,source,.cs,754,82dbc9214a45e2a042cace7ca0949d4000872ff59c37400ffd5ea8b0128e4f27
MinimalAsmApp/GlobalUsings.cs,source,.cs,33,6d9c018aeea8c409b161fdca9ec39f828602622c11a5851535815a7af5b11a75
MinimalAsmApp/MinimalAsmApp.csproj,project,.csproj,426,0bfcf2a14c1ddfb3cde1a2b8dfe69fa3f4228ebf1cf2970251b774bdbabe53aa
MinimalAsmApp/Program.cs,source,.cs,178,ffd23356ae89f1b491a43055acec3e644efc8a2423347286da0179a460e645ec
README.md,doc,.md,82773,856b579c29321cb78d2b518a5e7fee89c9d9a122bc79b89be18b8ceed2ad81ba
ResearchPaper/Audit HybridCPU ISE.md,doc,.md,49391,7426f0633634e511e517479040a80dc40db67167fae887f73d9da15d9c505c35
ResearchPaper/diagrams.md,doc,.md,20289,5412c9468386ce08df08f8685d05d214a3dcb7d98a34c3b5634b91108b83f4d9
ResearchPaper/Docs/ArticleRefactoring.md,doc,.md,33940,ef1bdd462b38871edaa7fec5a6dae1d333c0a87db0406cad3d7f6b6f87ddad4c
ResearchPaper/Docs/q1_architectural_features.md,doc,.md,4912,9b721c0972a9e2639dfbcb6057d23828be082bb74862157523cd9ff9b0455b48
ResearchPaper/Docs/Архитектурный обзор HybridCPU ISE (1).md,doc,.md,21157,78675e99917110d3048ef4107d3b02e883b65c770a38c7897389c9335a5e12c2
ResearchPaper/old ver latex/article_q1_v9_formatted.tex,other,.tex,146374,c0522ccef79947c21e9c8e2b5a91aba0618c65b0a007768ef6b8f64085115e5c
ResearchPaper/Refactor/ISE Tasks/00_Master_ISE_Refactor_Plan.md,doc,.md,10027,eff6973b016d0e5908db2db70075c04ff01f707e32a1a25ce28ea7158d63ed7d
ResearchPaper/Refactor/ISE Tasks/01_Phase_Architecture_Truthfulness_And_Boundaries.md,doc,.md,9583,9ebdda743072c4629701d9530597df3624cb4ac66024c0df5ef0ff86143de169
ResearchPaper/Refactor/ISE Tasks/02_Phase_Legality_Certificate_And_TypedSlot_Closure.md,doc,.md,8465,3699ff0ef131908e2c7890b204ff6c4dd33d2e2a0fc12e570519a9806864b86a
ResearchPaper/Refactor/ISE Tasks/03_Phase_Compiler_Contract_And_Compiler_Adoption.md,doc,.md,7297,4ab3105fd1012635fbe315b0091f9926d5ad7d471348c5b46ce7d6845a54f2a3
ResearchPaper/Refactor/ISE Tasks/04_Phase_Assist_Replay_Domain_And_Determinism.md,doc,.md,6705,e9b87f98fb39e2624c13abe7f53eee1ceab295882b02bc5085b615db909c8cfe
ResearchPaper/Refactor/ISE Tasks/05_Phase_Memory_Exception_And_Backend_Truthfulness.md,doc,.md,5435,98d1591cd4f04c25c744efbeb56d76a243d9e80e11ea6287193314d8a19968bc
ResearchPaper/Refactor/ISE Tasks/06_Phase_Validation_Evidence_And_Documentation.md,doc,.md,6545,dd3b5944ddd17f8d8cdfe93f4dd29b643d29b4450e069f193e10e7d3e71a6412
ResearchPaper/Refactor/ISE Tasks/promps/03_Phase_Compiler_Contract_And_Compiler_Adoption_Prompt.md,doc,.md,18606,7053089f6aa6b305f15e4aac18f031488ef26336f1e6873aa574f06282401b75
ResearchPaper/Refactor/ISE Tasks/promps/04_Phase_Assist_Replay_Domain_And_Determinism_Prompt.md,doc,.md,18611,e02362bbf7066375eccb66a40428e3603f293c9730f97187573f6c59b8f8dab6
ResearchPaper/Refactor/ISE Tasks/promps/05_Phase_Memory_Exception_And_Backend_Truthfulness_Prompt.md,doc,.md,18197,295b3b4a8f40840af3e41d9963b57afe9a4eb38430035163b14175220e55d075
ResearchPaper/Refactor/ISE Tasks/promps/06_Phase_Validation_Evidence_And_Documentation_Prompt.md,doc,.md,19025,8942f26d800867fc5210c3a96d0248bc1ff553ef80561749c37fe9df9d99d885
ResearchPaper/Refactor/Paper Tasks/00_Master_Paper_Refactor_Plan.md,doc,.md,14319,1b1376d8e63727c6b9feb11aab224d990d809d3c587b8390040ad330a86f8a6e
ResearchPaper/Refactor/Paper Tasks/01_Phase_Manuscript_Canon_And_Claim_Envelope.md,doc,.md,6957,1f445208f5fd0c10d6fda20f2e966c1b9c5957b9e95308d23747f55ca1d63aab
ResearchPaper/Refactor/Paper Tasks/02_Phase_Background_Taxonomy_And_Frontend_Contract.md,doc,.md,9618,068105473bdff272cc7c646345f0b9a0054f7f976ebfed119696dedb0f0ca840
ResearchPaper/Refactor/Paper Tasks/03_Phase_Execution_Bundles_Legality_And_Certification.md,doc,.md,7983,e2a2256602f0517cb5aad2ebc2061ffc36b2879da14ce3d685ad0ef9172ee176
ResearchPaper/Refactor/Paper Tasks/04_Phase_Two_Stage_Admission_And_SMT_Packing.md,doc,.md,7699,6ede038482895ffe522fea4192726a18767567f15c73a155831d5d3d78b7375c
ResearchPaper/Refactor/Paper Tasks/05_Phase_Assist_Coupled_Data_Movement_And_Donor_Semantics.md,doc,.md,8132,8c5a575a43d3d43c9f051339e0c44e3994fd0123cdb4fa355956ce204a57f118
ResearchPaper/Refactor/Paper Tasks/06_Phase_Replay_Boundaries_And_Exception_Claims.md,doc,.md,8399,e27a00714fd8dd1703c55de86c63bf7fa6f0f091bcdbb990b138adc07e77ee61
ResearchPaper/Refactor/Paper Tasks/07_Phase_Telemetry_Validation_And_Evaluation.md,doc,.md,8400,1ef4a028890f861c2af88ddb6cefcec4e62fbb65a9f3eb6165d2aef61d96aae8
ResearchPaper/Refactor/Paper Tasks/08_Phase_Related_Work_Limitations_And_Conclusion.md,doc,.md,4609,d4629653c1e71ca95548b64b75357c253a7210ffbceaddb307ce4403241dc193
ResearchPaper/Refactor/Paper Tasks/09_Phase_Formal_Artifacts_Figures_And_Evidence_Package.md,doc,.md,7047,d625c51f83814cc0fdfe9a60706f7e0979313655cf96df41c5d60834e17edf37
ResearchPaper/Refactor/Paper Tasks/promps/01_Prompt_Manuscript_Canon_And_Claim_Envelope.md,doc,.md,5891,db3d173633cf29a54f45c1d2d3018173f779a11e1326690d144dd1d2592ffe89
ResearchPaper/Refactor/Paper Tasks/promps/02_Prompt_Background_Taxonomy_And_Frontend_Contract.md,doc,.md,5907,fb63e6a8786b3241ffe84264f35ed4ec61ef73544e552bd53e373befb5e32bae
ResearchPaper/Refactor/Paper Tasks/promps/03_Prompt_Execution_Bundles_Legality_And_Certification.md,doc,.md,5370,29261ec797c845a4ce7c755bb9d36ab67754dfe604ac63f67c12e478b3c2c830
ResearchPaper/Refactor/Paper Tasks/promps/04_Prompt_Two_Stage_Admission_And_SMT_Packing.md,doc,.md,5224,b3354998c5653df5048ec54e14a85e98940caa0e301491edb5acceaa9cd9f872
ResearchPaper/Refactor/Paper Tasks/promps/05_Prompt_Assist_Coupled_Data_Movement_And_Donor_Semantics.md,doc,.md,4964,c6e279b409b0e914ce24ce220a8d420d98769492a9ffe120e2788fad9f36638e
ResearchPaper/Refactor/Paper Tasks/promps/06_Prompt_Replay_Boundaries_And_Exception_Claims.md,doc,.md,5473,3698e1a5bf8917d3b022a749496a915d5ee44de45e2f5a7bb26b681c4929c275
ResearchPaper/Refactor/Paper Tasks/promps/07_Prompt_Telemetry_Validation_And_Evaluation.md,doc,.md,5577,56d186cc3eb64950034a713b6290fae163e8be2e708ebf4863d6af3def36b33b
ResearchPaper/Refactor/Paper Tasks/promps/08_Prompt_Related_Work_Limitations_And_Conclusion.md,doc,.md,4914,81847275b71d039f114ecc8e0471c131b282d2a3309d0d091a816789fe0c0850
ResearchPaper/Refactor/Paper Tasks/promps/09_Prompt_Formal_Artifacts_Figures_And_Evidence_Package.md,doc,.md,6298,62372b681762af04bd17f3cd5393552c861403d371173633c420e4f1e48f29f6
ResearchPaper/Research/deep-research-report (4).md,doc,.md,63864,a8910f3ed587025a39c36742b232a3da31a31d94bef92c5831acd7e281ef0c2c
ResearchPaper/Research/Архитектурная оценка статьи.md,doc,.md,12973,a5d0bfcb0d8e0d9d2a32f07294f84fb260950055312830465f1e7fea259294f5
ResearchPaper/Research/Туториал по TikZ для Codex.md,doc,.md,18139,dc71cbc9fc86b2fc5649e34aac0b06e864b80ed63574d6d61e9f041aec8b5671
ResearchPaper/ResearchPaper.csproj,project,.csproj,391,b0cb6e2a59807e8a666787059ef23e7a2cb9b7225faf2b53cda0ff3d056ebf40
ResearchPaper/section/latex/ExternalLaTexRes/3.0_Architectural_Overview_and_Frontend_Contract__diagram_01.tex,other,.tex,2776,e89c68b671286b9f9eb1474bf7f20da0275a8bef50f8f35c53d1cb55fab0f194
ResearchPaper/section/latex/ExternalLaTexRes/3.1.1_Typed_W_8_Lane_Topology__diagram_01.tex,other,.tex,2209,b624f337d10d000e0ab20da87357381cf9e6bfe21c806a2f6d319f1ee649458a
ResearchPaper/section/latex/ExternalLaTexRes/3.1.1_Typed_W_8_Lane_Topology__formula_01.tex,other,.tex,361,0e7724a82c9d20c496ce92d9329a19b60961d7cb42c844e5e8bbf2c084f26310
ResearchPaper/section/latex/ExternalLaTexRes/3.1.1_Typed_W_8_Lane_Topology__formula_02.tex,other,.tex,357,603042b5388625fc0a4a64c5beb215b121fcd525ebeb98fca8c9f5fccd3c16b7
ResearchPaper/section/latex/ExternalLaTexRes/3.1.1_Typed_W_8_Lane_Topology__table_01.tex,other,.tex,854,8d5400142b1b3c3e3c7d9b3fbfc79ba1ede80626abf0e40defb929d150274e8f
ResearchPaper/section/latex/ExternalLaTexRes/3.1.2_Why_the_compat_bundle_is_2048_bits_and_why_that_matters__diagram_01.tex,other,.tex,3175,d14abc52552c600da6a89bad886ae09f89b9bd8cb658bc51eef9b17f8c253935
ResearchPaper/section/latex/ExternalLaTexRes/3.1.2_Why_the_compat_bundle_is_2048_bits_and_why_that_matters__table_01.tex,other,.tex,743,bc54b7cae33c40238e18423f6ad2e845a142a3ac84546a67dcd15cdb6005f169
ResearchPaper/section/latex/ExternalLaTexRes/3.3_Execution_Bundle_as_a_Decoded_Legality_Carrier__formula_01.tex,other,.tex,166,d533e744651538ca4c0a26fc2752a527733259e9aaf9e1d0fd353cb318cb8ff5
ResearchPaper/section/latex/ExternalLaTexRes/3.4_Versioned_Ingress_Contract_and_Staged_Typed_Slot_Facts__diagram_01.tex,other,.tex,3308,ace51b16c41b6c815f683e9a162ee6b653aa7e5baa810a7176476758b407b1f1
ResearchPaper/section/latex/ExternalLaTexRes/3.6_Minimal_Architectural_State_and_Transition_Surface__formula_01.tex,other,.tex,267,8383ebc1db96965cbcd08e7c3634cbd5fdabb6ece12c6cc6cb3babf23ed79b73
ResearchPaper/section/latex/ExternalLaTexRes/3.6_Minimal_Architectural_State_and_Transition_Surface__table_01.tex,other,.tex,2284,a6c2a13021fe239006febff6f794da39ed9c6e2e3ab4a745ab6ac297da63ecfb
ResearchPaper/section/latex/ExternalLaTexRes/4.0_Execution_Bundles_Legality_Analysis_and_Resource_Legality_Witnesses__diagram_01.tex,other,.tex,3874,079615145688a9922ffd034439ac58fc4999a32b79541ec0763471f73214da34
ResearchPaper/section/latex/ExternalLaTexRes/4.1_Decoded_Legality_Carrier__formula_01.tex,other,.tex,144,6f5593fe4409bb1d1f9973b42b933ed458ab5e6f1321e72332cda2bbf1357e77
ResearchPaper/section/latex/ExternalLaTexRes/4.3_Structural_Witness_Semantics__formula_01.tex,other,.tex,157,408c587b8ce9017a15df428857c2c4985b11542dc765ae1a3d938877dac0f0ab
ResearchPaper/section/latex/ExternalLaTexRes/4.4_Ordered_Guarded_Decision_Chain__diagram_01.tex,other,.tex,3523,d39e42bfa4699c2acbcb4ef4af2114113432472b6d6b14b6df35f2e34af77481
ResearchPaper/section/latex/ExternalLaTexRes/4.4_Ordered_Guarded_Decision_Chain__formula_01.tex,other,.tex,504,7d5ddf5ce0cbed2a9ad57f13034ae4c6c033f9a3553eb3d2ccd4ba231c6bcca4
ResearchPaper/section/latex/ExternalLaTexRes/4.4_Ordered_Guarded_Decision_Chain__table_01.tex,other,.tex,1223,b3bf821254baf687831fe9d80bee2e496fbb62f99d2e34c782cdaa53fc2634cf
ResearchPaper/section/latex/ExternalLaTexRes/4.5_Structural_Identity_Replay_Coordination_and_Invalidation__formula_01.tex,other,.tex,618,a1aacd201faec0acc0375a44ee432e21ff66c5bc7348c3e4a80bc0c51a7446d9
ResearchPaper/section/latex/ExternalLaTexRes/5.0_Two_Stage_Admission_and_Bundle_Compositional_SMT_Packing__diagram_01.tex,other,.tex,4127,927bbcd6a7b897fceb9874de41e54c1673394d60150c92951258f3621042d526
ResearchPaper/section/latex/ExternalLaTexRes/5.0_Two_Stage_Admission_and_Bundle_Compositional_SMT_Packing__table_01.tex,other,.tex,2215,17d47588374fc97ee27d4a860859baf211c5709065bb5e128499f0f371b1194c
ResearchPaper/section/latex/ExternalLaTexRes/5.2_Stage_A_Class_Level_Admission__formula_01.tex,other,.tex,319,78bf5238d8c4eafd31ce64e28798dcb73462e09c42b02b82bb8d2653abf20a8b
ResearchPaper/section/latex/ExternalLaTexRes/5.3_Stage_B_Lane_Materialization_on_the_Typed_W_8_Substrate__formula_01.tex,other,.tex,588,6d1f2358e663beaa6ff59c1e283573c866c4c7854f5e5713621c58f953352532
ResearchPaper/section/latex/ExternalLaTexRes/5.6_Reject_Taxonomy_Across_Layers__diagram_01.tex,other,.tex,3928,278a45606f542efb758b614d87b6fffbeb1f229a3af8e73b74b0e1206e1bb944
ResearchPaper/section/latex/ExternalLaTexRes/5.6_Reject_Taxonomy_Across_Layers__table_01.tex,other,.tex,1514,58e5d6cdc2ba85888b4a82d077fd3554d1e918d7abf350c23e150dbf24af8ad0
ResearchPaper/section/latex/ExternalLaTexRes/6.1_Assist_as_an_Explicit_Auxiliary_Plane__diagram_01.tex,other,.tex,3547,8380166b96160eec6e92772fbf34f6aa6ac6928ba90d8359053acca19ccccb70
ResearchPaper/section/latex/ExternalLaTexRes/6.2_Donor_Target_Carrier_Owner_Binding_and_Domain_Continuity__formula_01.tex,other,.tex,335,632bdc8d24aafe90d7e9081a58ada6ccb31d3c6f1fe3d175973a4bd177a9247e
ResearchPaper/section/latex/ExternalLaTexRes/6.3_Carrier_Planes_and_Typed_Placement__table_01.tex,other,.tex,882,0f9b6ad85b90cc299b99390e42c03949be6e0247457e9ae6c7314efb430dac5a
ResearchPaper/section/latex/ExternalLaTexRes/6.4_Four_Tuple_Legality__formula_01.tex,other,.tex,211,6d3591449ec058ebe1641effb3115c3f9cc0f9669d8b56b8054bada07ce58b80
ResearchPaper/section/latex/ExternalLaTexRes/6.4_Four_Tuple_Legality__table_01.tex,other,.tex,1643,309e89df0021629e9571b318d1e0d761c46a917ee4882bef178142b389e7a0ea
ResearchPaper/section/latex/ExternalLaTexRes/6.6_Assist_Specific_Backpressure_and_Quota__formula_01.tex,other,.tex,452,2520c692d0f57d317d31cc4d0f1f05a02096102867b07682fe06554ba7b5567d
ResearchPaper/section/latex/ExternalLaTexRes/6.7_Visibility_Invalidation_and_Replay_Boundaries__table_01.tex,other,.tex,1600,f35be44e3b88822ae9582d4f9d22881e4776bb352b225886667d7c112e3746ac
ResearchPaper/section/latex/ExternalLaTexRes/7.1_Replay_as_Explicit_Epoch_Bound_Reuse_and_Invalidation__diagram_01.tex,other,.tex,3568,e65c3a375a82650b3aafd5627d5939412974531c4fcdd98470bded53b04c6d4b
ResearchPaper/section/latex/ExternalLaTexRes/7.1_Replay_as_Explicit_Epoch_Bound_Reuse_and_Invalidation__formula_01.tex,other,.tex,266,d5607d98f2d2fe66c36acbe5aabcf2deffca0cd6f7eec5726638b4eb535db54e
ResearchPaper/section/latex/ExternalLaTexRes/7.4_Invalidation_Taxonomy_and_Replay_Envelope_Boundaries__table_01.tex,other,.tex,1498,b17b5049d97961f848a2a28f489aeca34b35ae2d8979a55c38bc354a01e45716
ResearchPaper/section/latex/ExternalLaTexRes/7.5_Materialization_Retirement_and_Fault_Ordering_Boundaries__diagram_01.tex,other,.tex,3037,92f8b15bde5f3c2df47bbba0f6d6184db8d08d01de8462f5efb2fb04ab22607c
ResearchPaper/section/latex/ExternalLaTexRes/7.7_Bounded_Memory_and_Ordering_Semantics__table_01.tex,other,.tex,1647,d0a812e668d989ade37c8e28da3ab235411989bded8a018b7c055b2a07cf185a
ResearchPaper/section/latex/ExternalLaTexRes/8.2_Telemetry_as_an_Architectural_Evidence_Surface__diagram_01.tex,other,.tex,3077,e45e87814405b8823874a6f665fff533481aeb749ca71f16be17d7956abb978d
ResearchPaper/section/latex/ExternalLaTexRes/8.3_Claim_to_Evidence_Mapping__table_01.tex,other,.tex,3315,bc4169270ffef1b6f69feaf950ca4f5a64d1d51a88bb2ea5afbcd09a4c0c94d0
ResearchPaper/section/latex/ExternalLaTexRes/8.3_Claim_to_Evidence_Mapping__table_02.tex,other,.tex,3544,f157f4c691c406f75d96105f99dc5f4d9480dbc4d38a7bd511213659d716d8ff
ResearchPaper/section/latex/ExternalLaTexRes/8.3_Claim_to_Evidence_Mapping__table_03.tex,other,.tex,3216,b30f27b240982a0a604935f0ed62ea915e28a07ff90a6cdca7016403caa15753
ResearchPaper/section/latex/ExternalLaTexRes/8.3_Claim_to_Evidence_Mapping__table_04.tex,other,.tex,3221,29095c0784cf0a94d8daa532091ac9a5fcdea4975e69dd5c86126c81040033c5
ResearchPaper/section/latex/ExternalLaTexRes/8.4_Experimental_Workload_Classes_and_Protocol__table_01.tex,other,.tex,1949,a9b4af6603967754666916b05e4dd63768002ed36e82119a26ab8c4f09ea5917
ResearchPaper/section/latex/ExternalLaTexRes/8.4_Experimental_Workload_Classes_and_Protocol__table_02.tex,other,.tex,1779,754e4f37c6f5665072aebea89f46cb91ca18a7684d867c3b7746ce736d3557d0
ResearchPaper/section/latex/ExternalLaTexRes/8.5_Metrics_and_Interpretation_Rules__formula_01.tex,other,.tex,148,044d603bfbbb0664b3929dc71ea98a737fb18d88caf40895810d9cdb9f09843e
ResearchPaper/section/latex/ExternalLaTexRes/8.5_Metrics_and_Interpretation_Rules__formula_02.tex,other,.tex,178,eac94ddc51f5f220931f4b4c86bc38ef7f6f4dede3eeb30a458e92ae7c280eac
ResearchPaper/section/latex/ExternalLaTexRes/8.5_Metrics_and_Interpretation_Rules__formula_03.tex,other,.tex,192,a923edcdecf0b88c44852bdc429cce116e3349f64811d22798fb0edfa3a446ce
ResearchPaper/section/latex/ExternalLaTexRes/8.5_Metrics_and_Interpretation_Rules__formula_04.tex,other,.tex,182,f0f3cb207404e1fd2d07098e63e20fbbcf2502d7b78f3b87465d9552e9afb7a3
ResearchPaper/section/latex/ExternalLaTexRes/8.5_Metrics_and_Interpretation_Rules__formula_05.tex,other,.tex,188,a1a8ea57a658b745eccdec520cb336cf9d45027b748a9ee455f7f9d3f022ddf4
ResearchPaper/section/latex/ExternalLaTexRes/8.5_Metrics_and_Interpretation_Rules__formula_06.tex,other,.tex,175,ac391b98c443b2d69886b8788f66fcbaebe96bc7da9b3c2640d214dc427169b0
ResearchPaper/section/latex/ExternalLaTexRes/8.5_Metrics_and_Interpretation_Rules__formula_07.tex,other,.tex,125,34c36fd7ceb7f39292d10b192811df4f5eb465e9f05e75a4a9911ad14003179d
ResearchPaper/section/latex/ExternalLaTexRes/8.5_Metrics_and_Interpretation_Rules__formula_08.tex,other,.tex,147,9e0a25b7049dd8aabc8cf4e4bed82afc7f90ef9d9c8c97b0953bf04099782b66
ResearchPaper/section/latex/ExternalLaTexRes/8.6_Threats_to_Validity_and_Evidence_Boundaries__table_01.tex,other,.tex,2938,36bc9e324c43bdc72f45b1a2b8c264580279d6d0b3a430955f1e188a6e63c81d
ResearchPaper/section/latex/ExternalLaTexRes/8.6_Threats_to_Validity_and_Evidence_Boundaries__table_02.tex,other,.tex,4065,ea1aa2b6588e1bca48220eca7dc29cd55132ccc7ee4dde17d6a38e67cb955a15
ResearchPaper/section/latex/ExternalLaTexRes/9.2_Documented_Runtime_Baseline__table_01.tex,other,.tex,1060,527f5fdb659fc548d691349230ae3be6aba512014a51ec4937be58a761f985f9
ResearchPaper/section/latex/ExternalLaTexRes/9.2a_Long_Run_SPEC_like_Matrix__table_01.tex,other,.tex,2345,a2ba403fba1f62a5dff92c9bd030e140409635e551995f1c3db0bd187462c785
ResearchPaper/section/latex/ExternalLaTexRes/9.3_Bundle_Realization_and_Retired_Width__table_01.tex,other,.tex,1625,8fc21d8254fb943f6ba40a90b4cde5886cbfa74d37610c0c9f3bfeaed6688bfe
ResearchPaper/section/latex/ExternalLaTexRes/9.3_Bundle_Realization_and_Retired_Width__table_02.tex,other,.tex,1194,b4894ae54d31c4c6524a8bf16684861e3e6d0cbd00f1d41f0ee9b8d8abed33ee
ResearchPaper/section/latex/ExternalLaTexRes/9.4_Reject_Taxonomy_and_Strongly_Exercised_Pressure_Surfaces__table_01.tex,other,.tex,948,fd1049f5394b5846dc14bb21a2d064b51f96049314aee24bb1743a93fd0a33b2
ResearchPaper/section/latex/ExternalLaTexRes/9.5_Replay_Reuse_and_Invalidation_Inside_the_Envelope__table_01.tex,other,.tex,1946,418fdc35e3f5495f07214d2b1919dc8cde9a8c7aeca57f36b7b2ba632b4ada76
ResearchPaper/section/latex/Sections/0.0 LaTexHead.tex,other,.tex,3769,146379e7117b09d0998af6a381c696654624027fe7082221bc69a979d5ea0f5b
ResearchPaper/section/latex/Sections/1.0_Introduction.tex,other,.tex,4037,36208b0778a6d84734f959db9d786cdf7e4c1dce01e2254fc6f0f43eca3b8fef
ResearchPaper/section/latex/Sections/1.1_Problem_Statement.tex,other,.tex,1788,fd38c21105db4afee4a2800d4b25e23d24a666aafb3cba9d8856ef603f477f60
ResearchPaper/section/latex/Sections/1.2_Why_Existing_Architectural_Labels_Do_Not_Capture_HybridCPU.tex,other,.tex,1292,414353166d7591a6d0e1291a053bf820d27aa71b524587e2914f1ac51bf88f93
ResearchPaper/section/latex/Sections/1.3_Scope_Implementation_Boundary_and_Claim_Envelope.tex,other,.tex,4280,2097dffbe835f15a7488bfcb97264e2f820f3e6d911898fcd73808dccd74b5f0
ResearchPaper/section/latex/Sections/1.4_Summary_of_Contributions.tex,other,.tex,2282,2f0ed82f9a1d221ad2a7ae7b5c275eae7dcbabd488f75944c8ff243d52af9814
ResearchPaper/section/latex/Sections/10.1.1_Authority_Location_and_Legality.tex,other,.tex,705,878afddf15e0be05dfe0d11f0f77cacc6090b6544470f1b34713f001f32f708a
ResearchPaper/section/latex/Sections/10.1.2_Placement_Semantics.tex,other,.tex,2220,227be1b0f35f1124091dda326ea5b3484dc79e03628612d6b63ad83246739a10
ResearchPaper/section/latex/Sections/10.1.3_Replay_Reuse_and_Invalidation.tex,other,.tex,883,f1dd828020ab08213aa7802d57d136489ab02b1fbc082a219599578f7a0a3518
ResearchPaper/section/latex/Sections/10.1.4_Assist_Integration.tex,other,.tex,710,eca27e6c45d55635f6525eecee3fd67a18ce4195d0f3ecd6b78659d0b699cae8
ResearchPaper/section/latex/Sections/10.1.5_Retire_Discipline_and_Visible_Completion.tex,other,.tex,1277,e808ad99e0f91981a9d111647db5c8834dbb083a2a9927526164ca349f538cfe
ResearchPaper/section/latex/Sections/10.1_Related_Work.tex,other,.tex,634,cff8e7e73bc5fa92166cb76c597f7d97980b2892e59f4235a8645b14bb2440e0
ResearchPaper/section/latex/Sections/10.2_Current_Limitations_and_Non_Goals.tex,other,.tex,4599,fee7bac632afde628a0a4d1e083f727147b6f70b95cc6d688545d3ec45cad140
ResearchPaper/section/latex/Sections/10.3_Conclusion.tex,other,.tex,3570,cc6909c06aa725bcc1a41851800044db812e116e746d3ec50979f2524a4a2745
ResearchPaper/section/latex/Sections/10.4_References.tex,other,.tex,11871,007dd0fc0dd4de6a74c420b132c5fb8fb6363a063fa02a9a3e6b5249904cd369
ResearchPaper/section/latex/Sections/2.0_Background_and_Architectural_Positioning.tex,other,.tex,2185,6f71b6ce462982df2caae18218aa0f312b428acc286b8838c1a0c91bd7497de5
ResearchPaper/section/latex/Sections/2.1_Limits_of_ROB_Centric_Out_of_Order_Comparisons.tex,other,.tex,1035,b4dea6a707927d6465c96f39c2a64f0c83e235a5cb76ed4039f077f8e4279c66
ResearchPaper/section/latex/Sections/2.2_Why_Pure_Static_VLIW_Is_Also_Inadequate.tex,other,.tex,1015,df57c55848897095612b198b382a3a57f00703dd53db03aed4720bf31dab58dd
ResearchPaper/section/latex/Sections/2.3_From_Slack_Recovery_Lineage_to_Execution_Policy_Architecture.tex,other,.tex,1091,33cdc0ed8d006ecc9e0d9219759ea11e13705caf453616564f757bd769322f8b
ResearchPaper/section/latex/Sections/2.4_Positioning_Against_OoO_SMT_VLIW_EPIC_SIMT_and_Adjacent_Classes.tex,other,.tex,2330,2fe0650408e95bbca55dbf38c1a5fa2b246e1f76f1d6d11c4d34a08696883176
ResearchPaper/section/latex/Sections/3.0_Architectural_Overview_and_Frontend_Contract.tex,other,.tex,1908,0772b1d2f3709d0cbe28e5ff8981846226d72508fd554313e5dbaa5151abd507
ResearchPaper/section/latex/Sections/3.1.1_Typed_W_8_Lane_Topology.tex,other,.tex,1666,fcbf6621890796220be8f60721399e8ec00a99d3480eeafaef57b19cac67a916
ResearchPaper/section/latex/Sections/3.1.2_Why_the_compat_bundle_is_2048_bits_and_why_that_matters.tex,other,.tex,2686,d3d11d3c4ac0fa7cedffd7196542a94be654d1457b6e26933336e702c27a7c8f
ResearchPaper/section/latex/Sections/3.1_Canonical_Bundle_Ingress_and_the_Active_Decode_Boundary.tex,other,.tex,1408,5b079d16f1c384ec53d64a5b2ecc27f116320e6c7fa89563e36ae8a132a408b7
ResearchPaper/section/latex/Sections/3.2_4_Way_SMT_Over_a_Typed_W_8_Substrate.tex,other,.tex,861,311d5a01dd93913168b62f87167c6fbd9bc27a07aa4a7620dedd01d8c23a637c
ResearchPaper/section/latex/Sections/3.3_Execution_Bundle_as_a_Decoded_Legality_Carrier.tex,other,.tex,2419,fd3589c79815b721c92b718f82c04d1da7da732431bcad85b840869e7e2297ca
ResearchPaper/section/latex/Sections/3.4_Versioned_Ingress_Contract_and_Staged_Typed_Slot_Facts.tex,other,.tex,2988,db86351b40d17770a76c7241b5d758ab25a66d95c7ae908e93c0a056eb78a021
ResearchPaper/section/latex/Sections/3.5_Execution_Ownership_Domain_Context_and_Authority_Boundaries.tex,other,.tex,1176,da11a963fdc77864dba18b43d40ba2278f72712c2d47f0ef7fc7dc5cd2272e47
ResearchPaper/section/latex/Sections/3.6_Minimal_Architectural_State_and_Transition_Surface.tex,other,.tex,3540,27920f1da284549675b7dd179cf0ad854e2e8d13d1641dec7c2454a016893479
ResearchPaper/section/latex/Sections/4.0_Execution_Bundles_Legality_Analysis_and_Resource_Legality_Witnesses.tex,other,.tex,1468,c71b173ab4a279d88931777a607a438e75aa6513b843b6d4db1f2d31b9fd40c3
ResearchPaper/section/latex/Sections/4.1_Decoded_Legality_Carrier.tex,other,.tex,1593,5e1355a8026c7607426b7e381a76a9f6331a07c08d8a25861645068b86a51ebd
ResearchPaper/section/latex/Sections/4.2_Decode_Local_Structural_Triage_Versus_Runtime_Legality.tex,other,.tex,2030,04482685a2bd3712fe95eebf1f4f6921dbfe42a1f3e906df6d86b3696f65ca54
ResearchPaper/section/latex/Sections/4.3_Structural_Witness_Semantics.tex,other,.tex,2218,67ba9fffa94cf4a776d6e14a5abccc975f34d80b0b0b51c7ca830124f12c04f2
ResearchPaper/section/latex/Sections/4.4_Ordered_Guarded_Decision_Chain.tex,other,.tex,2347,771a79883d0121224f885d9ff538fcd12cc4895ed14f4144038f636892ceaac1
ResearchPaper/section/latex/Sections/4.5_Structural_Identity_Replay_Coordination_and_Invalidation.tex,other,.tex,3269,66af88eb771e9f354489f95e4d6ae0dd5d9af15281ae81f69bf879a80261ff5d
ResearchPaper/section/latex/Sections/4.6_Witness_Scope_and_Transition_to_Admission.tex,other,.tex,1129,7dd2337d3043710c2616c37743006f12fccaf929dbc0394ad8b7c143da5153d2
ResearchPaper/section/latex/Sections/5.0_Two_Stage_Admission_and_Bundle_Compositional_SMT_Packing.tex,other,.tex,2994,f2ee2206e373a8e6edaf90e2c8c8143535f2db67e1607a58bb5119f6c1518d93
ResearchPaper/section/latex/Sections/5.1_Admission_Consumes_Explicit_Legality.tex,other,.tex,1795,595cb3e89b153e021e41054bde367dabbe63679e7a657f1994b04a8ac2f7cc5e
ResearchPaper/section/latex/Sections/5.2_Stage_A_Class_Level_Admission.tex,other,.tex,3625,4489d724492e0c37d6c3cc694e88ac49936a41903afb28ef8022d63b714a471f
ResearchPaper/section/latex/Sections/5.3_Stage_B_Lane_Materialization_on_the_Typed_W_8_Substrate.tex,other,.tex,2527,93353e15f866f810ecb0fe61a80a1a5325f7fe2250252065c83fe878c101c68c
ResearchPaper/section/latex/Sections/5.4_Replay_Aware_Lane_Reuse_Within_the_Envelope.tex,other,.tex,1344,03406369cf87c086ff3dc1c0eb6a81eacdad9bdaabf65d035676d574dc7d4a69
ResearchPaper/section/latex/Sections/5.5_Packing_Policy_and_Dynamic_Pressure.tex,other,.tex,1086,284915a9099246d0340f8ed478d0dca85ca1b3ec1c8fe1d4067a78567e0d9ebc
ResearchPaper/section/latex/Sections/5.6_Reject_Taxonomy_Across_Layers.tex,other,.tex,800,2d4a0748f31554f0a361d6625a15366be8b032e6afe5a87ecf0ecc4eb9e85a96
ResearchPaper/section/latex/Sections/5.7_Scope_Boundary.tex,other,.tex,906,2087c78fa649c943db27c3aee7f8e3dfa78c6de8a2e9aa99e8bf231af1804fdd
ResearchPaper/section/latex/Sections/6.0_Assist_Coupled_Data_Movement_and_Donor_Semantics.tex,other,.tex,1743,38f2f28a0b42f3b1ffdab59671d242f8c63656b07197dfddc495d14b000231e4
ResearchPaper/section/latex/Sections/6.1_Assist_as_an_Explicit_Auxiliary_Plane.tex,other,.tex,1822,a7bffeb099470292418a9040e7c52ef5e80066e00a9ced344e9d024ae9ed34e2
ResearchPaper/section/latex/Sections/6.2_Donor_Target_Carrier_Owner_Binding_and_Domain_Continuity.tex,other,.tex,2116,d17a8ccfdee2a95d84b4f42112730f0b01fc9bb335a18c8847042ca060e04599
ResearchPaper/section/latex/Sections/6.3_Carrier_Planes_and_Typed_Placement.tex,other,.tex,1548,bc09078d37119077728711ec58c1b97e3178e33911436dd7016922a327d01120
ResearchPaper/section/latex/Sections/6.4_Four_Tuple_Legality.tex,other,.tex,1305,dc94bddf8312d71b240b969e5567cb8d229510e221d413edc1118eb29a68fd84
ResearchPaper/section/latex/Sections/6.5_Local_Intra_Core_Inter_Core_and_Pod_Level_Paths.tex,other,.tex,1078,c83635776ee1918553fa23bf387733bcec1dbee686299c5e722edecbc8243684
ResearchPaper/section/latex/Sections/6.6_Assist_Specific_Backpressure_and_Quota.tex,other,.tex,1241,de8d65a36b897c342d2d8783cd563e1781050b2e0f39bdf4d9f477837b6fb7c2
ResearchPaper/section/latex/Sections/6.7_Visibility_Invalidation_and_Replay_Boundaries.tex,other,.tex,2427,932ba89a221133f43f989891b002ea7ae7b69a9a7ea808204f419b3428681697
ResearchPaper/section/latex/Sections/7.0_Replay_Stable_Placement_Replay_Tokens_and_Execution_Boundaries.tex,other,.tex,1318,fed83f1625af47faeef7e2be909b4d01462df79a38735d9ea7946e0030e100ad
ResearchPaper/section/latex/Sections/7.1_Replay_as_Explicit_Epoch_Bound_Reuse_and_Invalidation.tex,other,.tex,2449,6bd326bf34eb3c6be35e6b093f271268228cc9531d3c1481e80bbf4ea66d373d
ResearchPaper/section/latex/Sections/7.2_Replay_Phase_Keys_Class_Templates_and_Bounded_Lane_Reuse.tex,other,.tex,3691,c80d87312cc99cb8093e3a5bea312ef8210b6ee8fe14d4f3a4558ab7f4ff99b7
ResearchPaper/section/latex/Sections/7.3_Replay_Tokens_as_Bounded_Rollback_Carriers.tex,other,.tex,2258,cfb001990d1692e2a4084ef18d1c51c188d5cae6ccc9ccb6ee10936526faf1d8
ResearchPaper/section/latex/Sections/7.4_Invalidation_Taxonomy_and_Replay_Envelope_Boundaries.tex,other,.tex,1374,ee6dfcfe0cceda13666b7c7062ecc4a87490fceeab5323b3f579a7b75942c992
ResearchPaper/section/latex/Sections/7.5_Materialization_Retirement_and_Fault_Ordering_Boundaries.tex,other,.tex,3073,eefba5790774ec453bc72393887f116001a42f2084bb27eab04436d9fe12ca55
ResearchPaper/section/latex/Sections/7.6_Bounded_Guarantees.tex,other,.tex,1721,df78f68f5fd6bfc97179aae59f693479da42ccc7e33e67c583e9963cea2ed632
ResearchPaper/section/latex/Sections/7.7_Bounded_Memory_and_Ordering_Semantics.tex,other,.tex,1985,381850213d325a8b6273646ae042293dd5b6e2788d92cb2f80297cbb44818fb7
ResearchPaper/section/latex/Sections/8.0_Telemetry_Validation_and_Evaluation_Methodology.tex,other,.tex,683,be13bba5a562289cca78d78fd7ae8f58da740d454e2d30162cea99da00e9e18a
ResearchPaper/section/latex/Sections/8.1_Evidence_Philosophy_and_Measurement_Scope.tex,other,.tex,1449,89826d9de05ff6b23f6ca5dee13aa02759701755fbb258487a680aa9c262eb69
ResearchPaper/section/latex/Sections/8.2_Telemetry_as_an_Architectural_Evidence_Surface.tex,other,.tex,1594,d33be02e86dabfc562a0b0b7e405bb83d4b254ef3d879e44bcc8e120fda40767
ResearchPaper/section/latex/Sections/8.3_Claim_to_Evidence_Mapping.tex,other,.tex,1944,0c49832c7e3ec9f3abafcb75d04f5e7fef96d562ff504dca42e6fdbb04fab848
ResearchPaper/section/latex/Sections/8.4_Experimental_Workload_Classes_and_Protocol.tex,other,.tex,2206,c8fa1dbfb4865d1d3dc37d35f90739df75ed366dbba77838a59eb33c80c2cd0b
ResearchPaper/section/latex/Sections/8.5_Metrics_and_Interpretation_Rules.tex,other,.tex,5556,0b6eb887fd4ce59bed0969986b2d2882bb2d6483ab6357cb12995508a292da10
ResearchPaper/section/latex/Sections/8.6_Threats_to_Validity_and_Evidence_Boundaries.tex,other,.tex,3779,c0a02512715f0a458be63a793efdfbaa5cf2f4697f1115328919f8dd532e1d2f
ResearchPaper/section/latex/Sections/8_Telemetry_Validation_and_Evaluation_Methodology.tex,other,.tex,123,1537f9bee34b393609266c4aa4960c6a51c61098dd5ae2c7fcf3d50d3ae4d147
ResearchPaper/section/latex/Sections/9.0_Evaluation.tex,other,.tex,573,4db3f0a10d819d95b43de4ba51dec3edcf90e5a9a3623474b48cf4eb826b1410
ResearchPaper/section/latex/Sections/9.1_Evaluation_Questions.tex,other,.tex,882,b69b3d492e9bcc1ef1478299c5fdc190fad02716cb06a1d293c91b946a1ddb7b
ResearchPaper/section/latex/Sections/9.2_Documented_Runtime_Baseline.tex,other,.tex,1689,e5e45db8c3d2afcc3ccfd24c9bbd41d1e1a941bbbb7d9a62424f4a4651d27f4a
ResearchPaper/section/latex/Sections/9.2a_Long_Run_SPEC_like_Matrix.tex,other,.tex,3362,728314ab8e90c17e0314c9e0e2c7ca8e3646f256c6c1ab3ec299b9cfcabd8e7c
ResearchPaper/section/latex/Sections/9.3_Bundle_Realization_and_Retired_Width.tex,other,.tex,2517,630a636d13c7f2dadd26528927bf521b2d59bfc1d1d1619d4d08ca01669c7214
ResearchPaper/section/latex/Sections/9.4_Reject_Taxonomy_and_Strongly_Exercised_Pressure_Surfaces.tex,other,.tex,2047,2f9a2299b1299711d3443d60a0b636081758a414cfbf46597ba30d622b71239f
ResearchPaper/section/latex/Sections/9.5_Replay_Reuse_and_Invalidation_Inside_the_Envelope.tex,other,.tex,2072,adca164431d091a06c4cc2d16f1263b202bb1de755e2dfdcd9d813bc91fb7cda
ResearchPaper/section/latex/Sections/9.6_Weakly_Exercised_Eligibility_Bank_Hazard_and_Domain_Surfaces.tex,other,.tex,920,54309be3257576948d0099d38f9578570bf6f51acc3d12545a2796f865a12d10
ResearchPaper/section/latex/Sections/9.7_Assist_Coupled_Observations.tex,other,.tex,1628,b720d7436598f0dfc62b6badd9dcd0765e7929eef5895d79b34f9507de5aaf9f
ResearchPaper/section/latex/Sections/9.8_Validation_Boundary_and_Overall_Interpretation.tex,other,.tex,3221,eb3beaa461dce99efdeaf65f76aa43a965a7aa4289f1b34596a20cdc864de0f6
ResearchPaper/section/md base/10_Related_Work_Limitations_and_Conclusion.md,doc,.md,9723,efe19b8feb6b03ca619772c517a486cd7805f0cb36575b5503f1ef9750185bbb
ResearchPaper/section/md base/1_Introduction.md,doc,.md,11216,1e9ece566466311645b8fb51c14dc700db39985380761489e1ce9aa3d089160b
ResearchPaper/section/md base/2_Background_and_Architectural_Positioning.md,doc,.md,6539,6e9921517007fa9f846c96ef297ed6c683e3698aa0830a8315e4e44131173387
ResearchPaper/section/md base/3_Architectural_Overview_and_Frontend_Contract.md,doc,.md,12447,0051dbc72f200778734c3187be3ddbdc12c53b42b8d67242c6ac4ca73efdd490
ResearchPaper/section/md base/4_Execution_Bundles_Legality_Analysis_and_Resource_Certification.md,doc,.md,8994,4c4be7c026075eeb4de9ac0f9faba785d63843619e18b9da4b96d4fbea74737b
ResearchPaper/section/md base/5_Two_Stage_Admission_and_Bundle_Compositional_SMT_Packing.md,doc,.md,14017,193b6d3e20ef44dfc7ff20ddd48563641e922d8fb6482b43870e2c97c311f1ed
ResearchPaper/section/md base/6_Assist_Coupled_Data_Movement_and_Donor_Semantics.md,doc,.md,10614,47f2f1c12fe9e140e0e13cf813d7701c05d5ab90ac273c358b5b4dca2348d21a
ResearchPaper/section/md base/7_Replay_Stable_Placement_Replay_Tokens_and_Execution_Boundaries.md,doc,.md,13325,fc8193b0375f7ea6bc9b5e60aa514e93deb0dae4342c425238dbff4be8e6d412
ResearchPaper/section/md base/8_Telemetry_Validation_and_Evaluation_Methodology.md,doc,.md,15742,f978f96ddd773ae35f56a088c5bd215875060e91a4a4144e0a2956ab820ec80f
ResearchPaper/section/md base/9_Evaluation.md,doc,.md,15443,7af177a5a4b402ab640e486696c21d73f882748a0b9f1bf42d3a1322f267400b
ResearchPaper/section/promps/01_architecture_and_frontend.md,doc,.md,4377,33ee865d08fbec3deef04af0f779e61b0a8190ed70a1423142052b37b8767dca
ResearchPaper/section/promps/02_legality_and_admission.md,doc,.md,4439,67cbb4e37ad2204431286c8d0102eab5bd6cc6fd46192eb7c01cf6d1059f816f
ResearchPaper/section/promps/03_certificate_and_typed_slot.md,doc,.md,4428,e1346e547168077be7ba21f957f9244c3b7e70bf2594091c4aacf9f069836cc3
ResearchPaper/section/promps/04_assist_and_replay.md,doc,.md,4607,ab1c3b7aeeae86a7d71b35e806b84cffc59a313de51213c2d75be0bdb5c177e4
ResearchPaper/section/promps/05_miscellaneous_and_narrative.md,doc,.md,3778,3c1718c0a8630af72a96767d5009957ea93fda6e600ddc1dc5350e125908b039
ResearchPaper/section/promps/audit.md,doc,.md,24929,466da8c746e9316b60615c07a8533217752b0cd08c819c27f6438dd6a490d71f
ResearchPaper/section/work/build_external_formulas_pdf.ps1,other,.ps1,3401,47969d5316fcb176a36d2cb3a22d91eca15531e6cb951ca7fd115892eb9c161d
ResearchPaper/section/work/merge.ps1,other,.ps1,1476,0a24406dffe33c7da08a292a078fcadc74b7d162fdf738ab63a658c1760b2627
ResearchPaper/section/work/merge_latex.ps1,other,.ps1,3481,033fd95022d1d391cbe6acd22fbe4f99f4d51ad1210efd0c4ab1e7e16defbb77
ResearchPaper/section/work/researchpaper_latex_merged.aux,other,.aux,30452,0c62e1289f4f6a4ba9e8dbd2878c3c8e12bca44fd7c184b4e7a72a27873f10e2
ResearchPaper/section/work/researchpaper_latex_merged.out,other,.out,20121,8a8aa3af78777ccfbbeb40f0c1af7ca48d30a4bd5514d4a2bb50b4439b9561f8
ResearchPaper/section/work/researchpaper_latex_merged.pdf,other,.pdf,612884,29840f1ec42ae712e3ebc7b8b582bf3daf13b18de693c4ff81e2b91470ad2cb2
ResearchPaper/section/work/researchpaper_latex_merged.tex,other,.tex,166796,a13a0fa281b314d933d06a69435aa79c2af253a8699e66789f7018b279940d89
ResearchPaper/Исследование HybridCPU ISE (1).md,doc,.md,28331,3cd2254fbe20c56e418bc291d3c1fd4e0241839332d78d7d8c22ecd8f998c2b2
ResearchPaper/Исследование HybridCPU ISE.md,doc,.md,38645,5d7190d86792f533cdc42b1d78460680ccfa8e3af42216adae7cf79a09e44044
TestAssemblerConsoleApps/.dotnet-cli/.dotnet/.workloadAdvertisingManifestSentinel10.0.200,other,.200,0,e3b0c44298fc1c149afbf4c8996fb92427ae41e4649b934ca495991b7852b855
TestAssemblerConsoleApps/.dotnet-cli/.dotnet/10.0.202.aspNetCertificateSentinel,other,.aspnetcertificatesentinel,0,e3b0c44298fc1c149afbf4c8996fb92427ae41e4649b934ca495991b7852b855
TestAssemblerConsoleApps/.dotnet-cli/.dotnet/10.0.202.dotnetFirstUseSentinel,other,.dotnetfirstusesentinel,0,e3b0c44298fc1c149afbf4c8996fb92427ae41e4649b934ca495991b7852b855
TestAssemblerConsoleApps/.dotnet-cli/.dotnet/10.0.202.toolpath.sentinel,other,.sentinel,0,e3b0c44298fc1c149afbf4c8996fb92427ae41e4649b934ca495991b7852b855
TestAssemblerConsoleApps/ArchitecturalDiagnostics.cs,source,.cs,45996,16466b4e6b85dc2d6534d47f825e23376401b58a63f198038b231375afe61608
TestAssemblerConsoleApps/BankDistributionComparisonReport.cs,source,.cs,445,954747bad8242560d00a8735bb2bb41fa15a9609baa2e22f61120fc76ad71a3e
TestAssemblerConsoleApps/CompatAssemblyResolver.cs,source,.cs,1666,d45e626d04da812dccf5fd29d0a50097de72a0cf5487f63adb8b6322fe52508f
TestAssemblerConsoleApps/DiagnosticArtifactManifest.cs,source,.cs,1204,961e6054e84b028e2cbfe0a71395c923a168564c3c5e3e63ec2c3f6be62822b6
TestAssemblerConsoleApps/DiagnosticArtifactWriter.cs,source,.cs,1831,642f7646866323dc4f13bac6f29481a67de9874dc6a3831c28bcb543ddba410d
TestAssemblerConsoleApps/DiagnosticExecutionCheckpoint.cs,source,.cs,1791,f4411fbe3ff157d0019d7ad971f00f36ff9c3bf19945c5a3dc87c5035b740c9a
TestAssemblerConsoleApps/DiagnosticProfileCatalog.cs,source,.cs,11157,50a7e87e33228ed48348be185b63bc81d14e446f48383f33544b557039d5a298
TestAssemblerConsoleApps/DiagnosticProgressArtifactSink.cs,source,.cs,3899,4c67624c2e2293bfd188aeb571504d70da963cc8651c19d96503c7be607739b4
TestAssemblerConsoleApps/DiagnosticRunController.cs,source,.cs,16602,90f3838f4487cfeafc8eb230ae7bbbf58f3b512933f43d4fc2ed813130b6dcd9
TestAssemblerConsoleApps/DiagnosticRunProfile.cs,source,.cs,2957,48818aac58bafc29998ed33a8ed97f8b804b27a5e93531342e26711715e467d2
TestAssemblerConsoleApps/DiagnosticRunResult.cs,source,.cs,407,b0002ac412f21b829e7f533823cf266997fcd82346ff72fd2fe22567fb86a6ea
TestAssemblerConsoleApps/DiagnosticRunStatus.cs,source,.cs,153,ab1713a31a94fb1e187859649b38506efdd86f9ae15cf49c034bdd9154833860
TestAssemblerConsoleApps/DiagnosticRuntimeSession.cs,source,.cs,4100,6953a9aaedc49a13b87d1012c4f376bf0b556e9ef64de52a4516c344beaa1d65
TestAssemblerConsoleApps/DiagnosticTimeoutPartialDump.cs,source,.cs,835,36085561266a0fcbdeee5a6726dd82f8f30238bc2c1f123b9d167ffce279ab8e
TestAssemblerConsoleApps/DiagnosticWorkloadKind.cs,source,.cs,283,c996b12903949650df74c1210b14280622cd856c6f3ac4b070546562e88bbce7
TestAssemblerConsoleApps/Program.cs,source,.cs,82690,0abaf074399cff82dad2c5110c5b884daa74319954d71a691852b06d55510998
TestAssemblerConsoleApps/SimpleAsmApp.cs,source,.cs,35679,e2a323de4ee226022f5cc0c2816be45209437c07d65478034e78d2b7866948fb
TestAssemblerConsoleApps/SimpleAsmApp.Emit.cs,source,.cs,26230,f79f9f97d1983127bbcdcc970dbc81f5d3bd2dd222073e7ce27dc317cfc01022
TestAssemblerConsoleApps/SimpleAsmApp.Init.cs,source,.cs,5273,33f3d10388171dc9032749e86501ade82dd8bc1626b1b00f3ad920ff8c9c7c2a
TestAssemblerConsoleApps/SimpleAsmApp.Metrics.cs,source,.cs,16682,80259ce1c05ca3134f621fe05b605a30fae8df948c6852d4f3bb91460fc42946
TestAssemblerConsoleApps/SimpleAsmApp.Progress.cs,source,.cs,6913,8bc297a4c53fdd7e1560978aae75c7deefdf84f38496cf02ab1e0ea82f99849f
TestAssemblerConsoleApps/SimpleAsmApp.Showcase.cs,source,.cs,26980,e9e99e77e6cd92a5800dda10388df4474856d5dbb8adb6e6886c72bc8c984773
TestAssemblerConsoleApps/SimpleAsmAppEnums.cs,source,.cs,494,f79932f38cf9452040bb20f3d2ec8dad6d622077e2a73471cf3e5adade3738e3
TestAssemblerConsoleApps/SimpleAsmAppMetrics.cs,source,.cs,12082,cfa74c5e8c7c0fd1d6f974ca07bf238d454b72ba82afb43fa6c5465a2d05ec77
TestAssemblerConsoleApps/SimpleAsmMetricComparisonReport.cs,source,.cs,459,a88ca98092100afcfbbcd7d687dd0005ab4fa591e2e73c8b65ca4d96aa9b9fab
TestAssemblerConsoleApps/StreamVectorSpecSuite.cs,source,.cs,53367,7284d07446141cf4bcbe0b2a0473577fb2f9b2716b32f1978cfd4830d8149662
TestAssemblerConsoleApps/TestAssemblerConsoleApps.csproj,project,.csproj,1028,0961e751a525102001acafcf9de45e9914654bf308f0ef21fdf114d20a35fce8
TestAssemblerConsoleApps/WHITEBOOK_SPEC_LIKE.md,doc,.md,12213,9c6240b1e89a92c07fce1d76799bcb3e9bde108d51655c255020bdaf2198c5fe
TestAssemblerConsoleApps/WhiteBookContractDiagnostics.cs,source,.cs,46814,76af6d55fd877a4b1452ff043ec9be2b834a3ed431a18821fc95d31ce678c9b4
tools/generate-vmx-spec,other,,547,e08fe64b0b7e5903ad9d0c877837c07fdfc54a15d7eeb307f58584e8c2952ef1
