symbol,kind,relpath,line,snippet
VMX,usage,forms/Form_Hybrid_CPU/Form_Hybrid_CPU.Designer.cs,1464,"tabPage_VMX.Text = ""VMX"";"
MemorySubsystem,usage,forms/Form_Main.MemorySubsystem/Form_Hybrid_CPU.cs,34,"/// Usage: InvokeHostedModuleMethod(""Form_Main.MemorySubsystem"", ""RefreshMemorySubsystemStats"");"
MemorySubsystem,usage,forms/Form_Main.MemorySubsystem/Form_Hybrid_CPU.cs,80,"/// Usage: InvokeHostedModuleMethod(""Form_Main.MemorySubsystem"", ""RefreshMemoryConfig"");"
VMX,usage,forms/Form_Main.VMXView/Form_Hybrid_CPU.Designer.cs,37,"this.groupBox_VMXView_State.Text = ""VMX State (VMLAUNCH/VMRESUME/VMEXIT)"";"
VMX,usage,forms/Form_Main.VMXView/Form_Main.VMXView.cs,12,/// ISA v2: VMX/VMCS removed from architecture — replaced by CSR-based hypervisor controls.
VMX,usage,forms/Form_Main.VMXView/Form_Main.VMXView.cs,26,"listView_VMCS_Fields.Items.Add(new ListViewItem(new[] { ""Status"", ""VMX removed from ISA v2 — use CSR-based hypervisor controls"" }));"
ACCEL,usage,HybridCPU_Compiler/API/Threading/HybridCpuThreadCompilerContext.cs,157,"""ACCEL_SUBMIT lowering decision did not carry an accelerator command."");"
ACCEL,usage,HybridCPU_Compiler/API/Threading/HybridCpuThreadCompilerContext.cs,189,"""ACCEL_SUBMIT compiler emission cannot carry a runtime fallback promise."");"
ACCEL,usage,HybridCPU_Compiler/API/Threading/HybridCpuThreadCompilerContext.cs,196,const uint opCode = (uint)InstructionsEnum.ACCEL_SUBMIT;
ACCEL,usage,HybridCPU_Compiler/API/Threading/HybridCpuThreadCompilerContext.cs,526,"""L7-SDC compiler emission requires guard-backed owner/domain acceptance before ACCEL_SUBMIT emission. "" +"
ACCEL,usage,HybridCPU_Compiler/Core/IR/Construction/HybridCpuIrBuilder.cs,207,if (opcode != InstructionsEnum.ACCEL_SUBMIT ||
ACCEL,usage,HybridCPU_Compiler/Core/IR/Construction/HybridCpuIrBuilder.cs,211,"""Compiler L7-SDC emission requires explicit accelerator intent and typed ACCEL_SUBMIT descriptor sideband before native opcode emission."");"
VMX,mention,HybridCPU_Compiler/Core/IR/Hazards/HybridCpuHazardModel.cs,64,InstructionClass.Vmx)
VMX,mention,HybridCPU_Compiler/Core/IR/Hazards/HybridCpuOpcodeSemantics.cs,141,InstructionClass.Vmx)
VMX,mention,HybridCPU_Compiler/Core/IR/Hazards/HybridCpuOpcodeSemantics.cs,150,InstructionClass.Vmx;
VMX,usage,HybridCPU_Compiler/Core/IR/Model/CompilerLane7CacheTlbIommuAbiContract.cs,174,"""privilege, address-space selector, TLB shootdown, replay, retire-owned publication, and no VMX/EPT/VPID/NPT alias ABI decisions"","
VMX,usage,HybridCPU_Compiler/Core/IR/Model/CompilerLane7CacheTlbIommuAbiContract.cs,180,"""IOTLB invalidation, device-domain authority, DMA visibility, Lane6 token, quiescence, replay, retire-owned publication, and no VMX/EPT/VPID/NPT alias ABI decisions"","
VMX,usage,HybridCPU_Compiler/Core/IR/Model/CompilerLane7CacheTlbIommuAbiContract.cs,182,"""IOMMU fence completion, device-domain authority, DMA visibility, Lane6 token, quiescence, replay, retire-owned publication, and no VMX/EPT/VPID/NPT alias ABI decisions"","
ACCEL,usage,HybridCPU_Compiler/Core/IR/Model/CompilerLane7DeferredAbiContract.cs,530,"""ACCEL_QUERY_ABI"","
ACCEL,usage,HybridCPU_Compiler/Core/IR/Model/CompilerLane7DeferredAbiContract.cs,540,"""ACCEL_QUERY_TOPOLOGY"","
ACCEL,usage,HybridCPU_Compiler/Core/IR/Model/CompilerLane7DeferredAbiContract.cs,550,"""ACCEL_OPEN"","
ACCEL,usage,HybridCPU_Compiler/Core/IR/Model/CompilerLane7DeferredAbiContract.cs,557,"""ACCEL_CLOSE"","
ACCEL,usage,HybridCPU_Compiler/Core/IR/Model/CompilerLane7DeferredAbiContract.cs,564,"""ACCEL_BIND_QUEUE"","
ACCEL,usage,HybridCPU_Compiler/Core/IR/Model/CompilerLane7DeferredAbiContract.cs,571,"""ACCEL_UNBIND_QUEUE"","
VMX,usage,HybridCPU_Compiler/Core/IR/Model/CompilerNonVmxScalarCapabilityModel.cs,17,/// Compiler-visible Non-VMX scalar capability gate.
VMX,usage,HybridCPU_Compiler/Core/IR/Model/CompilerNonVmxScalarCapabilityModel.cs,57,"$""{mnemonic} compiler emission requires Non-VMX scalar capability {feature}."");"
StreamEngine,usage,HybridCPU_Compiler/Core/IR/Model/CompilerVectorVlmBlockedAbiContract.cs,1576,"""structure movement helper ABI, shape/order sideband, payload canonicalization, active VL/tail behavior, staged publication, replay, and no movement-permutation, segment-memory, or StreamEngine fallback alias decisions"","
VMX,usage,HybridCPU_Compiler/Core/IR/Model/CompilerVectorVlmBlockedAbiContract.cs,698,"""Future helper emission requires a variant-specific dot/tile ABI, scale metadata payload, staged retire/replay, golden evidence, and no fallback to scoped VDOT.WIDE, base dot-product, widening/FMA, Lane6 descriptor, matrix/tile, or VMX-specific paths."","
VMX,usage,HybridCPU_Compiler/Core/IR/Model/CompilerVectorVlmBlockedAbiContract.cs,708,"""Future helper emission requires a variant-specific accumulator dot/tile ABI, staged retire/replay, golden evidence, and no fallback to scoped VDOT.WIDE, base dot-product, widening/FMA, Lane6 descriptor, matrix/tile, or VMX-specific paths."","
VMX,usage,HybridCPU_Compiler/Core/IR/Model/CompilerVectorVlmBlockedAbiContract.cs,1562,"""fixed-point saturation helper ABI, signedness/width/clamp policy, overflow policy, shift policy where applicable, VLM materialization, staged retire publication, replay/rollback/golden evidence, and no VADD.SAT, base arithmetic/shift, scalar helper, Lane6 stream, Lane7 accelerator, VMX-specific, or"
VMX,usage,HybridCPU_Compiler/Core/IR/Model/CompilerVectorVlmBlockedAbiContract.cs,1564,"""fixed-point average/clip helper ABI, average or bounds/result-width policy, rounding/truncation, signedness, VLM materialization, staged retire publication, replay/rollback/golden evidence, and no VADD.SAT, fixed-point saturation, base arithmetic/shift, narrowing/conversion, scalar helper, Lane6 st"
VMX,usage,HybridCPU_Compiler/Core/IR/Model/CompilerVectorVlmBlockedAbiContract.cs,1566,"""variant-specific dot/tile helper ABI, accumulator precision/result footprint, scale metadata or wide-integer contour policy where applicable, deterministic ordering, VLM materialization, staged retire publication, replay/rollback/golden evidence, and no scoped VDOT.WIDE, base dot-product, widening/"
ACCEL,usage,HybridCPU_Compiler/Core/IR/Model/IrAcceleratorModels.cs,10,/// The choice is made before native ACCEL_SUBMIT emission; runtime rejection never
ACCEL,usage,HybridCPU_Compiler/Core/IR/Model/IrAcceleratorModels.cs,40,/// runtime authority and not a fallback promise after ACCEL_SUBMIT exists.
ACCEL,usage,HybridCPU_Compiler/Core/IR/Model/IrAcceleratorModels.cs,153,/// only decide whether the compiler may emit ACCEL_SUBMIT.
ACCEL,usage,HybridCPU_Compiler/Core/IR/Model/IrAcceleratorModels.cs,196,"""L7-SDC compiler intent cannot promise runtime fallback after ACCEL_SUBMIT emission."");"
ACCEL,usage,HybridCPU_Compiler/Core/IR/Model/IrAcceleratorModels.cs,203,"""Accelerator intent selected non-accelerator lowering before native ACCEL_SUBMIT emission.""),"
ACCEL,usage,HybridCPU_Compiler/Core/IR/Model/IrAcceleratorModels.cs,215,"""Compiler accelerator capability model does not support this command; choose CPU/non-accelerator lowering before ACCEL_SUBMIT emission.""),"
ACCEL,usage,HybridCPU_Compiler/Core/IR/Model/IrAcceleratorModels.cs,221,"""Accelerator workload is not coarse enough for L7-SDC emission; choose CPU/non-accelerator lowering before ACCEL_SUBMIT emission.""),"
ACCEL,usage,HybridCPU_Compiler/Core/IR/Model/IrAcceleratorModels.cs,227,"""Compiler capability model selected native lane7 ACCEL_SUBMIT emission."")"
ACCEL,usage,HybridCPU_Compiler/Core/IR/Model/IrAcceleratorModels.cs,249,"$""ACCEL_SUBMIT token destination register must be in [0, {ArchRegId.MaxValue}]."");"
ACCEL,usage,HybridCPU_Compiler/Core/IR/Model/IrAcceleratorModels.cs,266,"""L7-SDC compiler accelerator intent requires typed descriptor sideband before ACCEL_SUBMIT emission."");"
IrResourceClass,definition,HybridCPU_Compiler/Core/IR/Model/IrEnums.cs,24,public enum IrResourceClass
VMX,usage,HybridCPU_Compiler/Legacy/VMX-2/Core/IR/Model/VmxCompilerAuthority.cs,12,/// Compiler-facing VMX authority categories. These are diagnostics and
VMX,usage,HybridCPU_Compiler/Legacy/VMX-2/Core/IR/Model/VmxCompilerAuthority.cs,13,/// preflight facts only; runtime legality remains owned by the VMX runtime.
VMX,usage,HybridCPU_Compiler/Legacy/VMX-2/Core/IR/Model/VmxCompilerAuthority.cs,258,"$""Target does not publish VMX capability {feature}."");"
VMX,usage,HybridCPU_Compiler/Legacy/VMX-2/Core/IR/Model/VmxCompilerAuthority.cs,267,"$""Root runtime policy has not enabled VMX feature {feature}."");"
VMX,mention,HybridCPU_Compiler/Legacy/VMX-2/Core/IR/Model/VmxCompilerAuthority.cs,279,info.Value.InstructionClass != InstructionClass.Vmx ||
VMX,usage,HybridCPU_EnvGUI/Form_Hybrid_CPU.cs,1229,"tabPage_VMX.Text = ""VMX"";"
VMX,usage,HybridCPU_EnvGUI/Form_Main.ExtendedUI.cs,588,"this.tabPage_VMX.Text = ""VMX Virtualization"";"
VMX,usage,HybridCPU_EnvGUI/Form_Main.ExtendedUI.cs,591,"this.groupBox_VMXState.Text = ""VMX State"";"
VMX,usage,HybridCPU_EnvGUI/Form_Main.ExtendedUI.cs,593,"this.label_VMX_State.Text = ""VMX Mode:"";"
VMX,usage,HybridCPU_EnvGUI/Form_Main.ExtendedUI.cs,1115,// ---- Tab: VMX / Virtualization ----
MemorySubsystem,usage,HybridCPU_EnvGUI/Form_Main.Init.cs,198,"InvokeHostedModuleMethod(""Form_Main.MemorySubsystem"", ""RefreshMemorySubsystemStats"");"
MemorySubsystem,usage,HybridCPU_EnvGUI/Form_Main.Init.cs,199,"InvokeHostedModuleMethod(""Form_Main.MemorySubsystem"", ""RefreshMemoryConfig"");"
MemorySubsystem,usage,HybridCPU_EnvGUI/Form_Main.Init.cs,496,"InvokeHostedModuleMethod(""Form_Main.MemorySubsystem"", ""RefreshMemorySubsystemStats"");"
VMX,usage,HybridCPU_EnvGUI/Form_Main.Init.cs,192,// Final refresh of VMX view
MemorySubsystem,usage,HybridCPU_EnvGUI/Form_Main.RefUiInjection.Generated.cs,42,"TryInjectFormProject(""Form_Main.MemorySubsystem"", EnsureModuleTabPage(""Form_Main.MemorySubsystem"", ""Memory Subsystem""));"
VMX,usage,HybridCPU_EnvGUI/SimpleAsmApp.cs,65,const ulong VMX_REGION = 0x200000;    // 2 MB - VMX region (4KB aligned)
VMX,usage,HybridCPU_EnvGUI/SimpleAsmApp.cs,82,"/// This program demonstrates scalar ALU, vector ops, VMX, DMA, and I/O operations"
VMX,usage,HybridCPU_EnvGUI/SimpleAsmApp.cs,117,"// PlatformLevel sections (bitwise+lock, OS kernel, apps, vector, VMX, CSR, DMA, stop)"
VMX,usage,HybridCPU_EnvGUI/SimpleAsmApp.cs,123,EmitVmxDemo();                     // Section 9: VMX Virtualization Demo
VMX,usage,HybridCPU_EnvGUI/SimpleAsmApp.PlatformLevel.cs,636,///////////////////////////////////////////////////////////// Section 9: VMX Virtualization Demo
VMX,usage,HybridCPU_EnvGUI/SimpleAsmApp.PlatformLevel.cs,639,"/// Emits VMX virtualization demo: VMX_ON, VMCS load/clear, VM_WRITE/READ, VMX_OFF, power states."
VMX,usage,HybridCPU_EnvGUI/SimpleAsmApp.PlatformLevel.cs,643,// ISA v2: VMX/VMCS removed from architecture — replaced by CSR-based hypervisor controls
VMX,mention,HybridCPU_ISE.Tests/Architecture/VmxInstructionMetadataConsistencyTests.cs,46,"Assert.Equal(InstructionClass.Vmx, microOp.InstructionClass);"
VMX,mention,HybridCPU_ISE.Tests/Architecture/VmxInstructionMetadataConsistencyTests.cs,132,"Class = InstructionClass.Vmx,"
ACCEL,usage,HybridCPU_ISE.Tests/CompilerTests/CompilerBackendLoweringPhase11Tests.cs,157,"Assert.Contains(""ACCEL_SUBMIT emission"", carrierDecision.Reason, StringComparison.Ordinal);"
ACCEL,usage,HybridCPU_ISE.Tests/CompilerTests/CompilerBackendLoweringPhase11Tests.cs,160,"Assert.Equal(InstructionsEnum.ACCEL_SUBMIT, (InstructionsEnum)lowered.OpCode);"
VMX,usage,HybridCPU_ISE.Tests/CompilerTests/CompilerEmissionInventoryTests.cs,552,"$""{ResolveCompilerOptionalMnemonic(opcode)} compiler emission requires Non-VMX scalar capability {requiredFeature}"","
VMX,usage,HybridCPU_ISE.Tests/CompilerTests/CompilerEmissionInventoryTests.cs,703,"$""{ResolveCompilerOptionalMnemonic(opcode)} compiler emission requires Non-VMX scalar capability {requiredFeature}"","
VMX,usage,HybridCPU_ISE.Tests/CompilerTests/CompilerEmissionInventoryTests.cs,854,"$""{ResolveCompilerOptionalMnemonic(opcode)} compiler emission requires Non-VMX scalar capability {requiredFeature}"","
VMX,usage,HybridCPU_ISE.Tests/CompilerTests/CompilerEmissionInventoryTests.cs,1005,"$""{ResolveCompilerOptionalMnemonic(opcode)} compiler emission requires Non-VMX scalar capability {requiredFeature}"","
VMX,usage,HybridCPU_ISE.Tests/CompilerTests/CompilerEmissionInventoryTests.cs,1267,"Assert.Contains(""CTZ compiler emission requires Non-VMX scalar capability ScalarBitmanipCore"", exception.Message);"
VMX,usage,HybridCPU_ISE.Tests/CompilerTests/CompilerEmissionInventoryTests.cs,1366,"Assert.Contains(""CPOP compiler emission requires Non-VMX scalar capability ScalarBitmanipCore"", exception.Message);"
VMX,usage,HybridCPU_ISE.Tests/CompilerTests/CompilerEmissionInventoryTests.cs,1476,"$""{ResolveCompilerOptionalMnemonic(opcode)} compiler emission requires Non-VMX scalar capability ScalarBitmanipCore"","
VMX,usage,HybridCPU_ISE.Tests/CompilerTests/CompilerEmissionInventoryTests.cs,1777,"""RDCYCLE compiler emission requires Non-VMX scalar capability ScalarSystemCounter"","
VMX,mention,HybridCPU_ISE.Tests/CompilerTests/CompilerEmissionInventoryTests.cs,1815,"Assert.Equal(InstructionClass.Vmx, ir.InstructionClass);"
VMX,mention,HybridCPU_ISE.Tests/CompilerTests/CompilerEmissionInventoryTests.cs,1850,"Assert.Equal(InstructionClass.Vmx, vmx.InstructionClass);"
ACCEL,usage,HybridCPU_ISE.Tests/CompilerTests/CompilerEmissionInventoryTests.cs,2899,"if (contract.Mnemonic == ""ACCEL_QUERY_ABI"")"
VMX,mention,HybridCPU_ISE.Tests/CompilerTests/CompilerMatrixTilePositiveEmissionTests.cs,212,""".ISA.Instructions.Vmx."""
VMX,mention,HybridCPU_ISE.Tests/CompilerTests/CompilerNoEmissionBoundaryTests.cs,191,"""Vmx"","
ACCEL,usage,HybridCPU_ISE.Tests/CompilerTests/CompilerNoEmissionBoundaryTests.cs,782,"""ACCEL_QUERY_CAPS"","
ACCEL,usage,HybridCPU_ISE.Tests/CompilerTests/CompilerNoEmissionBoundaryTests.cs,783,"""ACCEL_POLL"","
ACCEL,usage,HybridCPU_ISE.Tests/CompilerTests/CompilerNoEmissionBoundaryTests.cs,784,"""ACCEL_WAIT"","
ACCEL,usage,HybridCPU_ISE.Tests/CompilerTests/CompilerNoEmissionBoundaryTests.cs,785,"""ACCEL_CANCEL"","
ACCEL,usage,HybridCPU_ISE.Tests/CompilerTests/CompilerNoEmissionBoundaryTests.cs,786,"""ACCEL_FENCE"","
ACCEL,usage,HybridCPU_ISE.Tests/CompilerTests/CompilerNoEmissionBoundaryTests.cs,787,"""ACCEL_STATUS"","
ACCEL,usage,HybridCPU_ISE.Tests/CompilerTests/CompilerNoEmissionBoundaryTests.cs,788,"""ACCEL_GET_RESULT"","
ACCEL,usage,HybridCPU_ISE.Tests/CompilerTests/CompilerNoEmissionBoundaryTests.cs,789,"""ACCEL_RESET"","
ACCEL,usage,HybridCPU_ISE.Tests/CompilerTests/CompilerNoEmissionBoundaryTests.cs,791,"""ACCEL_FFT"","
ACCEL,usage,HybridCPU_ISE.Tests/CompilerTests/CompilerNoEmissionBoundaryTests.cs,792,"""ACCEL_CRYPTO"","
ACCEL,usage,HybridCPU_ISE.Tests/CompilerTests/CompilerNoEmissionBoundaryTests.cs,793,"""ACCEL_HASH"","
ACCEL,usage,HybridCPU_ISE.Tests/CompilerTests/CompilerNoEmissionBoundaryTests.cs,794,"""ACCEL_SPARSE"","
ACCEL,usage,HybridCPU_ISE.Tests/CompilerTests/CompilerNoEmissionBoundaryTests.cs,795,"""ACCEL_GRAPH"","
ACCEL,usage,HybridCPU_ISE.Tests/CompilerTests/L7SdcCompilerPhase12Tests.cs,40,"Assert.Equal(InstructionsEnum.ACCEL_SUBMIT, (InstructionsEnum)raw.OpCode);"
ACCEL,usage,HybridCPU_ISE.Tests/CompilerTests/L7SdcCompilerPhase12Tests.cs,59,"Assert.Equal(InstructionsEnum.ACCEL_SUBMIT, ir.Opcode);"
ACCEL,usage,HybridCPU_ISE.Tests/CompilerTests/L7SdcCompilerPhase12Tests.cs,81,"Assert.Equal(InstructionsEnum.ACCEL_SUBMIT, (InstructionsEnum)lowered.OpCode);"
ACCEL,usage,HybridCPU_ISE.Tests/CompilerTests/L7SdcCompilerPhase12Tests.cs,121,"opCode: (uint)InstructionsEnum.ACCEL_SUBMIT,"
ACCEL,usage,HybridCPU_ISE.Tests/CompilerTests/L7SdcCompilerPhase12Tests.cs,139,[InlineData(InstructionsEnum.ACCEL_QUERY_CAPS)]
ACCEL,usage,HybridCPU_ISE.Tests/CompilerTests/L7SdcCompilerPhase12Tests.cs,140,[InlineData(InstructionsEnum.ACCEL_SUBMIT)]
ACCEL,usage,HybridCPU_ISE.Tests/CompilerTests/L7SdcCompilerPhase12Tests.cs,141,[InlineData(InstructionsEnum.ACCEL_POLL)]
ACCEL,usage,HybridCPU_ISE.Tests/CompilerTests/L7SdcCompilerPhase12Tests.cs,142,[InlineData(InstructionsEnum.ACCEL_WAIT)]
ACCEL,usage,HybridCPU_ISE.Tests/CompilerTests/L7SdcCompilerPhase12Tests.cs,143,[InlineData(InstructionsEnum.ACCEL_CANCEL)]
ACCEL,usage,HybridCPU_ISE.Tests/CompilerTests/L7SdcCompilerPhase12Tests.cs,144,[InlineData(InstructionsEnum.ACCEL_FENCE)]
ACCEL,usage,HybridCPU_ISE.Tests/CompilerTests/L7SdcCompilerPhase12Tests.cs,145,[InlineData(InstructionsEnum.ACCEL_STATUS)]
StreamRegisterFile,usage,HybridCPU_ISE.Tests/EvaluationAndMetrics/StreamRegisterFileBypassTests.cs,12,var srf = new StreamRegisterFile();
StreamRegisterFile,usage,HybridCPU_ISE.Tests/EvaluationAndMetrics/StreamRegisterFileBypassTests.cs,21,var srf = new StreamRegisterFile();
StreamRegisterFile,usage,HybridCPU_ISE.Tests/EvaluationAndMetrics/StreamRegisterFileBypassTests.cs,37,var srf = new StreamRegisterFile();
StreamRegisterFile,usage,HybridCPU_ISE.Tests/EvaluationAndMetrics/StreamRegisterFileBypassTests.cs,56,var srf = new StreamRegisterFile();
StreamRegisterFile,usage,HybridCPU_ISE.Tests/EvaluationAndMetrics/StreamRegisterFileBypassTests.cs,72,var srf = new StreamRegisterFile();
StreamRegisterFile,usage,HybridCPU_ISE.Tests/EvaluationAndMetrics/StreamRegisterFileBypassTests.cs,89,var srf = new StreamRegisterFile();
StreamRegisterFile,usage,HybridCPU_ISE.Tests/EvaluationAndMetrics/StreamRegisterFileBypassTests.cs,113,var srf = new StreamRegisterFile();
StreamRegisterFile,usage,HybridCPU_ISE.Tests/EvaluationAndMetrics/StreamRegisterFileBypassTests.cs,129,var srf = new StreamRegisterFile();
StreamRegisterFile,usage,HybridCPU_ISE.Tests/EvaluationAndMetrics/StreamRegisterFileBypassTests.cs,148,var srf = new StreamRegisterFile();
StreamRegisterFile,usage,HybridCPU_ISE.Tests/EvaluationAndMetrics/StreamRegisterFileBypassTests.cs,163,var srf = new StreamRegisterFile();
StreamRegisterFile,usage,HybridCPU_ISE.Tests/EvaluationAndMetrics/StreamRegisterFileBypassTests.cs,179,var srf = new StreamRegisterFile();
StreamRegisterFile,usage,HybridCPU_ISE.Tests/EvaluationAndMetrics/StreamRegisterFileBypassTests.cs,193,var srf = new StreamRegisterFile();
StreamRegisterFile,usage,HybridCPU_ISE.Tests/EvaluationAndMetrics/StreamRegisterFileBypassTests.cs,202,var srf = new StreamRegisterFile();
StreamRegisterFile,usage,HybridCPU_ISE.Tests/EvaluationAndMetrics/StreamRegisterFileBypassTests.cs,222,var srf = new StreamRegisterFile();
VMX,mention,HybridCPU_ISE.Tests/Generated/VmxSpecConformanceTests.cs,85,"Assert.Equal(InstructionClass.Vmx, microOp.InstructionClass);"
StreamRegisterFile,usage,HybridCPU_ISE.Tests/ISAModel/Q1ReviewIntegrationTests.cs,18,/// - StreamRegisterFile + Performance Reporting
StreamRegisterFile,usage,HybridCPU_ISE.Tests/ISAModel/Q1ReviewIntegrationTests.cs,22,"///               StreamRegisterFile.cs, PerformanceReport.cs"
StreamRegisterFile,usage,HybridCPU_ISE.Tests/ISAModel/Q1ReviewIntegrationTests.cs,113,var srf = new StreamRegisterFile();
StreamRegisterFile,mention,HybridCPU_ISE.Tests/ISAModel/Q1ReviewIntegrationTests.cs,121,// Serve from SRF 5 times
StreamRegisterFile,usage,HybridCPU_ISE.Tests/ISAModel/Q1ReviewIntegrationTests.cs,186,var srf = new StreamRegisterFile();
StreamRegisterFile,mention,HybridCPU_ISE.Tests/ISAModel/Q1ReviewIntegrationTests.cs,201,// 2. SRF bypass
MemorySubsystem,usage,HybridCPU_ISE.Tests/MemoryAndRouting/MemorySubsystemBankSchedulingTests.cs,43,var memory = new MemorySubsystem(ref proc);
MemorySubsystem,usage,HybridCPU_ISE.Tests/MemoryAndRouting/MemorySubsystemBankSchedulingTests.cs,83,var memory = new MemorySubsystem(ref proc);
MemorySubsystem,usage,HybridCPU_ISE.Tests/MemoryAndRouting/MemorySubsystemBankSchedulingTests.cs,125,var memory = new MemorySubsystem(ref proc);
MemorySubsystem,usage,HybridCPU_ISE.Tests/MemoryAndRouting/MemorySubsystemBankSchedulingTests.cs,142,var memory = new MemorySubsystem(ref proc);
MemorySubsystem,usage,HybridCPU_ISE.Tests/MemoryAndRouting/MemorySubsystemBankSchedulingTests.cs,159,var memory = new MemorySubsystem(ref proc);
MemorySubsystem,usage,HybridCPU_ISE.Tests/MemoryAndRouting/MemorySubsystemBankSchedulingTests.cs,179,var memory = new MemorySubsystem(ref proc);
MemorySubsystem,usage,HybridCPU_ISE.Tests/MemoryAndRouting/MemorySubsystemBankSchedulingTests.cs,194,var memory = new MemorySubsystem(ref proc);
MemorySubsystem,usage,HybridCPU_ISE.Tests/MemoryAndRouting/MemorySubsystemBankSchedulingTests.cs,233,var memory = new MemorySubsystem(ref proc)
MemorySubsystem,usage,HybridCPU_ISE.Tests/MemoryAndRouting/MemorySubsystemBankSchedulingTests.cs,258,var memory = new MemorySubsystem(ref proc);
MemorySubsystem,usage,HybridCPU_ISE.Tests/MemoryAndRouting/MemorySubsystemBankSchedulingTests.cs,274,var memory = new MemorySubsystem(ref proc);
MemorySubsystem,usage,HybridCPU_ISE.Tests/PhasingAndExtensions/AssistRuntimeTests.cs,53,MemorySubsystem? savedMemory = Processor.Memory;
MemorySubsystem,usage,HybridCPU_ISE.Tests/PhasingAndExtensions/AssistRuntimeTests.cs,57,Processor.Memory = new MemorySubsystem(ref proc)
StreamRegisterFile,usage,HybridCPU_ISE.Tests/PhasingAndExtensions/AssistRuntimeTests.Part3.cs,903,StreamRegisterFile srf = Processor.Memory!.StreamRegisters;
StreamRegisterFile,usage,HybridCPU_ISE.Tests/PhasingAndExtensions/AssistRuntimeTests.Part5.cs,971,var srf = new StreamRegisterFile(numRegisters: 2);
VMX,usage,HybridCPU_ISE.Tests/PhasingAndExtensions/Phase04/Phase04SerializingEpochTests.cs,442,"/// serialisation class — models a VMX instruction (VMLAUNCH, VMXON, etc.) in the"
VMX,mention,HybridCPU_ISE.Tests/PhasingAndExtensions/Phase04/Phase04SerializingEpochTests.cs,450,InstructionClass   = global::YAKSys_Hybrid_CPU.Arch.InstructionClass.Vmx;
VMX,usage,HybridCPU_ISE.Tests/PhasingAndExtensions/Phase04/Phase04SerializingEpochTests.cs,465,"/// <summary>Create a <see cref=""VmxSerialTestMicroOp""/> representing a VMX boundary instruction.</summary>"
VMX,usage,HybridCPU_ISE.Tests/PhasingAndExtensions/Phase04/Phase04SerializingEpochTests.cs,516,"// Assert: slot 0 still holds the VMX op, not the injected candidate"
MemorySubsystem,usage,HybridCPU_ISE.Tests/SafetyAndVerification/DynamicGRLBMemoryIntegrationTests.cs,14,///   MemorySubsystem.GetHardwareOccupancyMask128()
MemorySubsystem,usage,HybridCPU_ISE.Tests/SafetyAndVerification/DynamicGRLBMemoryIntegrationTests.cs,683,#region MemorySubsystem.GetHardwareOccupancyMask128 Tests
MemorySubsystem,usage,HybridCPU_ISE.Tests/SafetyAndVerification/DynamicGRLBMemoryIntegrationTests.cs,692,var memory = new MemorySubsystem(ref proc);
StreamEngine,usage,HybridCPU_ISE.Tests/SafetyAndVerification/EarlyDomainCertFilteringTests.cs,11,"/// BEFORE they can stimulate TLB, AddressGen, L1 cache, or StreamEngine in EX."
StreamRegisterFile,usage,HybridCPU_ISE.Tests/SafetyAndVerification/RegressionTests.cs,21,"///               StreamRegisterFile.cs, PerformanceReport.cs"
StreamRegisterFile,usage,HybridCPU_ISE.Tests/SafetyAndVerification/RegressionTests.cs,295,#region 6.4 StreamRegisterFile — Non-Interference
StreamRegisterFile,usage,HybridCPU_ISE.Tests/SafetyAndVerification/RegressionTests.cs,301,var srf = new StreamRegisterFile();
StreamRegisterFile,usage,HybridCPU_ISE.Tests/SafetyAndVerification/RegressionTests.cs,319,var srf = new StreamRegisterFile();
MemorySubsystem,usage,HybridCPU_ISE.Tests/SafetyAndVerification/UniversalScoreboardTests.cs,26,"private static MemorySubsystem CreateRuntimeMemorySubsystem(int numBanks, int bankWidthBytes)"
MemorySubsystem,usage,HybridCPU_ISE.Tests/SafetyAndVerification/UniversalScoreboardTests.cs,29,return new MemorySubsystem(ref proc)
MemorySubsystem,usage,HybridCPU_ISE.Tests/SafetyAndVerification/UniversalScoreboardTests.cs,36,"private static void WithProcessorMemory(MemorySubsystem? memory, Action action)"
MemorySubsystem,usage,HybridCPU_ISE.Tests/SafetyAndVerification/UniversalScoreboardTests.cs,38,MemorySubsystem? savedMemory = Processor.Memory;
MemorySubsystem,usage,HybridCPU_ISE.Tests/SafetyAndVerification/UniversalScoreboardTests.cs,375,"MemorySubsystem runtimeMemory = CreateRuntimeMemorySubsystem(numBanks: 16, bankWidthBytes: 128);"
VMX,usage,HybridCPU_ISE.Tests/SecureComputeRefactoring/SecureComputePhase10ReleaseGateTests.cs,39,"new(@""\b(VmcsReadOnlyValueProjectionService|CompatibilityControlDescriptor)\b.*\b(authorizes|allows|permits|enables|grants|opens|unlocks|means|equals)\b.*\b(current\s+readable|readable\s+now|frozen\s+VMX\s+control|VMREAD\s+value|value\s+projection|current\s+value)\b"", RegexOptions.IgnoreCase | Regex"
VMX,usage,HybridCPU_ISE.Tests/SecureComputeRefactoring/SecureComputePhase10ReleaseGateTests.cs,49,"new(@""\b(Stream/Lane6/L7|Stream|Lane6|Lane7|DmaStreamComputeDescriptorParser|ExecutionEnabled)\b.*\b(authorizes|allows|permits|enables|grants|opens|unlocks|activates|is|are|becomes|become)\b.*\b(SecureCompute\s+authority|virtualization\s+authority|VMX\s+authority|secure\s+backend|backend\s+execution"
VMX,usage,HybridCPU_ISE.Tests/SecureComputeRefactoring/SecureComputePhase10ReleaseGateTests.cs,50,"new(@""\b(DmaStreamComputeDescriptorParser\.ExecutionEnabled|ExecutionEnabled)\b.*\b(authorizes|allows|permits|enables|grants|opens|unlocks|activates|means|equals)\b.*\b(SecureCompute|VMX|virtualization|secure\s+backend|backend\s+execution)\b"", RegexOptions.IgnoreCase | RegexOptions.CultureInvariant)"
VMX,usage,HybridCPU_ISE.Tests/SecureComputeRefactoring/SecureComputePhase10ReleaseGateTests.cs,51,"new(@""\b(bounded\s+execution|bounded\s+contours|compiler\s+contours|runtime/compiler\s+contours)\b.*\b(authorizes|allows|permits|enables|grants|opens|unlocks|activates|means|equals)\b.*\b(SecureCompute|VMX|virtualization|secure\s+backend|backend\s+execution)\b"", RegexOptions.IgnoreCase | RegexOption"
VMX,usage,HybridCPU_ISE.Tests/SecureComputeRefactoring/SecureComputePhase10ReleaseGateTests.cs,56,"new(@""\b(secure\s+I/O|secure\s+IO|SecureIoDomainDescriptor|SecureSharedBufferDescriptor|shared-buffer\s+descriptors?|shared\s+buffer\s+descriptors?|ExplicitSharedBuffer|hypercall\s+shared-buffer\s+arguments?|SecureIoHypercallAdmissionPolicy|AdmitIoDma)\b.*\b(authorizes|allows|permits|enables|grants|"
VMX,usage,HybridCPU_ISE.Tests/SecureComputeRefactoring/SecureComputePhase10ReleaseGateTests.cs,57,"new(@""\b(materialized\s+shared-buffer|materialized\s+shared\s+buffer|shared-buffer\s+ID|SharedBufferId|buffer\s+ID|buffer\s+id)\b.*\b(authorizes|allows|permits|enables|grants|opens|unlocks|activates|is|are|becomes|become|counts\s+as|may\s+be|can\s+be|means|equals)\b.*\b(raw\s+pointer\s+admission|sec"
VMX,usage,HybridCPU_ISE.Tests/SecureComputeRefactoring/SecureComputePhase10ReleaseGateTests.cs,63,"new(@""\b(AllowedAdmittedDenied|admitted-denied\s+secure\s+hypercall|admitted-denied\s+hypercall|secure\s+hypercall\s+recognition|hypercall\s+recognition|VMCALL\s+decode|VMCALL\s+projection|VMCALL\s+compatibility\s+trap\s+projection|VMX\s+trap\s+projection|TrapDecision|VmExitReason\.VmCall|VmExitReas"
VMX,usage,HybridCPU_ISE.Tests/SecureComputeRefactoring/SecureComputePhase10ReleaseGateTests.cs,122,"new(@""\b(private\s+memory\s+descriptors?|shared\s+memory\s+descriptors?|measured\s+memory\s+descriptors?|SecureMemoryDomainDescriptor|SecureMemoryAdmissionPolicy|host-inspection\s+metadata|host\s+inspection\s+metadata|SecureHostInspectionPolicy|runtime-dirty\s+classes?|runtime\s+dirty\s+classes?|run"
VMX,usage,HybridCPU_ISE.Tests/SecureComputeRefactoring/SecureComputePhase10ReleaseGateTests.cs,126,"new(@""\b(EPT|VPID|NPT|EPT/VPID|EPT/VPID/NPT|VMX\s+artifacts?|VMX\s+EPT|VMX\s+VPID|VMX\s+NPT|VMREAD\s+schema|VMREAD\s+value\s+projection|VMREAD\s+schema/value\s+projection)\b.*\b(authorizes|allows|permits|enables|grants|opens|unlocks|activates|is|are|becomes|become|counts\s+as|may\s+be|can\s+be|means"
VMX,usage,HybridCPU_ISE.Tests/SecureComputeRefactoring/SecureComputePhase10ReleaseGateTests.cs,179,"Assert.Contains(""Phase 8: VMX deny/projection matrix + negative conformance; not secure VMCS."", plan12);"
VMX,usage,HybridCPU_ISE.Tests/SecureComputeRefactoring/SecureComputePhase10ReleaseGateTests.cs,338,"Assert.Contains(""not SecureCompute, VMX or virtualization authority"", index);"
VMX,usage,HybridCPU_ISE.Tests/SecureComputeRefactoring/SecureComputePhase10ReleaseGateTests.cs,342,"Assert.Contains(""not SecureCompute, VMX or virtualization authority"", phase14);"
VMX,usage,HybridCPU_ISE.Tests/SecureComputeRefactoring/SecureComputePhase10ReleaseGateTests.cs,366,"Assert.Contains(""secure I/O shared-buffer descriptors and hypercall shared-buffer arguments do not become raw pointer admission, host/device pointer authority, VMX/VMCALL authority, backend execution proof or production activation evidence"", phase21);"
VMX,usage,HybridCPU_ISE.Tests/SecureComputeRefactoring/SecureComputePhase10ReleaseGateTests.cs,702,"Assert.Contains(""not hardware tags, tagged-memory semantics, CHERI-like ISA/memory semantics, VMX EPT/VPID/NPT authority, VMREAD/VMWRITE authority, migration authority or production activation evidence"", phase13);"
VMX,usage,HybridCPU_ISE.Tests/SecureComputeRefactoring/SecureComputePhase10ReleaseGateTests.cs,708,"Assert.Contains(""memory/private-domain descriptors, host-inspection metadata, policy-sealed checkpoint payload contracts and runtime dirty/migration classes do not become hardware tags, CHERI-like ISA/memory semantics, VMX EPT/VPID/NPT authority, VMREAD/VMWRITE authority, migration authority or prod"
VMX,usage,HybridCPU_ISE.Tests/SecureComputeRefactoring/SecureComputePhase10ReleaseGateTests.cs,710,"Assert.Contains(""EPT/VPID/NPT/VMX artifacts and VMREAD schema/value projections do not become SecureCompute memory authority"", phase21);"
VMX,usage,HybridCPU_ISE.Tests/SecureComputeRefactoring/SecureComputePlanAuditTests.cs,50,"Assert.Contains(""must not be read as permission to add VMX mode support, secure VMCS state, `VmxCaps` authority"", backlog);"
VMX,usage,HybridCPU_ISE.Tests/SecureComputeRefactoring/SecureComputePlanAuditTests.cs,71,"Assert.Contains(""Default decision: zero VMX exposure."", backlog);"
VMX,usage,HybridCPU_ISE.Tests/SecureComputeRefactoring/SecureComputePlanAuditTests.cs,74,"Assert.Contains(""VMX schema alias is allowed only as generated projection and must remain denied by default."", backlog);"
StreamEngine,usage,HybridCPU_ISE.Tests/TestHelpers/CompatFreezeGateCatalog.cs,81,"RelativePath(""HybridCPU_ISE"", ""Core"", ""Execution"", ""StreamEngine"", ""StreamEngine.cs""),"
StreamEngine,usage,HybridCPU_ISE.Tests/TestHelpers/CompatFreezeGateCatalog.cs,82,"RelativePath(""HybridCPU_ISE"", ""Core"", ""Execution"", ""StreamEngine"", ""StreamExecutionRequest.cs""),"
StreamEngine,usage,HybridCPU_ISE.Tests/TestHelpers/CompatFreezeGateCatalog.cs,169,"RelativePath(""HybridCPU_ISE"", ""Core"", ""Execution"", ""StreamEngine"", ""StreamExecutionRequest.cs""),"
StreamEngine,usage,HybridCPU_ISE.Tests/TestHelpers/CompatFreezeGateCatalog.cs,170,"RelativePath(""HybridCPU_ISE"", ""Core"", ""Execution"", ""StreamEngine"", ""StreamEngine.AddressGen.cs""),"
StreamEngine,usage,HybridCPU_ISE.Tests/TestHelpers/CompatFreezeGateCatalog.cs,171,"RelativePath(""HybridCPU_ISE"", ""Core"", ""Execution"", ""StreamEngine"", ""StreamEngine.Classification.cs""),"
StreamEngine,usage,HybridCPU_ISE.Tests/TestHelpers/CompatFreezeGateCatalog.cs,172,"RelativePath(""HybridCPU_ISE"", ""Core"", ""Execution"", ""StreamEngine"", ""StreamEngine.cs""),"
StreamEngine,usage,HybridCPU_ISE.Tests/TestHelpers/CompatFreezeGateCatalog.cs,173,"RelativePath(""HybridCPU_ISE"", ""Core"", ""Execution"", ""StreamEngine"", ""StreamEngine.Execute1D.cs""),"
StreamEngine,usage,HybridCPU_ISE.Tests/TestHelpers/CompatFreezeGateCatalog.cs,174,"RelativePath(""HybridCPU_ISE"", ""Core"", ""Execution"", ""StreamEngine"", ""StreamEngine.ExecuteModes.cs""),"
StreamEngine,usage,HybridCPU_ISE.Tests/TestHelpers/CompatFreezeGateCatalog.cs,196,"RelativePath(""HybridCPU_ISE"", ""Core"", ""Execution"", ""StreamEngine"", ""StreamEngine.cs""),"
StreamEngine,usage,HybridCPU_ISE.Tests/TestHelpers/CompatFreezeGateCatalog.cs,197,"RelativePath(""HybridCPU_ISE"", ""Core"", ""Execution"", ""StreamEngine"", ""StreamExecutionRequest.cs""),"
StreamEngine,usage,HybridCPU_ISE.Tests/TestHelpers/CompatFreezeGateCatalog.cs,202,"RelativePath(""HybridCPU_ISE"", ""Core"", ""Execution"", ""StreamEngine""),"
VectorALU,usage,HybridCPU_ISE.Tests/TestHelpers/CompatFreezeGateCatalog.cs,162,"RelativePath(""HybridCPU_ISE"", ""Core"", ""Execution"", ""Compute"", ""VectorALU.Comparison.cs""),"
VectorALU,usage,HybridCPU_ISE.Tests/TestHelpers/CompatFreezeGateCatalog.cs,163,"RelativePath(""HybridCPU_ISE"", ""Core"", ""Execution"", ""Compute"", ""VectorALU.cs""),"
VectorALU,usage,HybridCPU_ISE.Tests/TestHelpers/CompatFreezeGateCatalog.cs,164,"RelativePath(""HybridCPU_ISE"", ""Core"", ""Execution"", ""Compute"", ""VectorALU.FMA.cs""),"
VectorALU,usage,HybridCPU_ISE.Tests/TestHelpers/CompatFreezeGateCatalog.cs,165,"RelativePath(""HybridCPU_ISE"", ""Core"", ""Execution"", ""Compute"", ""VectorALU.Reduction.cs""),"
ACCEL,usage,HybridCPU_ISE.Tests/TestHelpers/CompilerFailClosedEmissionInventory.cs,241,"Row(""ACCEL_QUERY_ABI"", ""ACCEL_QUERY_ABI"", ""AccelQueryAbi""),"
ACCEL,usage,HybridCPU_ISE.Tests/TestHelpers/CompilerFailClosedEmissionInventory.cs,242,"Row(""ACCEL_QUERY_TOPOLOGY"", ""ACCEL_QUERY_TOPOLOGY"", ""AccelQueryTopology""),"
ACCEL,usage,HybridCPU_ISE.Tests/TestHelpers/CompilerFailClosedEmissionInventory.cs,243,"Row(""ACCEL_OPEN"", ""ACCEL_OPEN"", ""AccelOpen""),"
ACCEL,usage,HybridCPU_ISE.Tests/TestHelpers/CompilerFailClosedEmissionInventory.cs,244,"Row(""ACCEL_CLOSE"", ""ACCEL_CLOSE"", ""AccelClose""),"
ACCEL,usage,HybridCPU_ISE.Tests/TestHelpers/CompilerFailClosedEmissionInventory.cs,245,"Row(""ACCEL_BIND_QUEUE"", ""ACCEL_BIND_QUEUE"", ""AccelBindQueue""),"
ACCEL,usage,HybridCPU_ISE.Tests/TestHelpers/CompilerFailClosedEmissionInventory.cs,246,"Row(""ACCEL_UNBIND_QUEUE"", ""ACCEL_UNBIND_QUEUE"", ""AccelUnbindQueue"")"
MemorySubsystem,usage,HybridCPU_ISE.Tests/TestHelpers/ObservationServiceTestFactory.cs,20,"MemorySubsystem? memorySubsystem = null,"
MemorySubsystem,usage,HybridCPU_ISE.Tests/TestHelpers/ObservationServiceTestFactory.cs,48,private readonly MemorySubsystem? _memorySubsystem;
MemorySubsystem,usage,HybridCPU_ISE.Tests/TestHelpers/ObservationServiceTestFactory.cs,54,MemorySubsystem? memorySubsystem = null)
MemorySubsystem,usage,HybridCPU_ISE.Tests/TestHelpers/ObservationServiceTestFactory.cs,98,public MemorySubsystem? GetMemorySubsystem() => _memorySubsystem;
MemorySubsystem,usage,HybridCPU_ISE.Tests/TestHelpers/ProcessorMemoryScope.cs,9,"internal static void WithProcessorMemory(MemorySubsystem? memory, Action action)"
MemorySubsystem,usage,HybridCPU_ISE.Tests/TestHelpers/ProcessorMemoryScope.cs,13,MemorySubsystem? savedMemory = Processor.Memory;
MemorySubsystem,usage,HybridCPU_ISE.Tests/TestHelpers/ProcessorMemoryScope.cs,25,"internal static T WithProcessorMemory<T>(MemorySubsystem? memory, Func<T> action)"
MemorySubsystem,usage,HybridCPU_ISE.Tests/TestHelpers/ProcessorMemoryScope.cs,29,MemorySubsystem? savedMemory = Processor.Memory;
MemorySubsystem,usage,HybridCPU_ISE.Tests/TestHelpers/ProcessorMemoryScope.cs,41,"internal static MemorySubsystem CreateMemorySubsystem(int numBanks, int bankWidthBytes)"
MemorySubsystem,usage,HybridCPU_ISE.Tests/TestHelpers/ProcessorMemoryScope.cs,44,return new MemorySubsystem(ref proc)
VMX,mention,HybridCPU_ISE.Tests/TestHelpers/RetireWindowCaptureTestHelper.cs,17,"Vmx = 4,"
VMX,mention,HybridCPU_ISE.Tests/TestHelpers/RetireWindowCaptureTestHelper.cs,65,case Processor.CPU_Core.RetireWindowEffectKind.Vmx:
VMX,mention,HybridCPU_ISE.Tests/TestHelpers/RetireWindowCaptureTestHelper.cs,66,return RetireWindowCaptureEffectKind.Vmx;
VMX,mention,HybridCPU_ISE.Tests/TestHelpers/RetireWindowCaptureTestHelper.cs,98,"TryFindEffect(Processor.CPU_Core.RetireWindowEffectKind.Vmx, out _);"
VMX,mention,HybridCPU_ISE.Tests/TestHelpers/RetireWindowCaptureTestHelper.cs,113,FindEffectOrDefault(Processor.CPU_Core.RetireWindowEffectKind.Vmx).VmxEffect;
StreamEngine,usage,HybridCPU_ISE.Tests/tests/AddressingBackendResolverPhase06Tests.cs,509,"Path.Combine(""HybridCPU_ISE"", ""Core"", ""Execution"", ""StreamEngine"", ""StreamEngine.BurstIO.cs"")"
BurstIO,usage,HybridCPU_ISE.Tests/tests/AddressingBackendResolverPhase06Tests.cs,495,"""BurstIO"","
BurstIO,usage,HybridCPU_ISE.Tests/tests/AddressingBackendResolverPhase06Tests.cs,509,"Path.Combine(""HybridCPU_ISE"", ""Core"", ""Execution"", ""StreamEngine"", ""StreamEngine.BurstIO.cs"")"
StreamRegisterFile,usage,HybridCPU_ISE.Tests/tests/CachePrefetchNonCoherentPhase09Tests.cs,81,var srf = new StreamRegisterFile();
StreamRegisterFile,usage,HybridCPU_ISE.Tests/tests/CachePrefetchNonCoherentPhase09Tests.cs,100,"Assert.Equal(StreamRegisterFile.RegisterState.Invalid, srf.GetRegisterState(register));"
ACCEL,usage,HybridCPU_ISE.Tests/tests/DmaStreamComputeStatusPhase07Tests.cs,250,"Assert.Equal(IsaInstructionStatus.OptionalEnabled, InstructionSupportStatusCatalog.GetStatus(""ACCEL_WAIT"").Status);"
ACCEL,usage,HybridCPU_ISE.Tests/tests/DmaStreamComputeStatusPhase07Tests.cs,251,"Assert.Equal(IsaInstructionStatus.OptionalEnabled, InstructionSupportStatusCatalog.GetStatus(""ACCEL_CANCEL"").Status);"
StreamEngine,usage,HybridCPU_ISE.Tests/tests/GlobalMemoryConflictServicePhase05Tests.cs,332,"Path.Combine(""HybridCPU_ISE"", ""Core"", ""Execution"", ""StreamEngine"", ""StreamEngine.BurstIO.cs"")"
BurstIO,usage,HybridCPU_ISE.Tests/tests/GlobalMemoryConflictServicePhase05Tests.cs,332,"Path.Combine(""HybridCPU_ISE"", ""Core"", ""Execution"", ""StreamEngine"", ""StreamEngine.BurstIO.cs"")"
VMX,usage,HybridCPU_ISE.Tests/tests/IsaV4SurfaceTests.cs,202,/// VMX instruction plane must be fully present in the mandatory core.
VMX,mention,HybridCPU_ISE.Tests/tests/IsaV4SurfaceTests.cs,270,"Assert.Contains(""Vmx"", IsaV4Surface.MandatoryCoreClasses);"
StreamEngine,usage,HybridCPU_ISE.Tests/tests/L7SdcBackendTests.cs,328,"Assert.DoesNotContain(""StreamEngine"", externalAcceleratorSource, StringComparison.Ordinal);"
VectorALU,usage,HybridCPU_ISE.Tests/tests/L7SdcBackendTests.cs,329,"Assert.DoesNotContain(""VectorALU"", externalAcceleratorSource, StringComparison.Ordinal);"
StreamRegisterFile,usage,HybridCPU_ISE.Tests/tests/L7SdcCommitTests.cs,526,var srf = new YAKSys_Hybrid_CPU.Memory.StreamRegisterFile();
StreamRegisterFile,usage,HybridCPU_ISE.Tests/tests/L7SdcCommitTests.cs,567,"YAKSys_Hybrid_CPU.Memory.StreamRegisterFile.RegisterState.Valid,"
StreamRegisterFile,usage,HybridCPU_ISE.Tests/tests/L7SdcCommitTests.cs,617,"YAKSys_Hybrid_CPU.Memory.StreamRegisterFile.RegisterState.Valid,"
ACCEL,usage,HybridCPU_ISE.Tests/tests/L7SdcCryptoSparseDescriptorTaxonomyPhase09Tests.cs,188,"Assert.DoesNotContain(""ACCEL_CRYPTO"", compilerText, StringComparison.Ordinal);"
ACCEL,usage,HybridCPU_ISE.Tests/tests/L7SdcCryptoSparseDescriptorTaxonomyPhase09Tests.cs,189,"Assert.DoesNotContain(""ACCEL_HASH"", compilerText, StringComparison.Ordinal);"
ACCEL,usage,HybridCPU_ISE.Tests/tests/L7SdcCryptoSparseDescriptorTaxonomyPhase09Tests.cs,190,"Assert.DoesNotContain(""ACCEL_SPARSE"", compilerText, StringComparison.Ordinal);"
ACCEL,usage,HybridCPU_ISE.Tests/tests/L7SdcCryptoSparseDescriptorTaxonomyPhase09Tests.cs,191,"Assert.DoesNotContain(""ACCEL_GRAPH"", compilerText, StringComparison.Ordinal);"
ACCEL,usage,HybridCPU_ISE.Tests/tests/L7SdcCryptoSparseDescriptorTaxonomyPhase09Tests.cs,192,"Assert.DoesNotContain(""ACCEL_DSP"", compilerText, StringComparison.Ordinal);"
ACCEL,usage,HybridCPU_ISE.Tests/tests/L7SdcCryptoSparseDescriptorTaxonomyPhase09Tests.cs,193,"Assert.DoesNotContain(""ACCEL_COMPRESS"", compilerText, StringComparison.Ordinal);"
ACCEL,usage,HybridCPU_ISE.Tests/tests/L7SdcCryptoSparseDescriptorTaxonomyPhase09Tests.cs,194,"Assert.DoesNotContain(""ACCEL_MEDIA"", compilerText, StringComparison.Ordinal);"
StreamEngine,usage,HybridCPU_ISE.Tests/tests/L7SdcDocumentationClaimSafetyTests.cs,179,"""Documentation/Stream WhiteBook/StreamEngine DmaStreamCompute/02_DmaStreamCompute.md"");"
StreamEngine,usage,HybridCPU_ISE.Tests/tests/L7SdcDocumentationClaimSafetyTests.cs,210,"line.Contains(""Documentation/StreamEngine DmaStreamCompute and ExternalAccelerators"", StringComparison.Ordinal);"
StreamEngine,usage,HybridCPU_ISE.Tests/tests/L7SdcDocumentationClaimSafetyTests.cs,254,"Path.Combine(repoRoot, ""Documentation"", ""Stream WhiteBook"", ""StreamEngine DmaStreamCompute""),"
ACCEL,usage,HybridCPU_ISE.Tests/tests/L7SdcDocumentationClaimSafetyTests.cs,152,"Assert.Contains(""ACCEL_SUBMIT"", text, StringComparison.OrdinalIgnoreCase);"
ACCEL,usage,HybridCPU_ISE.Tests/tests/L7SdcDocumentationClaimSafetyTests.cs,242,"Assert.Contains(""No executable ACCEL_FENCE"", combined, StringComparison.Ordinal);"
ACCEL,usage,HybridCPU_ISE.Tests/tests/L7SdcFftDescriptorTaxonomyPhase09Tests.cs,264,"Assert.DoesNotContain(""ACCEL_FFT"", compilerText, StringComparison.Ordinal);"
ACCEL,usage,HybridCPU_ISE.Tests/tests/L7SdcFftDescriptorTaxonomyPhase09Tests.cs,265,"Assert.DoesNotContain(""ACCEL_DSP"", compilerText, StringComparison.Ordinal);"
ACCEL,usage,HybridCPU_ISE.Tests/tests/L7SdcFftDescriptorTaxonomyPhase09Tests.cs,266,"Assert.DoesNotContain(""ACCEL_CRYPTO"", compilerText, StringComparison.Ordinal);"
ACCEL,usage,HybridCPU_ISE.Tests/tests/L7SdcFftDescriptorTaxonomyPhase09Tests.cs,267,"Assert.DoesNotContain(""ACCEL_COMPRESS"", compilerText, StringComparison.Ordinal);"
ACCEL,usage,HybridCPU_ISE.Tests/tests/L7SdcFftDescriptorTaxonomyPhase09Tests.cs,268,"Assert.DoesNotContain(""ACCEL_MEDIA"", compilerText, StringComparison.Ordinal);"
ACCEL,usage,HybridCPU_ISE.Tests/tests/L7SdcHardPinnedPlacementTests.cs,50,rawSlots[6] = L7SdcPhase03TestCases.CreateNativeInstruction(InstructionsEnum.ACCEL_SUBMIT);
ACCEL,usage,HybridCPU_ISE.Tests/tests/L7SdcHardPinnedPlacementTests.cs,61,"(uint)InstructionsEnum.ACCEL_SUBMIT,"
ACCEL,usage,HybridCPU_ISE.Tests/tests/L7SdcHardPinnedPlacementTests.cs,62,new DecoderContext { OpCode = (uint)InstructionsEnum.ACCEL_SUBMIT });
ACCEL,usage,HybridCPU_ISE.Tests/tests/L7SdcHardPinnedPlacementTests.cs,75,rawSlots[7] = L7SdcPhase03TestCases.CreateNativeInstruction(InstructionsEnum.ACCEL_SUBMIT);
ACCEL,usage,HybridCPU_ISE.Tests/tests/L7SdcHardPinnedPlacementTests.cs,91,"Assert.Equal(InstructionsEnum.ACCEL_SUBMIT, (InstructionsEnum)instruction.CanonicalOpcode.Value);"
ACCEL,usage,HybridCPU_ISE.Tests/tests/L7SdcInstructionTransportSidebandTests.cs,40,rawSlots[7] = L7SdcPhase03TestCases.CreateNativeInstruction(InstructionsEnum.ACCEL_SUBMIT);
ACCEL,usage,HybridCPU_ISE.Tests/tests/L7SdcInstructionTransportSidebandTests.cs,78,"CanonicalOpcode = InstructionsEnum.ACCEL_SUBMIT,"
ACCEL,usage,HybridCPU_ISE.Tests/tests/L7SdcInstructionTransportSidebandTests.cs,88,rawSlots[7] = L7SdcPhase03TestCases.CreateNativeInstruction(InstructionsEnum.ACCEL_SUBMIT);
ACCEL,usage,HybridCPU_ISE.Tests/tests/L7SdcInstructionTransportSidebandTests.cs,109,"CanonicalOpcode = InstructionsEnum.ACCEL_POLL,"
ACCEL,usage,HybridCPU_ISE.Tests/tests/L7SdcInstructionTransportSidebandTests.cs,120,rawSlots[7] = L7SdcPhase03TestCases.CreateNativeInstruction(InstructionsEnum.ACCEL_POLL);
ACCEL,usage,HybridCPU_ISE.Tests/tests/L7SdcInstructionTransportSidebandTests.cs,130,"Assert.Contains(""non-ACCEL_SUBMIT"", trap.TrapReason, StringComparison.Ordinal);"
ACCEL,usage,HybridCPU_ISE.Tests/tests/L7SdcInstructionTransportSidebandTests.cs,139,rawSlots[7] = L7SdcPhase03TestCases.CreateNativeInstruction(InstructionsEnum.ACCEL_SUBMIT);
ACCEL,usage,HybridCPU_ISE.Tests/tests/L7SdcNativeCarrierValidationTests.cs,24,rawSlots[7] = L7SdcPhase03TestCases.CreateNativeInstruction(InstructionsEnum.ACCEL_SUBMIT);
ACCEL,usage,HybridCPU_ISE.Tests/tests/L7SdcNativeCarrierValidationTests.cs,29,"Assert.Contains(""ACCEL_SUBMIT"", ex.Message, StringComparison.Ordinal);"
ACCEL,usage,HybridCPU_ISE.Tests/tests/L7SdcNativeCarrierValidationTests.cs,40,rawSlots[7] = L7SdcPhase03TestCases.CreateNativeInstruction(InstructionsEnum.ACCEL_SUBMIT);
ACCEL,usage,HybridCPU_ISE.Tests/tests/L7SdcNativeCarrierValidationTests.cs,60,rawSlots[6] = L7SdcPhase03TestCases.CreateNativeInstruction(InstructionsEnum.ACCEL_SUBMIT);
ACCEL,usage,HybridCPU_ISE.Tests/tests/L7SdcNativeCarrierValidationTests.cs,78,rawSlots[7] = L7SdcPhase03TestCases.CreateNativeInstruction(InstructionsEnum.ACCEL_SUBMIT);
ACCEL,usage,HybridCPU_ISE.Tests/tests/L7SdcNativeCarrierValidationTests.cs,96,rawSlots[7] = L7SdcPhase03TestCases.CreateNativeInstruction(InstructionsEnum.ACCEL_POLL);
ACCEL,usage,HybridCPU_ISE.Tests/tests/L7SdcNativeCarrierValidationTests.cs,105,"Assert.Contains(""ACCEL_SUBMIT"", ex.Message, StringComparison.Ordinal);"
ACCEL,usage,HybridCPU_ISE.Tests/tests/L7SdcNativeCarrierValidationTests.cs,122,rawSlots[7] = L7SdcPhase03TestCases.CreateNativeInstruction(InstructionsEnum.ACCEL_SUBMIT);
ACCEL,usage,HybridCPU_ISE.Tests/tests/L7SdcNativeCarrierValidationTests.cs,167,rawSlots[6] = L7SdcPhase03TestCases.CreateNativeInstruction(InstructionsEnum.ACCEL_SUBMIT);
ACCEL,usage,HybridCPU_ISE.Tests/tests/L7SdcNativeCarrierValidationTests.cs,191,var raw = L7SdcPhase03TestCases.CreateNativeInstruction(InstructionsEnum.ACCEL_SUBMIT);
StreamEngine,usage,HybridCPU_ISE.Tests/tests/L7SdcNoBranchControlAuthorityTests.cs,169,"Assert.DoesNotContain(""StreamEngine"", source, StringComparison.Ordinal);"
VectorALU,usage,HybridCPU_ISE.Tests/tests/L7SdcNoBranchControlAuthorityTests.cs,170,"Assert.DoesNotContain(""VectorALU"", source, StringComparison.Ordinal);"
ACCEL,usage,HybridCPU_ISE.Tests/tests/L7SdcNoBranchControlAuthorityTests.cs,120,InstructionsEnum.ACCEL_SUBMIT);
ACCEL,usage,HybridCPU_ISE.Tests/tests/L7SdcNoBranchControlAuthorityTests.cs,149,"(uint)InstructionsEnum.ACCEL_SUBMIT,"
ACCEL,usage,HybridCPU_ISE.Tests/tests/L7SdcNoBranchControlAuthorityTests.cs,150,new DecoderContext { OpCode = (uint)InstructionsEnum.ACCEL_SUBMIT });
ACCEL,usage,HybridCPU_ISE.Tests/tests/L7SdcOpcodeSurfaceTests.cs,157,"InstructionsEnum.ACCEL_QUERY_CAPS,"
ACCEL,usage,HybridCPU_ISE.Tests/tests/L7SdcOpcodeSurfaceTests.cs,159,"""ACCEL_QUERY_CAPS"","
ACCEL,usage,HybridCPU_ISE.Tests/tests/L7SdcOpcodeSurfaceTests.cs,164,"InstructionsEnum.ACCEL_SUBMIT,"
ACCEL,usage,HybridCPU_ISE.Tests/tests/L7SdcOpcodeSurfaceTests.cs,166,"""ACCEL_SUBMIT"","
ACCEL,usage,HybridCPU_ISE.Tests/tests/L7SdcOpcodeSurfaceTests.cs,171,"InstructionsEnum.ACCEL_POLL,"
ACCEL,usage,HybridCPU_ISE.Tests/tests/L7SdcOpcodeSurfaceTests.cs,173,"""ACCEL_POLL"","
ACCEL,usage,HybridCPU_ISE.Tests/tests/L7SdcOpcodeSurfaceTests.cs,178,"InstructionsEnum.ACCEL_WAIT,"
ACCEL,usage,HybridCPU_ISE.Tests/tests/L7SdcOpcodeSurfaceTests.cs,180,"""ACCEL_WAIT"","
ACCEL,usage,HybridCPU_ISE.Tests/tests/L7SdcOpcodeSurfaceTests.cs,185,"InstructionsEnum.ACCEL_CANCEL,"
ACCEL,usage,HybridCPU_ISE.Tests/tests/L7SdcOpcodeSurfaceTests.cs,187,"""ACCEL_CANCEL"","
ACCEL,usage,HybridCPU_ISE.Tests/tests/L7SdcOpcodeSurfaceTests.cs,192,"InstructionsEnum.ACCEL_FENCE,"
ACCEL,usage,HybridCPU_ISE.Tests/tests/L7SdcOpcodeSurfaceTests.cs,194,"""ACCEL_FENCE"","
ACCEL,usage,HybridCPU_ISE.Tests/tests/L7SdcOpcodeSurfaceTests.cs,199,"InstructionsEnum.ACCEL_STATUS,"
ACCEL,usage,HybridCPU_ISE.Tests/tests/L7SdcOpcodeSurfaceTests.cs,201,"""ACCEL_STATUS"","
ACCEL,usage,HybridCPU_ISE.Tests/tests/L7SdcOpcodeSurfaceTests.cs,211,"InstructionsEnum.ACCEL_QUERY_CAPS,"
ACCEL,usage,HybridCPU_ISE.Tests/tests/L7SdcOpcodeSurfaceTests.cs,213,"""ACCEL_QUERY_CAPS"","
ACCEL,usage,HybridCPU_ISE.Tests/tests/L7SdcOpcodeSurfaceTests.cs,218,"InstructionsEnum.ACCEL_SUBMIT,"
ACCEL,usage,HybridCPU_ISE.Tests/tests/L7SdcOpcodeSurfaceTests.cs,220,"""ACCEL_SUBMIT"","
ACCEL,usage,HybridCPU_ISE.Tests/tests/L7SdcOpcodeSurfaceTests.cs,225,"InstructionsEnum.ACCEL_POLL,"
ACCEL,usage,HybridCPU_ISE.Tests/tests/L7SdcOpcodeSurfaceTests.cs,227,"""ACCEL_POLL"","
ACCEL,usage,HybridCPU_ISE.Tests/tests/L7SdcOpcodeSurfaceTests.cs,232,"InstructionsEnum.ACCEL_WAIT,"
ACCEL,usage,HybridCPU_ISE.Tests/tests/L7SdcOpcodeSurfaceTests.cs,234,"""ACCEL_WAIT"","
ACCEL,usage,HybridCPU_ISE.Tests/tests/L7SdcOpcodeSurfaceTests.cs,239,"InstructionsEnum.ACCEL_CANCEL,"
ACCEL,usage,HybridCPU_ISE.Tests/tests/L7SdcOpcodeSurfaceTests.cs,241,"""ACCEL_CANCEL"","
ACCEL,usage,HybridCPU_ISE.Tests/tests/L7SdcOpcodeSurfaceTests.cs,246,"InstructionsEnum.ACCEL_FENCE,"
ACCEL,usage,HybridCPU_ISE.Tests/tests/L7SdcOpcodeSurfaceTests.cs,248,"""ACCEL_FENCE"","
ACCEL,usage,HybridCPU_ISE.Tests/tests/L7SdcOpcodeSurfaceTests.cs,253,"InstructionsEnum.ACCEL_STATUS,"
ACCEL,usage,HybridCPU_ISE.Tests/tests/L7SdcOpcodeSurfaceTests.cs,255,"""ACCEL_STATUS"","
ACCEL,usage,HybridCPU_ISE.Tests/tests/L7SdcOpcodeSurfaceTests.cs,263,"InstructionsEnum.ACCEL_QUERY_CAPS => IsaOpcodeValues.ACCEL_QUERY_CAPS,"
ACCEL,usage,HybridCPU_ISE.Tests/tests/L7SdcOpcodeSurfaceTests.cs,264,"InstructionsEnum.ACCEL_SUBMIT => IsaOpcodeValues.ACCEL_SUBMIT,"
ACCEL,usage,HybridCPU_ISE.Tests/tests/L7SdcOpcodeSurfaceTests.cs,265,"InstructionsEnum.ACCEL_POLL => IsaOpcodeValues.ACCEL_POLL,"
ACCEL,usage,HybridCPU_ISE.Tests/tests/L7SdcOpcodeSurfaceTests.cs,266,"InstructionsEnum.ACCEL_WAIT => IsaOpcodeValues.ACCEL_WAIT,"
ACCEL,usage,HybridCPU_ISE.Tests/tests/L7SdcOpcodeSurfaceTests.cs,267,"InstructionsEnum.ACCEL_CANCEL => IsaOpcodeValues.ACCEL_CANCEL,"
ACCEL,usage,HybridCPU_ISE.Tests/tests/L7SdcOpcodeSurfaceTests.cs,268,"InstructionsEnum.ACCEL_FENCE => IsaOpcodeValues.ACCEL_FENCE,"
ACCEL,usage,HybridCPU_ISE.Tests/tests/L7SdcOpcodeSurfaceTests.cs,269,"InstructionsEnum.ACCEL_STATUS => IsaOpcodeValues.ACCEL_STATUS,"
ACCEL,usage,HybridCPU_ISE.Tests/tests/L7SdcOpcodeSurfaceTests.cs,297,Reg2ID = opcode is InstructionsEnum.ACCEL_POLL
ACCEL,usage,HybridCPU_ISE.Tests/tests/L7SdcOpcodeSurfaceTests.cs,298,or InstructionsEnum.ACCEL_STATUS
ACCEL,usage,HybridCPU_ISE.Tests/tests/L7SdcOpcodeSurfaceTests.cs,299,or InstructionsEnum.ACCEL_WAIT
ACCEL,usage,HybridCPU_ISE.Tests/tests/L7SdcOpcodeSurfaceTests.cs,300,or InstructionsEnum.ACCEL_CANCEL
ACCEL,usage,HybridCPU_ISE.Tests/tests/L7SdcOpcodeSurfaceTests.cs,301,or InstructionsEnum.ACCEL_FENCE
ACCEL,usage,HybridCPU_ISE.Tests/tests/L7SdcOwnerDomainGuardTests.cs,163,rawSlots[7] = L7SdcPhase03TestCases.CreateNativeInstruction(InstructionsEnum.ACCEL_SUBMIT);
VMX,usage,HybridCPU_ISE.Tests/tests/L7SdcPhase08AStatusTests.cs,295,// VMX Phase 2 owns 267/268 as INVEPT/INVVPID and VMX Phase 5a owns
VMX,usage,HybridCPU_ISE.Tests/tests/L7SdcPhase08AStatusTests.cs,298,// does not conflict with the frozen VMX ABI.
ACCEL,usage,HybridCPU_ISE.Tests/tests/L7SdcPhase08AStatusTests.cs,29,"InstructionSupportStatusCatalog.GetStatus(""ACCEL_STATUS"");"
ACCEL,usage,HybridCPU_ISE.Tests/tests/L7SdcPhase08AStatusTests.cs,41,"Assert.Equal((ushort)266, (ushort)InstructionsEnum.ACCEL_STATUS);"
ACCEL,usage,HybridCPU_ISE.Tests/tests/L7SdcPhase08AStatusTests.cs,42,"Assert.Equal((ushort)266, IsaOpcodeValues.ACCEL_STATUS);"
ACCEL,usage,HybridCPU_ISE.Tests/tests/L7SdcPhase08AStatusTests.cs,43,"Assert.Equal(""ACCEL_STATUS"", OpcodeRegistry.GetMnemonicOrHex((uint)InstructionsEnum.ACCEL_STATUS));"
ACCEL,usage,HybridCPU_ISE.Tests/tests/L7SdcPhase08AStatusTests.cs,44,Assert.True(OpcodeRegistry.IsSystemDeviceCommandOpcode((uint)InstructionsEnum.ACCEL_STATUS));
ACCEL,usage,HybridCPU_ISE.Tests/tests/L7SdcPhase08AStatusTests.cs,45,"Assert.Contains(""ACCEL_STATUS"", IsaV4Surface.SystemDeviceCommandOpcodes);"
ACCEL,usage,HybridCPU_ISE.Tests/tests/L7SdcPhase08AStatusTests.cs,46,"Assert.Contains(""ACCEL_STATUS"", IsaV4Surface.OptionalEnabledOpcodes);"
ACCEL,usage,HybridCPU_ISE.Tests/tests/L7SdcPhase08AStatusTests.cs,47,"Assert.DoesNotContain(""ACCEL_STATUS"", IsaV4Surface.MandatoryCoreOpcodes);"
ACCEL,usage,HybridCPU_ISE.Tests/tests/L7SdcPhase08AStatusTests.cs,48,"Assert.Equal(InstructionClass.System, InstructionClassifier.GetClass(InstructionsEnum.ACCEL_STATUS));"
ACCEL,usage,HybridCPU_ISE.Tests/tests/L7SdcPhase08AStatusTests.cs,49,"Assert.Equal(SerializationClass.CsrOrdered, InstructionClassifier.GetSerializationClass(InstructionsEnum.ACCEL_STATUS));"
ACCEL,usage,HybridCPU_ISE.Tests/tests/L7SdcPhase08AStatusTests.cs,52,"(uint)InstructionsEnum.ACCEL_STATUS,"
ACCEL,usage,HybridCPU_ISE.Tests/tests/L7SdcPhase08AStatusTests.cs,55,"OpCode = (uint)InstructionsEnum.ACCEL_STATUS,"
ACCEL,usage,HybridCPU_ISE.Tests/tests/L7SdcPhase08AStatusTests.cs,83,"Assert.Equal(InstructionsEnum.ACCEL_STATUS, instruction.CanonicalOpcode);"
ACCEL,usage,HybridCPU_ISE.Tests/tests/L7SdcPhase08AStatusTests.cs,158,"Assert.Contains(""ACCEL_SUBMIT"", sidebandEx.Message, StringComparison.Ordinal);"
ACCEL,usage,HybridCPU_ISE.Tests/tests/L7SdcPhase08AStatusTests.cs,167,"(uint)InstructionsEnum.ACCEL_STATUS,"
ACCEL,usage,HybridCPU_ISE.Tests/tests/L7SdcPhase08AStatusTests.cs,170,"OpCode = (uint)InstructionsEnum.ACCEL_STATUS,"
ACCEL,usage,HybridCPU_ISE.Tests/tests/L7SdcPhase08AStatusTests.cs,176,"Assert.Contains(""ACCEL_STATUS"", ex.Message, StringComparison.Ordinal);"
ACCEL,usage,HybridCPU_ISE.Tests/tests/L7SdcPhase08AStatusTests.cs,281,"foreach (string mnemonic in new[] { ""ACCEL_GET_RESULT"", ""ACCEL_RESET"" })"
ACCEL,usage,HybridCPU_ISE.Tests/tests/L7SdcPhase08AStatusTests.cs,337,L7SdcPhase03TestCases.CreateNativeInstruction(InstructionsEnum.ACCEL_STATUS);
ACCEL,usage,HybridCPU_ISE.Tests/tests/L7SdcPhase08ExecutableTests.cs,48,"[InlineData(""ACCEL_GET_RESULT"")]"
ACCEL,usage,HybridCPU_ISE.Tests/tests/L7SdcPhase08ExecutableTests.cs,49,"[InlineData(""ACCEL_RESET"")]"
ACCEL,usage,HybridCPU_ISE.Tests/tests/L7SdcPhase08ExecutableTests.cs,71,rawSlots[7] = L7SdcPhase03TestCases.CreateNativeInstruction(InstructionsEnum.ACCEL_SUBMIT);
ACCEL,usage,HybridCPU_ISE.Tests/tests/L7SdcPhase08ExecutableTests.cs,87,"Assert.Equal(InstructionsEnum.ACCEL_SUBMIT, instruction.CanonicalOpcode);"
VectorALU,usage,HybridCPU_ISE.Tests/tests/L7SdcPhase10GateTests.cs,90,"Assert.DoesNotContain(""VectorALU"", source, StringComparison.Ordinal);"
ACCEL,usage,HybridCPU_ISE.Tests/tests/L7SdcPhase10GateTests.cs,287,"Assert.Contains(""native lane7 ACCEL_SUBMIT emission"", decision.Reason, StringComparison.Ordinal);"
ACCEL,usage,HybridCPU_ISE.Tests/tests/L7SdcPhase10GateTests.cs,290,"Assert.Equal(InstructionsEnum.ACCEL_SUBMIT, (InstructionsEnum)lowered.OpCode);"
StreamRegisterFile,usage,HybridCPU_ISE.Tests/tests/L7SdcSrfAssistConflictTests.cs,114,var srf = new StreamRegisterFile();
StreamRegisterFile,usage,HybridCPU_ISE.Tests/tests/L7SdcSrfAssistConflictTests.cs,138,"Assert.Equal(StreamRegisterFile.RegisterState.Invalid, srf.GetRegisterState(register));"
StreamRegisterFile,usage,HybridCPU_ISE.Tests/tests/L7SdcSrfCacheInvalidationTests.cs,29,var srf = new StreamRegisterFile();
StreamRegisterFile,usage,HybridCPU_ISE.Tests/tests/L7SdcSrfCacheInvalidationTests.cs,35,"Assert.Equal(StreamRegisterFile.RegisterState.Valid, srf.GetRegisterState(register));"
StreamRegisterFile,usage,HybridCPU_ISE.Tests/tests/L7SdcSrfCacheInvalidationTests.cs,53,"Assert.Equal(StreamRegisterFile.RegisterState.Invalid, srf.GetRegisterState(register));"
ACCEL,usage,HybridCPU_ISE.Tests/tests/L7SdcTopologyQueueTaxonomyPhase09Tests.cs,216,"""ACCEL_QUERY_ABI"","
ACCEL,usage,HybridCPU_ISE.Tests/tests/L7SdcTopologyQueueTaxonomyPhase09Tests.cs,217,"""ACCEL_QUERY_TOPOLOGY"","
ACCEL,usage,HybridCPU_ISE.Tests/tests/L7SdcTopologyQueueTaxonomyPhase09Tests.cs,218,"""ACCEL_OPEN"","
ACCEL,usage,HybridCPU_ISE.Tests/tests/L7SdcTopologyQueueTaxonomyPhase09Tests.cs,219,"""ACCEL_CLOSE"","
ACCEL,usage,HybridCPU_ISE.Tests/tests/L7SdcTopologyQueueTaxonomyPhase09Tests.cs,220,"""ACCEL_BIND_QUEUE"","
ACCEL,usage,HybridCPU_ISE.Tests/tests/L7SdcTopologyQueueTaxonomyPhase09Tests.cs,221,"""ACCEL_UNBIND_QUEUE"""
ACCEL,usage,HybridCPU_ISE.Tests/tests/L7SdcTopologyQueueTaxonomyPhase09Tests.cs,289,"Assert.DoesNotContain(""ACCEL_QUERY_TOPOLOGY"", compilerText, StringComparison.Ordinal);"
ACCEL,usage,HybridCPU_ISE.Tests/tests/L7SdcTopologyQueueTaxonomyPhase09Tests.cs,290,"Assert.DoesNotContain(""ACCEL_OPEN"", compilerText, StringComparison.Ordinal);"
ACCEL,usage,HybridCPU_ISE.Tests/tests/L7SdcTopologyQueueTaxonomyPhase09Tests.cs,291,"Assert.DoesNotContain(""ACCEL_BIND_QUEUE"", compilerText, StringComparison.Ordinal);"
VMX,usage,HybridCPU_ISE.Tests/tests/NonVmxPhase01AndnExecutableTests.cs,403,"string vmxSource = ReadAllSource(Path.Combine(CompatFreezeScanner.FindRepoRoot(), ""HybridCPU_ISE"", ""Core"", ""VMX""));"
VMX,mention,HybridCPU_ISE.Tests/tests/NonVmxPhase01AndnExecutableTests.cs,409,"Assert.NotEqual(InstructionClass.Vmx, info.InstructionClass);"
VMX,usage,HybridCPU_ISE.Tests/tests/NonVmxPhase01BitCountExecutableTests.cs,279,"string vmxSource = ReadAllSource(Path.Combine(CompatFreezeScanner.FindRepoRoot(), ""HybridCPU_ISE"", ""Core"", ""VMX""));"
VMX,usage,HybridCPU_ISE.Tests/tests/NonVmxPhase01BooleanInvertExecutableTests.cs,442,"string vmxSource = ReadAllSource(Path.Combine(CompatFreezeScanner.FindRepoRoot(), ""HybridCPU_ISE"", ""Core"", ""VMX""));"
VMX,mention,HybridCPU_ISE.Tests/tests/NonVmxPhase01BooleanInvertExecutableTests.cs,459,"Assert.NotEqual(InstructionClass.Vmx, info.InstructionClass);"
VMX,usage,HybridCPU_ISE.Tests/tests/NonVmxPhase01ByteBitReverseExecutableTests.cs,445,"string vmxSource = ReadAllSource(Path.Combine(CompatFreezeScanner.FindRepoRoot(), ""HybridCPU_ISE"", ""Core"", ""VMX""));"
VMX,mention,HybridCPU_ISE.Tests/tests/NonVmxPhase01ByteBitReverseExecutableTests.cs,463,"Assert.NotEqual(InstructionClass.Vmx, info.InstructionClass);"
VMX,usage,HybridCPU_ISE.Tests/tests/NonVmxPhase01ScalarMinMaxExecutableTests.cs,453,"string vmxSource = ReadAllSource(Path.Combine(CompatFreezeScanner.FindRepoRoot(), ""HybridCPU_ISE"", ""Core"", ""VMX""));"
VMX,mention,HybridCPU_ISE.Tests/tests/NonVmxPhase01ScalarMinMaxExecutableTests.cs,470,"Assert.NotEqual(InstructionClass.Vmx, info.InstructionClass);"
VMX,usage,HybridCPU_ISE.Tests/tests/NonVmxPhase01ScalarSelectExecutableTests.cs,420,"string vmxSource = ReadAllSource(Path.Combine(CompatFreezeScanner.FindRepoRoot(), ""HybridCPU_ISE"", ""Core"", ""VMX""));"
VMX,mention,HybridCPU_ISE.Tests/tests/NonVmxPhase01ScalarSelectExecutableTests.cs,444,"Assert.NotEqual(InstructionClass.Vmx, info.InstructionClass);"
MemorySubsystem,usage,HybridCPU_ISE.Tests/tests/Phase00InstructionInventoryTests.cs,2207,YAKSys_Hybrid_CPU.Processor.Memory = new MemorySubsystem(ref proc);
ACCEL,usage,HybridCPU_ISE.Tests/tests/Phase00InstructionInventoryTests.cs,597,"InstructionSupportStatus status = InstructionSupportStatusCatalog.GetStatus(""ACCEL_SUBMIT"");"
ACCEL,usage,HybridCPU_ISE.Tests/tests/Phase00InstructionInventoryTests.cs,602,Assert.True(InstructionRegistry.IsRegistered((uint)InstructionsEnum.ACCEL_SUBMIT));
ACCEL,usage,HybridCPU_ISE.Tests/tests/Phase00InstructionInventoryTests.cs,606,"OpCode = (uint)InstructionsEnum.ACCEL_SUBMIT,"
ACCEL,usage,HybridCPU_ISE.Tests/tests/Phase00InstructionInventoryTests.cs,614,"MicroOp microOp = InstructionRegistry.CreateMicroOp((uint)InstructionsEnum.ACCEL_SUBMIT, context);"
ACCEL,usage,HybridCPU_ISE.Tests/tests/Phase00InstructionInventoryTests.cs,627,"[InlineData(""ACCEL_QUERY_CAPS"", InstructionsEnum.ACCEL_QUERY_CAPS, SerializationClass.CsrOrdered, SystemDeviceCommandKind.QueryCaps)]"
ACCEL,usage,HybridCPU_ISE.Tests/tests/Phase00InstructionInventoryTests.cs,628,"[InlineData(""ACCEL_POLL"", InstructionsEnum.ACCEL_POLL, SerializationClass.CsrOrdered, SystemDeviceCommandKind.Poll)]"
ACCEL,usage,HybridCPU_ISE.Tests/tests/Phase00InstructionInventoryTests.cs,629,"[InlineData(""ACCEL_WAIT"", InstructionsEnum.ACCEL_WAIT, SerializationClass.FullSerial, SystemDeviceCommandKind.Wait)]"
ACCEL,usage,HybridCPU_ISE.Tests/tests/Phase00InstructionInventoryTests.cs,630,"[InlineData(""ACCEL_CANCEL"", InstructionsEnum.ACCEL_CANCEL, SerializationClass.FullSerial, SystemDeviceCommandKind.Cancel)]"
ACCEL,usage,HybridCPU_ISE.Tests/tests/Phase00InstructionInventoryTests.cs,631,"[InlineData(""ACCEL_FENCE"", InstructionsEnum.ACCEL_FENCE, SerializationClass.FullSerial, SystemDeviceCommandKind.Fence)]"
ACCEL,usage,HybridCPU_ISE.Tests/tests/Phase00InstructionInventoryTests.cs,632,"[InlineData(""ACCEL_STATUS"", InstructionsEnum.ACCEL_STATUS, SerializationClass.CsrOrdered, SystemDeviceCommandKind.Status)]"
ACCEL,usage,HybridCPU_ISE.Tests/tests/Phase00InstructionInventoryTests.cs,670,"[InlineData(InstructionsEnum.ACCEL_QUERY_CAPS, SystemDeviceCommandKind.QueryCaps, SerializationClass.CsrOrdered)]"
ACCEL,usage,HybridCPU_ISE.Tests/tests/Phase00InstructionInventoryTests.cs,671,"[InlineData(InstructionsEnum.ACCEL_POLL, SystemDeviceCommandKind.Poll, SerializationClass.CsrOrdered)]"
ACCEL,usage,HybridCPU_ISE.Tests/tests/Phase00InstructionInventoryTests.cs,672,"[InlineData(InstructionsEnum.ACCEL_WAIT, SystemDeviceCommandKind.Wait, SerializationClass.FullSerial)]"
ACCEL,usage,HybridCPU_ISE.Tests/tests/Phase00InstructionInventoryTests.cs,673,"[InlineData(InstructionsEnum.ACCEL_CANCEL, SystemDeviceCommandKind.Cancel, SerializationClass.FullSerial)]"
ACCEL,usage,HybridCPU_ISE.Tests/tests/Phase00InstructionInventoryTests.cs,674,"[InlineData(InstructionsEnum.ACCEL_FENCE, SystemDeviceCommandKind.Fence, SerializationClass.FullSerial)]"
ACCEL,usage,HybridCPU_ISE.Tests/tests/Phase00InstructionInventoryTests.cs,675,"[InlineData(InstructionsEnum.ACCEL_STATUS, SystemDeviceCommandKind.Status, SerializationClass.CsrOrdered)]"
ACCEL,usage,HybridCPU_ISE.Tests/tests/Phase00InstructionInventoryTests.cs,687,Reg2ID = opcode is InstructionsEnum.ACCEL_POLL
ACCEL,usage,HybridCPU_ISE.Tests/tests/Phase00InstructionInventoryTests.cs,688,or InstructionsEnum.ACCEL_STATUS
ACCEL,usage,HybridCPU_ISE.Tests/tests/Phase00InstructionInventoryTests.cs,689,or InstructionsEnum.ACCEL_WAIT
ACCEL,usage,HybridCPU_ISE.Tests/tests/Phase00InstructionInventoryTests.cs,690,or InstructionsEnum.ACCEL_CANCEL
ACCEL,usage,HybridCPU_ISE.Tests/tests/Phase00InstructionInventoryTests.cs,691,or InstructionsEnum.ACCEL_FENCE
ACCEL,usage,HybridCPU_ISE.Tests/tests/Phase00InstructionInventoryTests.cs,2933,"InstructionSupportStatusCatalog.GetStatus(""ACCEL_SUBMIT"");"
MemorySubsystem,usage,HybridCPU_ISE.Tests/tests/Phase01VGatherExecutableTests.cs,375,Processor.Memory = new MemorySubsystem(ref proc);
MemorySubsystem,usage,HybridCPU_ISE.Tests/tests/Phase02VScatterExecutableTests.cs,383,Processor.Memory = new MemorySubsystem(ref proc);
VMX,mention,HybridCPU_ISE.Tests/tests/Phase03CanonicalOpcodeIdentityTests.cs,251,"[InlineData(InstructionsEnum.VMREAD, InstructionClass.Vmx, SerializationClass.VmxSerial, true)]"
VMX,mention,HybridCPU_ISE.Tests/tests/Phase03CanonicalOpcodeIdentityTests.cs,252,"[InlineData(InstructionsEnum.VMWRITE, InstructionClass.Vmx, SerializationClass.VmxSerial, false)]"
VMX,mention,HybridCPU_ISE.Tests/tests/Phase03CanonicalOpcodeIdentityTests.cs,253,"[InlineData(InstructionsEnum.VMCLEAR, InstructionClass.Vmx, SerializationClass.VmxSerial, false)]"
VMX,mention,HybridCPU_ISE.Tests/tests/Phase03CanonicalOpcodeIdentityTests.cs,254,"[InlineData(InstructionsEnum.VMPTRLD, InstructionClass.Vmx, SerializationClass.VmxSerial, false)]"
VMX,mention,HybridCPU_ISE.Tests/tests/Phase03CanonicalOpcodeIdentityTests.cs,330,"[InlineData(InstructionsEnum.VMREAD, InstructionClass.Vmx, SerializationClass.VmxSerial, ""2"")]"
VMX,mention,HybridCPU_ISE.Tests/tests/Phase03CanonicalOpcodeIdentityTests.cs,331,"[InlineData(InstructionsEnum.VMWRITE, InstructionClass.Vmx, SerializationClass.VmxSerial, ""2,3"")]"
VMX,mention,HybridCPU_ISE.Tests/tests/Phase03CanonicalOpcodeIdentityTests.cs,332,"[InlineData(InstructionsEnum.VMCLEAR, InstructionClass.Vmx, SerializationClass.VmxSerial, ""2"")]"
VMX,mention,HybridCPU_ISE.Tests/tests/Phase03CanonicalOpcodeIdentityTests.cs,333,"[InlineData(InstructionsEnum.VMPTRLD, InstructionClass.Vmx, SerializationClass.VmxSerial, ""2"")]"
VMX,mention,HybridCPU_ISE.Tests/tests/Phase03CanonicalOpcodeIdentityTests.cs,629,"Class = InstructionClass.Vmx,"
VMX,mention,HybridCPU_ISE.Tests/tests/Phase03CanonicalOpcodeIdentityTests.cs,1064,"Class = InstructionClass.Vmx,"
VMX,mention,HybridCPU_ISE.Tests/tests/Phase03CanonicalOpcodeIdentityTests.cs,1453,"Class = InstructionClass.Vmx,"
MemorySubsystem,usage,HybridCPU_ISE.Tests/tests/Phase03CarrierProjectionTransportTailTests.cs,1919,Processor.Memory = new MemorySubsystem(ref proc);
VectorALU,usage,HybridCPU_ISE.Tests/tests/Phase03CoreInterruptDispatchSeamTests.cs,43,VectorALU.ApplyBinary(
MemorySubsystem,usage,HybridCPU_ISE.Tests/tests/Phase03DirectFactoryVectorFmaPublicationTailTests.cs,74,Processor.Memory = new MemorySubsystem(ref proc);
VMX,mention,HybridCPU_ISE.Tests/tests/Phase03InstructionRegistryPublishedDescriptorTests.cs,474,"Assert.Equal(InstructionClass.Vmx, info.InstructionClass);"
VMX,mention,HybridCPU_ISE.Tests/tests/Phase04DirectCompatRetireTransactionTests.cs,656,"Assert.Equal(RetireWindowCaptureEffectKind.Vmx, transaction.TypedEffectKind);"
VMX,mention,HybridCPU_ISE.Tests/tests/Phase04DirectCompatRetireTransactionTests.cs,680,"Assert.Equal(RetireWindowCaptureEffectKind.Vmx, transaction.TypedEffectKind);"
VMX,usage,HybridCPU_ISE.Tests/tests/Phase04ExecutionEngineTests.cs,2,"// Covers: MULH/MULHU/MULHSU/DIVU/REM/REMU, explicit unsupported direct Atomic/stream/VMX execute-surface rejection,"
VMX,mention,HybridCPU_ISE.Tests/tests/Phase04ExecutionEngineTests.cs,245,"Assert.Equal(InstructionClass.Vmx, InstructionClassifier.GetClass(op));"
VMX,usage,HybridCPU_ISE.Tests/tests/Phase04ExecutionEngineTests.cs,562,// 6. ExecutionDispatcherV4 вЂ” System / SmtVt / direct VMX surface contract
StreamEngine,usage,HybridCPU_ISE.Tests/tests/Phase05AVectorScanSumExecutableTests.cs,264,"() => StreamEngine.Execute(ref core, in rawInstruction));"
StreamEngine,usage,HybridCPU_ISE.Tests/tests/Phase05AVectorScanSumExecutableTests.cs,265,"Assert.Contains(""raw StreamEngine.Execute"", rawEx.Message, StringComparison.Ordinal);"
MemorySubsystem,usage,HybridCPU_ISE.Tests/tests/Phase05AVectorScanSumExecutableTests.cs,487,Processor.Memory = new MemorySubsystem(ref proc);
StreamEngine,usage,HybridCPU_ISE.Tests/tests/Phase05BVectorSaturatingAddExecutableTests.cs,252,"() => StreamEngine.Execute(ref core, in rawInstruction));"
MemorySubsystem,usage,HybridCPU_ISE.Tests/tests/Phase05BVectorSaturatingAddExecutableTests.cs,494,Processor.Memory = new MemorySubsystem(ref proc);
VMX,usage,HybridCPU_ISE.Tests/tests/Phase05PipelineFsmTests.cs,372,// Direct VMX surface contract вЂ” ExecutionDispatcherV4 compatibility guard
VMX,mention,HybridCPU_ISE.Tests/tests/Phase05PipelineFsmTests.cs,382,"Class              = InstructionClass.Vmx,"
VMX,usage,HybridCPU_ISE.Tests/tests/Phase05PipelineFsmTests.cs,503,// Simulate a full VMX round-trip
StreamEngine,usage,HybridCPU_ISE.Tests/tests/Phase05VectorZeroExtendVZextExecutableTests.cs,282,"() => StreamEngine.Execute(ref core, in rawInstruction));"
StreamEngine,usage,HybridCPU_ISE.Tests/tests/Phase05VectorZeroExtendVZextExecutableTests.cs,283,"Assert.Contains(""raw StreamEngine.Execute"", rawEx.Message, StringComparison.Ordinal);"
MemorySubsystem,usage,HybridCPU_ISE.Tests/tests/Phase05VectorZeroExtendVZextExecutableTests.cs,462,Processor.Memory = new MemorySubsystem(ref proc);
MemorySubsystem,usage,HybridCPU_ISE.Tests/tests/Phase08AtomicRetireSemanticsTests.cs,33,Processor.Memory = new MemorySubsystem(ref proc);
VMX,usage,HybridCPU_ISE.Tests/tests/Phase08CsrLayerTests.CounterCsrTests.cs,57,// 16. VMX CSR — Registration and Access
VMX,usage,HybridCPU_ISE.Tests/tests/Phase08CsrLayerTests.CsrCompletenessTests.cs,59,// VMX
MemorySubsystem,usage,HybridCPU_ISE.Tests/tests/Phase08LoadStoreRetireSemanticsTests.cs,258,Processor.Memory = new MemorySubsystem(ref proc);
MemorySubsystem,usage,HybridCPU_ISE.Tests/tests/Phase09AtomicMemoryDefaultBindingSeamTests.cs,25,MemorySubsystem? originalMemorySubsystem = Processor.Memory;
MemorySubsystem,usage,HybridCPU_ISE.Tests/tests/Phase09AtomicMemoryDefaultBindingSeamTests.cs,75,MemorySubsystem? originalMemorySubsystem = Processor.Memory;
MemorySubsystem,usage,HybridCPU_ISE.Tests/tests/Phase09AtomicMemoryDefaultBindingSeamTests.cs,165,Processor.Memory = new MemorySubsystem(ref proc);
BurstIO,usage,HybridCPU_ISE.Tests/tests/Phase09BurstIoDmaMainMemoryBindingSeamTests.cs,66,ulong completed = BurstIO.BurstRead(
MemorySubsystem,usage,HybridCPU_ISE.Tests/tests/Phase09BurstIoDmaMainMemoryBindingSeamTests.cs,23,MemorySubsystem? originalMemorySubsystem = Processor.Memory;
BurstIO,usage,HybridCPU_ISE.Tests/tests/Phase09DeferredMemoryBoundaryProofTests.cs,28,"() => BurstIO.BurstRead(0xFFC, buffer, elementCount: 2, elementSize: sizeof(uint), stride: sizeof(uint)));"
BurstIO,usage,HybridCPU_ISE.Tests/tests/Phase09DeferredMemoryBoundaryProofTests.cs,30,"Assert.Contains(nameof(BurstIO.BurstRead), ex.Message, StringComparison.Ordinal);"
BurstIO,usage,HybridCPU_ISE.Tests/tests/Phase09DeferredMemoryBoundaryProofTests.cs,43,"() => BurstIO.BurstWrite(0xFFC, buffer, elementCount: 2, elementSize: sizeof(uint), stride: 4));"
BurstIO,usage,HybridCPU_ISE.Tests/tests/Phase09DeferredMemoryBoundaryProofTests.cs,45,"Assert.Contains(nameof(BurstIO.BurstWrite), ex.Message, StringComparison.Ordinal);"
BurstIO,usage,HybridCPU_ISE.Tests/tests/Phase09DeferredMemoryBoundaryProofTests.cs,58,() => BurstIO.BurstRead2D(
BurstIO,usage,HybridCPU_ISE.Tests/tests/Phase09DeferredMemoryBoundaryProofTests.cs,67,"Assert.Contains(nameof(BurstIO.BurstRead2D), ex.Message, StringComparison.Ordinal);"
BurstIO,usage,HybridCPU_ISE.Tests/tests/Phase09DeferredMemoryBoundaryProofTests.cs,83,() => BurstIO.BurstGather(
BurstIO,usage,HybridCPU_ISE.Tests/tests/Phase09DeferredMemoryBoundaryProofTests.cs,92,"Assert.Contains(nameof(BurstIO.BurstGather), ex.Message, StringComparison.Ordinal);"
BurstIO,usage,HybridCPU_ISE.Tests/tests/Phase09DeferredMemoryBoundaryProofTests.cs,108,() => BurstIO.BurstScatter(
BurstIO,usage,HybridCPU_ISE.Tests/tests/Phase09DeferredMemoryBoundaryProofTests.cs,117,"Assert.Contains(nameof(BurstIO.BurstScatter), ex.Message, StringComparison.Ordinal);"
BurstIO,usage,HybridCPU_ISE.Tests/tests/Phase09DeferredMemoryBoundaryProofTests.cs,134,"ulong written = BurstIO.BurstWrite(0x200, buffer, elementCount: 8192, elementSize: 1, stride: 1);"
MemorySubsystem,usage,HybridCPU_ISE.Tests/tests/Phase09DeferredMemoryBoundaryProofTests.cs,148,"MemorySubsystem.MemoryRequestToken token = Processor.Memory!.EnqueueRead(0, 0x2000, 4, buffer);"
MemorySubsystem,usage,HybridCPU_ISE.Tests/tests/Phase09DeferredMemoryBoundaryProofTests.cs,562,Processor.Memory = new MemorySubsystem(ref proc);
MemorySubsystem,usage,HybridCPU_ISE.Tests/tests/Phase09DeferredMemoryBoundaryProofTests.cs,565,private static void AdvanceUntilComplete(MemorySubsystem.MemoryRequestToken token)
StreamEngine,usage,HybridCPU_ISE.Tests/tests/Phase09DirectStreamHelperBoundaryTests.cs,127,"if (lines[lineIndex].Contains(""StreamEngine.CaptureRetireWindowPublications("", StringComparison.Ordinal))"
MemorySubsystem,usage,HybridCPU_ISE.Tests/tests/Phase09ExplicitPacketLoadRetireFollowThroughTests.cs,114,Processor.Memory = new MemorySubsystem(ref proc);
MemorySubsystem,usage,HybridCPU_ISE.Tests/tests/Phase09ExplicitPacketStoreRetireFollowThroughTests.cs,106,Processor.Memory = new MemorySubsystem(ref proc);
InstructionDecoder,mention,HybridCPU_ISE.Tests/tests/Phase09FallbackTrapPublicationProofTests.cs,171,private sealed class ThrowingDecoder : IDecoderFrontend
MemorySubsystem,usage,HybridCPU_ISE.Tests/tests/Phase09FetchStageMainMemoryBindingSeamTests.cs,29,MemorySubsystem? originalMemorySubsystem = Processor.Memory;
MemorySubsystem,usage,HybridCPU_ISE.Tests/tests/Phase09FetchStageMainMemoryBindingSeamTests.cs,76,MemorySubsystem? originalMemorySubsystem = Processor.Memory;
StreamEngine,usage,HybridCPU_ISE.Tests/tests/Phase09Lane6DscContractClosureTests.cs,206,"Assert.DoesNotContain(""StreamEngine.Execute("", projectionAndCarrierSource, StringComparison.Ordinal);"
StreamEngine,usage,HybridCPU_ISE.Tests/tests/Phase09Lane6DscContractClosureTests.cs,207,"Assert.DoesNotContain(""YAKSys_Hybrid_CPU.Execution.StreamEngine.Execute"", projectionAndCarrierSource, StringComparison.Ordinal);"
VectorALU,usage,HybridCPU_ISE.Tests/tests/Phase09Lane6DscContractClosureTests.cs,208,"Assert.DoesNotContain(""VectorALU."", projectionAndCarrierSource, StringComparison.Ordinal);"
MemorySubsystem,usage,HybridCPU_ISE.Tests/tests/Phase09LegacyBudgetFreezeTests.cs,487,Processor.Memory = new MemorySubsystem(ref proc);
BurstIO,usage,HybridCPU_ISE.Tests/tests/Phase09LegacyTerminologyQuarantineDocumentationTests.cs,143,"string failClosed = ReadRepoFile(""HybridCPU_ISE\\NonRTL\\Core\\Execution\\BurstIO\\AcceleratorRuntimeFailClosed.cs"");"
MemorySubsystem,usage,HybridCPU_ISE.Tests/tests/Phase09LoadStoreMainMemoryBindingSeamTests.cs,18,MemorySubsystem? originalMemorySubsystem = Processor.Memory;
MemorySubsystem,usage,HybridCPU_ISE.Tests/tests/Phase09LoadStoreMainMemoryBindingSeamTests.cs,59,MemorySubsystem? originalMemorySubsystem = Processor.Memory;
MemorySubsystem,usage,HybridCPU_ISE.Tests/tests/Phase09LoadStoreMicroOpMemorySubsystemBindingSeamTests.cs,12,"/// read the <see cref=""MemorySubsystem""/> from the core-bound seam (D3-C)"
MemorySubsystem,usage,HybridCPU_ISE.Tests/tests/Phase09LoadStoreMicroOpMemorySubsystemBindingSeamTests.cs,15,/// Pattern: seed MemorySubsystem → construct CPU_Core (captures) → swap global →
MemorySubsystem,usage,HybridCPU_ISE.Tests/tests/Phase09LoadStoreMicroOpMemorySubsystemBindingSeamTests.cs,26,MemorySubsystem? originalMemorySubsystem = Processor.Memory;
MemorySubsystem,usage,HybridCPU_ISE.Tests/tests/Phase09LoadStoreMicroOpMemorySubsystemBindingSeamTests.cs,37,var seededSubsystem = new MemorySubsystem(ref proc);
MemorySubsystem,usage,HybridCPU_ISE.Tests/tests/Phase09LoadStoreMicroOpMemorySubsystemBindingSeamTests.cs,50,var replacementSubsystem = new MemorySubsystem(ref proc);
MemorySubsystem,usage,HybridCPU_ISE.Tests/tests/Phase09LoadStoreMicroOpMemorySubsystemBindingSeamTests.cs,72,"""The bound (seeded) MemorySubsystem should have received the EnqueueRead, "" +"
MemorySubsystem,usage,HybridCPU_ISE.Tests/tests/Phase09LoadStoreMicroOpMemorySubsystemBindingSeamTests.cs,93,MemorySubsystem? originalMemorySubsystem = Processor.Memory;
MemorySubsystem,usage,HybridCPU_ISE.Tests/tests/Phase09LoadStoreMicroOpMemorySubsystemBindingSeamTests.cs,104,var seededSubsystem = new MemorySubsystem(ref proc);
MemorySubsystem,usage,HybridCPU_ISE.Tests/tests/Phase09LoadStoreMicroOpMemorySubsystemBindingSeamTests.cs,114,var replacementSubsystem = new MemorySubsystem(ref proc);
MemorySubsystem,usage,HybridCPU_ISE.Tests/tests/Phase09LoadStoreMicroOpMemorySubsystemBindingSeamTests.cs,136,"""The bound (seeded) MemorySubsystem should have received the EnqueueWrite, "" +"
MemorySubsystem,usage,HybridCPU_ISE.Tests/tests/Phase09MemorySubsystemBindingSeamTests.cs,10,"/// <see cref=""MemorySubsystem""/> captured at construction time, not from"
MemorySubsystem,usage,HybridCPU_ISE.Tests/tests/Phase09MemorySubsystemBindingSeamTests.cs,13,/// Pattern: seed a MemorySubsystem → construct CPU_Core (captures) →
MemorySubsystem,usage,HybridCPU_ISE.Tests/tests/Phase09MemorySubsystemBindingSeamTests.cs,31,MemorySubsystem? originalMemorySubsystem = Processor.Memory;
MemorySubsystem,usage,HybridCPU_ISE.Tests/tests/Phase09MemorySubsystemBindingSeamTests.cs,41,// Seed the MemorySubsystem so the core captures it
MemorySubsystem,usage,HybridCPU_ISE.Tests/tests/Phase09MemorySubsystemBindingSeamTests.cs,43,var seededSubsystem = new MemorySubsystem(ref proc);
MemorySubsystem,usage,HybridCPU_ISE.Tests/tests/Phase09MemorySubsystemBindingSeamTests.cs,55,var replacementSubsystem = new MemorySubsystem(ref proc);
MemorySubsystem,usage,HybridCPU_ISE.Tests/tests/Phase09MemorySubsystemBindingSeamTests.cs,64,"""The bound (seeded) MemorySubsystem should have been advanced by ExecutePipelineCycle, "" +"
MemorySubsystem,usage,HybridCPU_ISE.Tests/tests/Phase09MemorySubsystemBindingSeamTests.cs,88,MemorySubsystem? originalMemorySubsystem = Processor.Memory;
MemorySubsystem,usage,HybridCPU_ISE.Tests/tests/Phase09MemorySubsystemBindingSeamTests.cs,99,var seededSubsystem = new MemorySubsystem(ref proc);
MemorySubsystem,usage,HybridCPU_ISE.Tests/tests/Phase09MemorySubsystemBindingSeamTests.cs,112,var replacementSubsystem = new MemorySubsystem(ref proc);
StreamEngine,usage,HybridCPU_ISE.Tests/tests/Phase09PartialTransferAbortProofTests.cs,125,"InvalidOperationException ex = Assert.Throws<InvalidOperationException>(() => StreamEngine.Execute(ref core, in inst));"
StreamEngine,usage,HybridCPU_ISE.Tests/tests/Phase09PartialTransferAbortProofTests.cs,149,"InvalidOperationException ex = Assert.Throws<InvalidOperationException>(() => StreamEngine.Execute(ref core, in inst));"
StreamEngine,usage,HybridCPU_ISE.Tests/tests/Phase09PartialTransferAbortProofTests.cs,176,"InvalidOperationException ex = Assert.Throws<InvalidOperationException>(() => StreamEngine.Execute(ref core, in inst));"
StreamEngine,usage,HybridCPU_ISE.Tests/tests/Phase09PartialTransferAbortProofTests.cs,177,"Assert.Contains(""StreamEngine"", ex.Message, StringComparison.Ordinal);"
StreamEngine,usage,HybridCPU_ISE.Tests/tests/Phase09PartialTransferAbortProofTests.cs,210,"InvalidOperationException ex = Assert.Throws<InvalidOperationException>(() => StreamEngine.Execute(ref core, in inst));"
StreamEngine,usage,HybridCPU_ISE.Tests/tests/Phase09PartialTransferAbortProofTests.cs,211,"Assert.Contains(""StreamEngine"", ex.Message, StringComparison.Ordinal);"
BurstIO,usage,HybridCPU_ISE.Tests/tests/Phase09PartialTransferAbortProofTests.cs,74,"Assert.Contains(nameof(BurstIO.BurstRead), ex.InnerException!.Message, StringComparison.Ordinal);"
BurstIO,usage,HybridCPU_ISE.Tests/tests/Phase09PartialTransferAbortProofTests.cs,126,"Assert.Contains(nameof(BurstIO.BurstRead), ex.Message, StringComparison.Ordinal);"
BurstIO,usage,HybridCPU_ISE.Tests/tests/Phase09PartialTransferAbortProofTests.cs,150,"Assert.Contains(nameof(BurstIO.BurstRead), ex.Message, StringComparison.Ordinal);"
BurstIO,usage,HybridCPU_ISE.Tests/tests/Phase09PartialTransferAbortProofTests.cs,252,"Assert.Contains(nameof(BurstIO.BurstRead), ex.InnerException!.Message, StringComparison.Ordinal);"
MemorySubsystem,usage,HybridCPU_ISE.Tests/tests/Phase09PartialTransferAbortProofTests.cs,272,Processor.Memory = new MemorySubsystem(ref proc);
MemorySubsystem,usage,HybridCPU_ISE.Tests/tests/Phase09PipelineMainMemoryBindingSeamTests.cs,20,MemorySubsystem? originalMemorySubsystem = Processor.Memory;
MemorySubsystem,usage,HybridCPU_ISE.Tests/tests/Phase09PipelineMainMemoryBindingSeamTests.cs,70,MemorySubsystem? originalMemorySubsystem = Processor.Memory;
MemorySubsystem,usage,HybridCPU_ISE.Tests/tests/Phase09PipelineMainMemoryBindingSeamTests.cs,117,MemorySubsystem? originalMemorySubsystem = Processor.Memory;
MemorySubsystem,usage,HybridCPU_ISE.Tests/tests/Phase09ReplayTokenMainMemoryBindingSeamTests.cs,18,MemorySubsystem? originalMemorySubsystem = Processor.Memory;
MemorySubsystem,usage,HybridCPU_ISE.Tests/tests/Phase09ReplayTokenMainMemoryBindingSeamTests.cs,56,MemorySubsystem? originalMemorySubsystem = Processor.Memory;
MemorySubsystem,usage,HybridCPU_ISE.Tests/tests/Phase09ReplayTokenMainMemoryBindingSeamTests.cs,103,MemorySubsystem? originalMemorySubsystem = Processor.Memory;
StreamEngine,usage,HybridCPU_ISE.Tests/tests/Phase09RetireContractClosureTests.cs,5785,"Assert.Contains(""StreamEngine.Execute"", ex.Message, StringComparison.Ordinal);"
StreamEngine,usage,HybridCPU_ISE.Tests/tests/Phase09RetireContractClosureTests.cs,5814,"Assert.Contains(""StreamEngine.Execute"", ex.Message, StringComparison.Ordinal);"
StreamEngine,usage,HybridCPU_ISE.Tests/tests/Phase09RetireContractClosureTests.cs,7711,"Assert.Contains(""StreamEngine.Execute(...)"", ex.InnerException!.Message, StringComparison.Ordinal);"
StreamEngine,usage,HybridCPU_ISE.Tests/tests/Phase09RetireContractClosureTests.cs,8025,"Assert.Contains(""StreamEngine"", ex.InnerException!.Message, StringComparison.Ordinal);"
StreamEngine,usage,HybridCPU_ISE.Tests/tests/Phase09RetireContractClosureTests.cs,8067,"Assert.Contains(""indexed StreamEngine.Execute(...)"", ex.InnerException!.Message, StringComparison.Ordinal);"
MemorySubsystem,usage,HybridCPU_ISE.Tests/tests/Phase09RetireContractClosureTests.cs,160,Processor.Memory = new MemorySubsystem(ref proc);
VMX,usage,HybridCPU_ISE.Tests/tests/Phase09RetireContractClosureTests.cs,673,#if false // Retired VMCS success and VM-transition behavior; frozen VMX frontend is fail closed after task 190.
VMX,mention,HybridCPU_ISE.Tests/tests/Phase09RetireContractClosureTests.cs,3466,"Assert.Equal(RetireWindowCaptureEffectKind.Vmx, transaction.TypedEffectKind);"
VMX,mention,HybridCPU_ISE.Tests/tests/Phase09RetireContractClosureTests.cs,3516,"Assert.Equal(RetireWindowCaptureEffectKind.Vmx, transaction.TypedEffectKind);"
VMX,mention,HybridCPU_ISE.Tests/tests/Phase09RetireContractClosureTests.cs,3557,"Assert.Equal(RetireWindowCaptureEffectKind.Vmx, transaction.TypedEffectKind);"
VMX,mention,HybridCPU_ISE.Tests/tests/Phase09RetireContractClosureTests.cs,3610,"Assert.Equal(RetireWindowCaptureEffectKind.Vmx, transaction.TypedEffectKind);"
VMX,mention,HybridCPU_ISE.Tests/tests/Phase09RetireContractClosureTests.cs,3661,"Assert.Equal(RetireWindowCaptureEffectKind.Vmx, transaction.TypedEffectKind);"
VMX,mention,HybridCPU_ISE.Tests/tests/Phase09RetireContractClosureTests.cs,3712,"Assert.Equal(RetireWindowCaptureEffectKind.Vmx, transaction.TypedEffectKind);"
VMX,mention,HybridCPU_ISE.Tests/tests/Phase09RetireContractClosureTests.cs,3759,"Assert.Equal(RetireWindowCaptureEffectKind.Vmx, transaction.TypedEffectKind);"
VMX,mention,HybridCPU_ISE.Tests/tests/Phase09RetireContractClosureTests.cs,3813,"Assert.Equal(RetireWindowCaptureEffectKind.Vmx, transaction.TypedEffectKind);"
StreamEngine,usage,HybridCPU_ISE.Tests/tests/Phase09StreamEngineDeferredParityTests.cs,195,"() => StreamEngine.Execute(ref core, in inst));"
StreamEngine,usage,HybridCPU_ISE.Tests/tests/Phase09StreamEngineDeferredParityTests.cs,217,"() => StreamEngine.Execute(ref core, in inst));"
StreamEngine,usage,HybridCPU_ISE.Tests/tests/Phase09StreamEngineDeferredParityTests.cs,251,"() => StreamEngine.Execute(ref core, in inst));"
StreamEngine,usage,HybridCPU_ISE.Tests/tests/Phase09StreamEngineDeferredParityTests.cs,539,"StreamEngine.Execute(ref core, in inst);"
StreamEngine,usage,HybridCPU_ISE.Tests/tests/Phase09StreamEngineDeferredParityTests.cs,618,"StreamEngine.Execute(ref core, in inst);"
StreamEngine,usage,HybridCPU_ISE.Tests/tests/Phase09StreamEngineDeferredParityTests.cs,663,"StreamEngine.Execute(ref core, in inst);"
StreamEngine,usage,HybridCPU_ISE.Tests/tests/Phase09StreamEngineDeferredParityTests.cs,692,"StreamEngine.Execute(ref core, in inst);"
StreamEngine,usage,HybridCPU_ISE.Tests/tests/Phase09StreamEngineDeferredParityTests.cs,722,"StreamEngine.Execute(ref core, in inst);"
StreamEngine,usage,HybridCPU_ISE.Tests/tests/Phase09StreamEngineDeferredParityTests.cs,762,"() => StreamEngine.Execute(ref core, in inst));"
StreamEngine,usage,HybridCPU_ISE.Tests/tests/Phase09StreamEngineDeferredParityTests.cs,804,"StreamEngine.Execute(ref rawCore, in inst);"
StreamEngine,usage,HybridCPU_ISE.Tests/tests/Phase09StreamEngineDeferredParityTests.cs,843,"StreamEngine.Execute(ref core, in inst);"
StreamEngine,usage,HybridCPU_ISE.Tests/tests/Phase09StreamEngineDeferredParityTests.cs,874,"StreamEngine.Execute(ref core, in inst);"
StreamEngine,usage,HybridCPU_ISE.Tests/tests/Phase09StreamEngineDeferredParityTests.cs,903,"StreamEngine.Execute(ref core, in inst);"
StreamEngine,usage,HybridCPU_ISE.Tests/tests/Phase09StreamEngineDeferredParityTests.cs,927,"() => StreamEngine.Execute(ref core, in inst));"
StreamEngine,usage,HybridCPU_ISE.Tests/tests/Phase09StreamEngineDeferredParityTests.cs,960,"() => StreamEngine.Execute(ref core, in inst));"
StreamEngine,usage,HybridCPU_ISE.Tests/tests/Phase09StreamEngineDeferredParityTests.cs,979,"() => StreamEngine.Execute(ref core, in inst));"
StreamEngine,usage,HybridCPU_ISE.Tests/tests/Phase09StreamEngineDeferredParityTests.cs,1000,"() => StreamEngine.Execute(ref core, in inst));"
StreamEngine,usage,HybridCPU_ISE.Tests/tests/Phase09StreamEngineDeferredParityTests.cs,1019,"() => StreamEngine.Execute(ref core, in inst));"
StreamEngine,usage,HybridCPU_ISE.Tests/tests/Phase09StreamEngineDeferredParityTests.cs,1051,"() => StreamEngine.Execute(ref core, in inst));"
StreamEngine,usage,HybridCPU_ISE.Tests/tests/Phase09StreamEngineDeferredParityTests.cs,1053,"Assert.Contains(""indexed StreamEngine.Execute(...)"", ex.Message, StringComparison.Ordinal);"
StreamEngine,usage,HybridCPU_ISE.Tests/tests/Phase09StreamEngineDeferredParityTests.cs,1110,"() => StreamEngine.Execute(ref core, in inst));"
BurstIO,usage,HybridCPU_ISE.Tests/tests/Phase09StreamEngineDeferredParityTests.cs,1066,() => BurstIO.BurstRead2D(
BurstIO,usage,HybridCPU_ISE.Tests/tests/Phase09StreamEngineDeferredParityTests.cs,1075,"Assert.Contains(nameof(BurstIO.BurstRead2D), ex.Message, StringComparison.Ordinal);"
BurstIO,usage,HybridCPU_ISE.Tests/tests/Phase09StreamEngineDeferredParityTests.cs,1085,() => BurstIO.BurstWrite2D(
BurstIO,usage,HybridCPU_ISE.Tests/tests/Phase09StreamEngineDeferredParityTests.cs,1094,"Assert.Contains(nameof(BurstIO.BurstWrite2D), ex.Message, StringComparison.Ordinal);"
MemorySubsystem,usage,HybridCPU_ISE.Tests/tests/Phase09StreamEngineDeferredParityTests.cs,119,Processor.Memory = new MemorySubsystem(ref proc);
StreamEngine,usage,HybridCPU_ISE.Tests/tests/Phase09StreamEngineMemorySubsystemBindingSeamTests.cs,10,"/// Proves that <see cref=""BurstIO""/> and <see cref=""StreamEngine""/> methods"
BurstIO,usage,HybridCPU_ISE.Tests/tests/Phase09StreamEngineMemorySubsystemBindingSeamTests.cs,10,"/// Proves that <see cref=""BurstIO""/> and <see cref=""StreamEngine""/> methods"
BurstIO,usage,HybridCPU_ISE.Tests/tests/Phase09StreamEngineMemorySubsystemBindingSeamTests.cs,15,/// call BurstIO.BurstRead/BurstWrite with the seeded subsystem →
BurstIO,usage,HybridCPU_ISE.Tests/tests/Phase09StreamEngineMemorySubsystemBindingSeamTests.cs,53,ulong read = BurstIO.BurstRead(
BurstIO,usage,HybridCPU_ISE.Tests/tests/Phase09StreamEngineMemorySubsystemBindingSeamTests.cs,96,ulong written = BurstIO.BurstWrite(
StreamRegisterFile,usage,HybridCPU_ISE.Tests/tests/Phase09StreamEngineMemorySubsystemBindingSeamTests.cs,131,// return true since there's no StreamRegisterFile to check
StreamRegisterFile,usage,HybridCPU_ISE.Tests/tests/Phase09StreamEngineMemorySubsystemBindingSeamTests.cs,136,// (no StreamRegisterFile = allocation always allowed)
MemorySubsystem,usage,HybridCPU_ISE.Tests/tests/Phase09StreamEngineMemorySubsystemBindingSeamTests.cs,11,"/// route through the explicitly-passed <see cref=""MemorySubsystem""/> parameter"
MemorySubsystem,usage,HybridCPU_ISE.Tests/tests/Phase09StreamEngineMemorySubsystemBindingSeamTests.cs,14,/// Pattern: seed MemorySubsystem → swap global to replacement →
MemorySubsystem,usage,HybridCPU_ISE.Tests/tests/Phase09StreamEngineMemorySubsystemBindingSeamTests.cs,29,MemorySubsystem? originalMemorySubsystem = Processor.Memory;
MemorySubsystem,usage,HybridCPU_ISE.Tests/tests/Phase09StreamEngineMemorySubsystemBindingSeamTests.cs,45,var seededSubsystem = new MemorySubsystem(ref proc);
MemorySubsystem,usage,HybridCPU_ISE.Tests/tests/Phase09StreamEngineMemorySubsystemBindingSeamTests.cs,48,var replacementSubsystem = new MemorySubsystem(ref proc);
MemorySubsystem,usage,HybridCPU_ISE.Tests/tests/Phase09StreamEngineMemorySubsystemBindingSeamTests.cs,77,MemorySubsystem? originalMemorySubsystem = Processor.Memory;
MemorySubsystem,usage,HybridCPU_ISE.Tests/tests/Phase09StreamEngineMemorySubsystemBindingSeamTests.cs,88,var seededSubsystem = new MemorySubsystem(ref proc);
MemorySubsystem,usage,HybridCPU_ISE.Tests/tests/Phase09StreamEngineMemorySubsystemBindingSeamTests.cs,91,var replacementSubsystem = new MemorySubsystem(ref proc);
MemorySubsystem,usage,HybridCPU_ISE.Tests/tests/Phase09StreamEngineMemorySubsystemBindingSeamTests.cs,118,MemorySubsystem? originalMemorySubsystem = Processor.Memory;
MemorySubsystem,usage,HybridCPU_ISE.Tests/tests/Phase09StreamEngineMemorySubsystemBindingSeamTests.cs,124,var globalSubsystem = new MemorySubsystem(ref proc);
StreamEngine,usage,HybridCPU_ISE.Tests/tests/Phase09StreamIngressWarmupTests.cs,48,"StreamEngine.Execute(ref core, in inst);"
StreamEngine,usage,HybridCPU_ISE.Tests/tests/Phase09StreamIngressWarmupTests.cs,81,Assert.True(StreamEngine.ScheduleLane6AssistPrefetch(
StreamEngine,usage,HybridCPU_ISE.Tests/tests/Phase09StreamIngressWarmupTests.cs,149,"() => StreamEngine.Execute(ref core, in inst));"
StreamEngine,usage,HybridCPU_ISE.Tests/tests/Phase09StreamIngressWarmupTests.cs,203,"() => StreamEngine.Execute(ref core, in inst));"
StreamEngine,usage,HybridCPU_ISE.Tests/tests/Phase09StreamIngressWarmupTests.cs,221,Assert.True(StreamEngine.ScheduleLane6AssistPrefetch(
StreamEngine,usage,HybridCPU_ISE.Tests/tests/Phase09StreamIngressWarmupTests.cs,260,Assert.False(StreamEngine.ScheduleLane6AssistPrefetch(
StreamEngine,usage,HybridCPU_ISE.Tests/tests/Phase09StreamIngressWarmupTests.cs,287,"Assert.Equal(32u, StreamEngine.ResolveSrfResidentChunkBudget(sizeof(ulong), requestedElements));"
StreamEngine,usage,HybridCPU_ISE.Tests/tests/Phase09StreamIngressWarmupTests.cs,288,Assert.False(StreamEngine.ScheduleLane6AssistPrefetch(
BurstIO,usage,HybridCPU_ISE.Tests/tests/Phase09StreamIngressWarmupTests.cs,88,ulong completed = BurstIO.BurstRead2D(
BurstIO,usage,HybridCPU_ISE.Tests/tests/Phase09StreamIngressWarmupTests.cs,230,ulong completed = BurstIO.BurstGather(
StreamRegisterFile,usage,HybridCPU_ISE.Tests/tests/Phase09StreamIngressWarmupTests.cs,294,StreamRegisterFile srf = Processor.Memory!.StreamRegisters;
MemorySubsystem,usage,HybridCPU_ISE.Tests/tests/Phase09StreamIngressWarmupTests.cs,319,Processor.Memory = new MemorySubsystem(ref proc);
StreamEngine,usage,HybridCPU_ISE.Tests/tests/Phase09VectorDeferredProofTests.cs,414,"StreamEngine.Execute(ref core, in inst);"
StreamEngine,usage,HybridCPU_ISE.Tests/tests/Phase09VectorDeferredProofTests.cs,455,"StreamEngine.Execute(ref core, in inst);"
MemorySubsystem,usage,HybridCPU_ISE.Tests/tests/Phase09VectorDeferredProofTests.cs,506,Processor.Memory = new MemorySubsystem(ref proc);
StreamEngine,usage,HybridCPU_ISE.Tests/tests/Phase09VectorDotWideExecutableTests.cs,343,"() => StreamEngine.Execute(ref core, in rawInstruction));"
MemorySubsystem,usage,HybridCPU_ISE.Tests/tests/Phase09VectorDotWideExecutableTests.cs,485,Processor.Memory = new MemorySubsystem(ref proc);
ACCEL,usage,HybridCPU_ISE.Tests/tests/Phase09VectorDotWideExecutableTests.cs,289,"""ACCEL_QUERY_ABI"", ""ACCEL_QUERY_TOPOLOGY"""
MemorySubsystem,usage,HybridCPU_ISE.Tests/tests/Phase09VectorMicroOpsMemorySubsystemBindingSeamTests.cs,12,"/// read the <see cref=""MemorySubsystem""/> from the core-bound seam (D3-C)"
MemorySubsystem,usage,HybridCPU_ISE.Tests/tests/Phase09VectorMicroOpsMemorySubsystemBindingSeamTests.cs,15,/// Pattern: seed MemorySubsystem → construct CPU_Core (captures via
MemorySubsystem,usage,HybridCPU_ISE.Tests/tests/Phase09VectorMicroOpsMemorySubsystemBindingSeamTests.cs,28,MemorySubsystem? originalMemorySubsystem = Processor.Memory;
MemorySubsystem,usage,HybridCPU_ISE.Tests/tests/Phase09VectorMicroOpsMemorySubsystemBindingSeamTests.cs,39,var seededSubsystem = new MemorySubsystem(ref proc);
MemorySubsystem,usage,HybridCPU_ISE.Tests/tests/Phase09VectorMicroOpsMemorySubsystemBindingSeamTests.cs,49,var replacementSubsystem = new MemorySubsystem(ref proc);
MemorySubsystem,usage,HybridCPU_ISE.Tests/tests/Phase09VectorMicroOpsMemorySubsystemBindingSeamTests.cs,70,"""The bound (seeded) MemorySubsystem should have received the EnqueueRead, "" +"
MemorySubsystem,usage,HybridCPU_ISE.Tests/tests/Phase09VectorMicroOpsMemorySubsystemBindingSeamTests.cs,90,MemorySubsystem? originalMemorySubsystem = Processor.Memory;
MemorySubsystem,usage,HybridCPU_ISE.Tests/tests/Phase09VectorMicroOpsMemorySubsystemBindingSeamTests.cs,101,var seededSubsystem = new MemorySubsystem(ref proc);
MemorySubsystem,usage,HybridCPU_ISE.Tests/tests/Phase09VectorMicroOpsMemorySubsystemBindingSeamTests.cs,111,var replacementSubsystem = new MemorySubsystem(ref proc);
MemorySubsystem,usage,HybridCPU_ISE.Tests/tests/Phase09VectorMicroOpsMemorySubsystemBindingSeamTests.cs,133,"""The bound (seeded) MemorySubsystem should have received the EnqueueWrite, "" +"
StreamEngine,usage,HybridCPU_ISE.Tests/tests/Phase09VectorPermute2ExecutableTests.cs,277,"() => StreamEngine.Execute(ref core, in rawInstruction));"
MemorySubsystem,usage,HybridCPU_ISE.Tests/tests/Phase09VectorPermute2ExecutableTests.cs,426,Processor.Memory = new MemorySubsystem(ref proc);
ACCEL,usage,HybridCPU_ISE.Tests/tests/Phase09VectorPermute2ExecutableTests.cs,243,"""ACCEL_QUERY_ABI"", ""ACCEL_QUERY_TOPOLOGY"""
ACCEL,usage,HybridCPU_ISE.Tests/tests/Phase09VectorPermute2ExecutableTests.cs,318,"Assert.DoesNotContain(""InstructionsEnum.ACCEL_QUERY_ABI"", compilerSource, StringComparison.Ordinal);"
ACCEL,usage,HybridCPU_ISE.Tests/tests/Phase09VectorPermute2ExecutableTests.cs,319,"Assert.DoesNotContain(""InstructionsEnum.ACCEL_QUERY_TOPOLOGY"", compilerSource, StringComparison.Ordinal);"
StreamEngine,usage,HybridCPU_ISE.Tests/tests/Phase09VectorSlideOneDownExecutableTests.cs,258,"() => StreamEngine.Execute(ref core, in rawInstruction));"
MemorySubsystem,usage,HybridCPU_ISE.Tests/tests/Phase09VectorSlideOneDownExecutableTests.cs,406,Processor.Memory = new MemorySubsystem(ref proc);
ACCEL,usage,HybridCPU_ISE.Tests/tests/Phase09VectorSlideOneDownExecutableTests.cs,226,"""ACCEL_QUERY_ABI"", ""ACCEL_QUERY_TOPOLOGY"""
ACCEL,usage,HybridCPU_ISE.Tests/tests/Phase09VectorSlideOneDownExecutableTests.cs,299,"Assert.DoesNotContain(""InstructionsEnum.ACCEL_QUERY_ABI"", compilerSource, StringComparison.Ordinal);"
ACCEL,usage,HybridCPU_ISE.Tests/tests/Phase09VectorSlideOneDownExecutableTests.cs,300,"Assert.DoesNotContain(""InstructionsEnum.ACCEL_QUERY_TOPOLOGY"", compilerSource, StringComparison.Ordinal);"
StreamEngine,usage,HybridCPU_ISE.Tests/tests/Phase09VectorSlideOneUpExecutableTests.cs,258,"() => StreamEngine.Execute(ref core, in rawInstruction));"
MemorySubsystem,usage,HybridCPU_ISE.Tests/tests/Phase09VectorSlideOneUpExecutableTests.cs,410,Processor.Memory = new MemorySubsystem(ref proc);
ACCEL,usage,HybridCPU_ISE.Tests/tests/Phase09VectorSlideOneUpExecutableTests.cs,226,"""ACCEL_QUERY_ABI"", ""ACCEL_QUERY_TOPOLOGY"""
ACCEL,usage,HybridCPU_ISE.Tests/tests/Phase09VectorSlideOneUpExecutableTests.cs,303,"Assert.DoesNotContain(""InstructionsEnum.ACCEL_QUERY_ABI"", compilerSource, StringComparison.Ordinal);"
ACCEL,usage,HybridCPU_ISE.Tests/tests/Phase09VectorSlideOneUpExecutableTests.cs,304,"Assert.DoesNotContain(""InstructionsEnum.ACCEL_QUERY_TOPOLOGY"", compilerSource, StringComparison.Ordinal);"
StreamEngine,usage,HybridCPU_ISE.Tests/tests/Phase09VectorTransposeExecutableTests.cs,251,"() => StreamEngine.Execute(ref core, in rawInstruction));"
MemorySubsystem,usage,HybridCPU_ISE.Tests/tests/Phase09VectorTransposeExecutableTests.cs,398,Processor.Memory = new MemorySubsystem(ref proc);
ACCEL,usage,HybridCPU_ISE.Tests/tests/Phase09VectorTransposeExecutableTests.cs,220,"""ACCEL_QUERY_ABI"", ""ACCEL_QUERY_TOPOLOGY"""
ACCEL,usage,HybridCPU_ISE.Tests/tests/Phase09VectorTransposeExecutableTests.cs,292,"Assert.DoesNotContain(""InstructionsEnum.ACCEL_QUERY_ABI"", compilerSource, StringComparison.Ordinal);"
ACCEL,usage,HybridCPU_ISE.Tests/tests/Phase09VectorTransposeExecutableTests.cs,293,"Assert.DoesNotContain(""InstructionsEnum.ACCEL_QUERY_TOPOLOGY"", compilerSource, StringComparison.Ordinal);"
VMX,usage,HybridCPU_ISE.Tests/tests/Phase09VmxSubsystemTests.cs,1,﻿// Phase 09: VMX Subsystem вЂ” Instruction Plane + FSM Transitions
VMX,usage,HybridCPU_ISE.Tests/tests/Phase09VmxSubsystemTests.cs,4,//   - VmxEventKind: VMX diagnostic event kinds
VMX,usage,HybridCPU_ISE.Tests/tests/Phase09VmxSubsystemTests.cs,8,//   - VmxExecutionUnit: all 8 VMX instruction implementations
VMX,usage,HybridCPU_ISE.Tests/tests/Phase09VmxSubsystemTests.cs,9,//   - ExecutionResult.VmxFault: VMX fault signalling
VMX,usage,HybridCPU_ISE.Tests/tests/Phase09VmxSubsystemTests.cs,10,//   - ExecutionDispatcherV4: VMX dispatch delegation + explicit direct surface contract
VMX,usage,HybridCPU_ISE.Tests/tests/Phase09VmxSubsystemTests.cs,12,//   - Privilege enforcement: VMX instructions require M-mode
VMX,usage,HybridCPU_ISE.Tests/tests/Phase09VmxSubsystemTests.cs,34,/// <summary>Simple dictionary-backed ICanonicalCpuState stub for Phase 09 VMX tests.</summary>
VMX,usage,HybridCPU_ISE.Tests/tests/Phase09VmxSubsystemTests.cs,102,/// <summary>Helper to create VMX InstructionIR records.</summary>
VMX,mention,HybridCPU_ISE.Tests/tests/Phase09VmxSubsystemTests.cs,112,"Class = InstructionClass.Vmx,"
VMX,usage,HybridCPU_ISE.Tests/tests/Phase09VmxSubsystemTests.cs,122,/// <summary>Recording VMX event sink for test assertions.</summary>
VMX,usage,HybridCPU_ISE.Tests/tests/Phase09VmxSubsystemTests.cs,153,// 2. VmxEventKind вЂ” VMX Diagnostic Event Kinds
VMX,usage,HybridCPU_ISE.Tests/tests/Phase09VmxSubsystemTests.cs,809,"// Set up: VMX enabled, in GuestExecution state, VMCS loaded"
VMX,usage,HybridCPU_ISE.Tests/tests/Phase09VmxSubsystemTests.cs,933,// Enable VMX and set up VMCS
VMX,usage,HybridCPU_ISE.Tests/tests/Phase09VmxSubsystemTests.cs,954,// Re-enable VMX
VMX,usage,HybridCPU_ISE.Tests/tests/Phase09VmxSubsystemTests.cs,964,// 14. ExecutionDispatcherV4 вЂ” VMX Dispatch Delegation
VMX,mention,HybridCPU_ISE.Tests/tests/Phase09VmxSubsystemTests.cs,1076,"Assert.Equal(RetireWindowCaptureEffectKind.Vmx, transaction.TypedEffectKind);"
MemorySubsystem,usage,HybridCPU_ISE.Tests/tests/Phase09WriteRegisterPublicationContractTests.cs,209,Processor.Memory = new MemorySubsystem(ref proc);
ACCEL,usage,HybridCPU_ISE.Tests/tests/Phase09WriteRegisterPublicationContractTests.cs,313,(uint)Processor.CPU_Core.InstructionsEnum.ACCEL_STATUS)
ACCEL,usage,HybridCPU_ISE.Tests/tests/Phase09WriteRegisterPublicationContractTests.cs,328,(uint)Processor.CPU_Core.InstructionsEnum.ACCEL_QUERY_CAPS or
ACCEL,usage,HybridCPU_ISE.Tests/tests/Phase09WriteRegisterPublicationContractTests.cs,329,(uint)Processor.CPU_Core.InstructionsEnum.ACCEL_SUBMIT)
MemorySubsystem,usage,HybridCPU_ISE.Tests/tests/Phase10AtomicAcquireReleaseOrderingTests.cs,38,Processor.Memory = new MemorySubsystem(ref proc);
MemorySubsystem,usage,HybridCPU_ISE.Tests/tests/Phase10FenceOrderingAndVisibilityTests.cs,39,Processor.Memory = new MemorySubsystem(ref proc);
VMX,usage,HybridCPU_ISE.Tests/tests/Phase12FinalIsaIntegrationTests.cs,8,"//   - Atomic, System-event, SmtVt-event, stream-control, and VMX eager direct surfaces are explicitly rejected and do not emit trace/telemetry"
StreamEngine,usage,HybridCPU_ISE.Tests/tests/Phase12MatrixTilePositiveGoldenArtifactTests.cs,365,"""StreamEngine"","
StreamEngine,usage,HybridCPU_ISE.Tests/tests/Phase12RetiredCompatPolicyBitBoundaryTests.cs,30,"RelativePath(""HybridCPU_ISE"", ""Core"", ""Execution"", ""StreamEngine"", ""StreamExecutionRequest.cs"")"
VMX,usage,HybridCPU_ISE.Tests/tests/Phase13Lane7CacheTlbIommuFailClosedTests.cs,390,"failures.Add($""{Relative(path)} contains forbidden VMX integration token `{token}`."");"
VMX,usage,HybridCPU_ISE.Tests/tests/Phase13Lane7CacheTlbIommuFailClosedTests.cs,397,"""Phase 13 Non-VMX cache/TLB/IOMMU rows must not be integrated through VMX EPT/VPID/NPT or host evidence:"" +"
VMX,mention,HybridCPU_ISE.Tests/tests/Phase13Lane7CacheTlbIommuFailClosedTests.cs,509,"path.Contains(""Vmx"", StringComparison.OrdinalIgnoreCase) ||"
ACCEL,usage,HybridCPU_ISE.Tests/tests/Phase13Lane7CacheTlbIommuFailClosedTests.cs,141,"{ ""FENCE"", ""FENCE_I"", ""AMOADD_W"", ""LR_W"", ""SC_W"", ""DmaStreamCompute"", ""DSC_STATUS"", ""ACCEL_SUBMIT"" })"
VMX,usage,HybridCPU_ISE.Tests/tests/Phase14Lane7AcceleratorControlFailClosedTests.cs,389,"failures.Add($""{Relative(path)} contains forbidden VMX integration token `{token}`."");"
VMX,usage,HybridCPU_ISE.Tests/tests/Phase14Lane7AcceleratorControlFailClosedTests.cs,396,"""Phase 14 Non-VMX accelerator controls must not be integrated through VMX backend or host evidence:"" +"
VMX,mention,HybridCPU_ISE.Tests/tests/Phase14Lane7AcceleratorControlFailClosedTests.cs,502,"path.Contains(""Vmx"", StringComparison.OrdinalIgnoreCase) ||"
ACCEL,usage,HybridCPU_ISE.Tests/tests/Phase14Lane7AcceleratorControlFailClosedTests.cs,33,"""ACCEL_QUERY_ABI"","
ACCEL,usage,HybridCPU_ISE.Tests/tests/Phase14Lane7AcceleratorControlFailClosedTests.cs,34,"""ACCEL_QUERY_TOPOLOGY"","
ACCEL,usage,HybridCPU_ISE.Tests/tests/Phase14Lane7AcceleratorControlFailClosedTests.cs,35,"""ACCEL_OPEN"","
ACCEL,usage,HybridCPU_ISE.Tests/tests/Phase14Lane7AcceleratorControlFailClosedTests.cs,36,"""ACCEL_CLOSE"","
ACCEL,usage,HybridCPU_ISE.Tests/tests/Phase14Lane7AcceleratorControlFailClosedTests.cs,37,"""ACCEL_BIND_QUEUE"","
ACCEL,usage,HybridCPU_ISE.Tests/tests/Phase14Lane7AcceleratorControlFailClosedTests.cs,38,"""ACCEL_UNBIND_QUEUE"","
ACCEL,usage,HybridCPU_ISE.Tests/tests/Phase14Lane7AcceleratorControlFailClosedTests.cs,71,"[InlineData(typeof(CloseToRtlAccelQueryAbi), ""ACCEL_QUERY_ABI"", ""RequiresAcceleratorAbiQueryContract"", ""RequiresBoundedCapabilityResultFootprint"")]"
ACCEL,usage,HybridCPU_ISE.Tests/tests/Phase14Lane7AcceleratorControlFailClosedTests.cs,72,"[InlineData(typeof(CloseToRtlAccelQueryTopology), ""ACCEL_QUERY_TOPOLOGY"", ""RequiresAcceleratorTopologyAbi"", ""RequiresBoundedTopologyResultFootprint"")]"
ACCEL,usage,HybridCPU_ISE.Tests/tests/Phase14Lane7AcceleratorControlFailClosedTests.cs,95,"[InlineData(typeof(CloseToRtlAccelOpen), ""ACCEL_OPEN"")]"
ACCEL,usage,HybridCPU_ISE.Tests/tests/Phase14Lane7AcceleratorControlFailClosedTests.cs,96,"[InlineData(typeof(CloseToRtlAccelClose), ""ACCEL_CLOSE"")]"
ACCEL,usage,HybridCPU_ISE.Tests/tests/Phase14Lane7AcceleratorControlFailClosedTests.cs,118,"[InlineData(typeof(CloseToRtlAccelBindQueue), ""ACCEL_BIND_QUEUE"")]"
ACCEL,usage,HybridCPU_ISE.Tests/tests/Phase14Lane7AcceleratorControlFailClosedTests.cs,119,"[InlineData(typeof(CloseToRtlAccelUnbindQueue), ""ACCEL_UNBIND_QUEUE"")]"
ACCEL,usage,HybridCPU_ISE.Tests/tests/Phase14Lane7AcceleratorControlFailClosedTests.cs,145,"{ ""ACCEL_QUERY_CAPS"", ""ACCEL_SUBMIT"", ""ACCEL_POLL"", ""ACCEL_WAIT"", ""ACCEL_CANCEL"", ""ACCEL_FENCE"", ""ACCEL_STATUS"" })"
ACCEL,usage,HybridCPU_ISE.Tests/tests/Phase14Lane7AcceleratorControlFailClosedTests.cs,216,"""ACCEL_BIND_QUEUE"","
ACCEL,usage,HybridCPU_ISE.Tests/tests/Phase14Lane7AcceleratorControlFailClosedTests.cs,217,"""ACCEL_CLOSE"","
ACCEL,usage,HybridCPU_ISE.Tests/tests/Phase14Lane7AcceleratorControlFailClosedTests.cs,218,"""ACCEL_OPEN"","
ACCEL,usage,HybridCPU_ISE.Tests/tests/Phase14Lane7AcceleratorControlFailClosedTests.cs,219,"""ACCEL_QUERY_ABI"","
ACCEL,usage,HybridCPU_ISE.Tests/tests/Phase14Lane7AcceleratorControlFailClosedTests.cs,220,"""ACCEL_QUERY_TOPOLOGY"","
ACCEL,usage,HybridCPU_ISE.Tests/tests/Phase14Lane7AcceleratorControlFailClosedTests.cs,221,"""ACCEL_UNBIND_QUEUE"""
ACCEL,usage,HybridCPU_ISE.Tests/tests/Phase14Lane7AcceleratorControlFailClosedTests.cs,279,"if (contract.Mnemonic == ""ACCEL_QUERY_ABI"")"
ACCEL,usage,HybridCPU_ISE.Tests/tests/Phase14Lane7AcceleratorControlFailClosedTests.cs,370,"(""ACCEL_QUERY_ABI"", ""AccelQueryAbi""),"
ACCEL,usage,HybridCPU_ISE.Tests/tests/Phase14Lane7AcceleratorControlFailClosedTests.cs,371,"(""ACCEL_QUERY_TOPOLOGY"", ""AccelQueryTopology""),"
ACCEL,usage,HybridCPU_ISE.Tests/tests/Phase14Lane7AcceleratorControlFailClosedTests.cs,372,"(""ACCEL_OPEN"", ""AccelOpen""),"
ACCEL,usage,HybridCPU_ISE.Tests/tests/Phase14Lane7AcceleratorControlFailClosedTests.cs,373,"(""ACCEL_CLOSE"", ""AccelClose""),"
ACCEL,usage,HybridCPU_ISE.Tests/tests/Phase14Lane7AcceleratorControlFailClosedTests.cs,374,"(""ACCEL_BIND_QUEUE"", ""AccelBindQueue""),"
ACCEL,usage,HybridCPU_ISE.Tests/tests/Phase14Lane7AcceleratorControlFailClosedTests.cs,375,"(""ACCEL_UNBIND_QUEUE"", ""AccelUnbindQueue""));"
VMX,usage,HybridCPU_ISE.Tests/tests/Phase15CompatibilityConformanceSweepTests.cs,168,"Assert.Contains(""VMX-specific paths"", tracking);"
ACCEL,usage,HybridCPU_ISE.Tests/tests/Phase15CompatibilityConformanceSweepTests.cs,111,"new(""ACCEL_QUERY_ABI"", IsaInstructionStatus.Reserved, RuntimeInstructionEvidence.None, true),"
ACCEL,usage,HybridCPU_ISE.Tests/tests/Phase15CompatibilityConformanceSweepTests.cs,112,"new(""ACCEL_QUERY_TOPOLOGY"", IsaInstructionStatus.Reserved, RuntimeInstructionEvidence.None, true),"
ACCEL,usage,HybridCPU_ISE.Tests/tests/Phase15CompatibilityConformanceSweepTests.cs,113,"new(""ACCEL_OPEN"", IsaInstructionStatus.Reserved, RuntimeInstructionEvidence.None, true),"
ACCEL,usage,HybridCPU_ISE.Tests/tests/Phase15CompatibilityConformanceSweepTests.cs,114,"new(""ACCEL_CLOSE"", IsaInstructionStatus.Reserved, RuntimeInstructionEvidence.None, true),"
ACCEL,usage,HybridCPU_ISE.Tests/tests/Phase15CompatibilityConformanceSweepTests.cs,115,"new(""ACCEL_BIND_QUEUE"", IsaInstructionStatus.Reserved, RuntimeInstructionEvidence.None, true),"
ACCEL,usage,HybridCPU_ISE.Tests/tests/Phase15CompatibilityConformanceSweepTests.cs,116,"new(""ACCEL_UNBIND_QUEUE"", IsaInstructionStatus.Reserved, RuntimeInstructionEvidence.None, true)"
StreamEngine,usage,HybridCPU_ISE.Tests/tests/Phase3V6IsaTableDrivenTests.cs,795,// [T6P3-16..T6P3-19]  B9 — OpcodeRegistry table-driven StreamEngine helpers
VMX,usage,HybridCPU_ISE.Tests/tests/Phase3V6IsaTableDrivenTests.cs,76,"[InlineData(InstructionsEnum.VMXON, InstructionClass.Vmx, SerializationClass.VmxSerial)]"
VMX,mention,HybridCPU_ISE.Tests/tests/Phase3V6IsaTableDrivenTests.cs,529,"Assert.Equal(InstructionClass.Vmx, op.InstructionClass);"
VMX,usage,HybridCPU_ISE.Tests/tests/Phase4SystemPrivilegedVmxTests.cs,1,﻿// V5 Phase 4: System/Privileged Layer Rewrite + VMX FSM Groundwork
VMX,usage,HybridCPU_ISE.Tests/tests/Phase4SystemPrivilegedVmxTests.cs,11,//   [T4-08] VMXON: explicit VMX executor enables VMX CSR state; requires M-mode
VMX,usage,HybridCPU_ISE.Tests/tests/Phase4SystemPrivilegedVmxTests.cs,13,//   [T4-10] VM_EXIT: typed VMX retire saves guest state and restores host context
VMX,mention,HybridCPU_ISE.Tests/tests/Phase4SystemPrivilegedVmxTests.cs,160,"Class = InstructionClass.Vmx,"
VMX,mention,HybridCPU_ISE.Tests/tests/PhaseAuditComprehensiveTests.cs,581,"InstructionClass.Vmx, SerializationClass.VmxSerial);"
VMX,usage,HybridCPU_ISE.Tests/VmxRefactoring/CoreVmxAuthorityBoundaryTests.cs,12,"string coreVmxRoot = Path.Combine(projectRoot, ""Core"", ""VMX"");"
VMX,usage,HybridCPU_ISE.Tests/VmxRefactoring/CoreVmxAuthorityBoundaryTests.cs,19,"if (relativePath.StartsWith(""Core/VMX/Conformance/"", StringComparison.Ordinal))"
VMX,mention,HybridCPU_ISE.Tests/VmxRefactoring/SecureComputeVmxDenialGuardTests.cs,2,using YAKSys_Hybrid_CPU.Core.Vmx;
VMX,usage,HybridCPU_ISE.Tests/VmxRefactoring/SecureComputeVmxPhase10ReleaseGateTests.cs,37,"Assert.Contains(""VMX remains frozen compatibility frontend"", plan09);"
VMX,usage,HybridCPU_ISE.Tests/VmxRefactoring/SecureComputeVmxPhase10ReleaseGateTests.cs,40,"Assert.Contains(""VMX cannot activate SecureCompute"", plan09);"
VMX,usage,HybridCPU_ISE.Tests/VmxRefactoring/SecureComputeVmxPhase10ReleaseGateTests.cs,45,"Assert.Contains(""Phase 8: VMX deny/projection matrix + negative conformance; not secure VMCS."", plan12);"
VMX,usage,HybridCPU_ISE.Tests/VmxRefactoring/SecureComputeVmxPhase10ReleaseGateTests.cs,46,"Assert.Contains(""VMX no-authority, VMCS no-state-owner, VmxCaps no-grant"", plan12);"
VMX,usage,HybridCPU_ISE.Tests/VmxRefactoring/SecureComputeVmxPhase10ReleaseGateTests.cs,74,"""Forbidden affirmative VMX/SecureCompute documentation claims:"" +"
VMX,usage,HybridCPU_ISE.Tests/VmxRefactoring/SecureComputeVmxPhase10ReleaseGateTests.cs,97,"""VMX compatibility sources must stay projection-only for SecureCompute:"" +"
VMX,mention,HybridCPU_ISE.Tests/VmxRefactoring/VmxAdmittedDeniedVmCallTrapPathTests.cs,3,using YAKSys_Hybrid_CPU.Core.Vmx;
VMX,usage,HybridCPU_ISE.Tests/VmxRefactoring/VmxCapabilitySubstrateAndAliasEvidenceContracts.cs,6,"""Core/VMX/Substrate/Capabilities/DescriptorSet/CapabilityDescriptorSetSchema.cs"";"
VMX,usage,HybridCPU_ISE.Tests/VmxRefactoring/VmxCapabilitySubstrateAndAliasEvidenceContracts.cs,9,"""Core/VMX/Compatibility/Generated/CapabilityProjection/CapabilityDescriptorSetSchema.cs"";"
VMX,usage,HybridCPU_ISE.Tests/VmxRefactoring/VmxCapabilitySubstrateAndAliasEvidenceContracts.cs,13,"""Core/VMX/Substrate/Memory/Invalidation/TranslationInvalidationService.cs"","
VMX,usage,HybridCPU_ISE.Tests/VmxRefactoring/VmxCapabilitySubstrateAndAliasEvidenceContracts.cs,14,"""Core/VMX/Substrate/Lanes/Lane7/Lane7StateBlock.cs"","
VMX,usage,HybridCPU_ISE.Tests/VmxRefactoring/VmxCapabilitySubstrateAndAliasEvidenceContracts.cs,15,"""Core/VMX/Substrate/Lanes/VectorStream/VectorStreamSnapshot.Restore.partial.cs"","
VMX,usage,HybridCPU_ISE.Tests/VmxRefactoring/VmxCapabilitySubstrateAndAliasEvidenceContracts.cs,16,"""Core/VMX/Substrate/Memory/AddressSpaces/AddressSpaceId.cs"","
VMX,usage,HybridCPU_ISE.Tests/VmxRefactoring/VmxCapabilitySubstrateAndAliasEvidenceContracts.cs,17,"""Core/VMX/Substrate/Memory/AddressSpaces/AddressSpaceDescriptor.cs"","
VMX,usage,HybridCPU_ISE.Tests/VmxRefactoring/VmxCapabilitySubstrateAndAliasEvidenceContracts.cs,18,"""Core/VMX/Substrate/Memory/DirtyTracking/DirtyTrackingServiceDescriptor.cs"","
VMX,usage,HybridCPU_ISE.Tests/VmxRefactoring/VmxCapabilitySubstrateAndAliasEvidenceContracts.cs,19,"""Core/VMX/Substrate/Memory/Iommu/IommuDomainDescriptor.cs"","
VMX,usage,HybridCPU_ISE.Tests/VmxRefactoring/VmxCapabilitySubstrateAndAliasEvidenceContracts.cs,20,"""Core/VMX/Substrate/Memory/Translation/MemoryTranslationPolicy.cs"","
VMX,usage,HybridCPU_ISE.Tests/VmxRefactoring/VmxCapabilitySubstrateAndAliasEvidenceContracts.cs,21,"""Core/VMX/Substrate/Memory/Translation/NestedPageWalker.cs"","
VMX,usage,HybridCPU_ISE.Tests/VmxRefactoring/VmxCapabilitySubstrateAndAliasEvidenceContracts.cs,22,"""Core/VMX/Substrate/Memory/Translation/NestedPageWalker.Translate.partial.cs"","
VMX,usage,HybridCPU_ISE.Tests/VmxRefactoring/VmxCapabilitySubstrateAndAliasEvidenceContracts.cs,23,"""Core/VMX/Substrate/Memory/Translation/NestedTlbTag.cs"","
VMX,usage,HybridCPU_ISE.Tests/VmxRefactoring/VmxCapabilitySubstrateAndAliasEvidenceContracts.cs,24,"""Core/VMX/Substrate/Memory/Translation/NestedTranslationResult.cs"","
VMX,usage,HybridCPU_ISE.Tests/VmxRefactoring/VmxCapabilitySubstrateAndAliasEvidenceContracts.cs,25,"""Core/VMX/Substrate/Memory/Translation/TranslationViolationInfo.cs"","
VMX,usage,HybridCPU_ISE.Tests/VmxRefactoring/VmxCapabilitySubstrateAndAliasEvidenceContracts.cs,26,"""Core/VMX/Substrate/IO/Dma/DmaAuthorityService.cs"","
VMX,usage,HybridCPU_ISE.Tests/VmxRefactoring/VmxCapabilitySubstrateAndAliasEvidenceContracts.cs,27,"""Core/VMX/Substrate/IO/Dma/DmaDomainBinding.cs"","
VMX,usage,HybridCPU_ISE.Tests/VmxRefactoring/VmxCapabilitySubstrateAndAliasEvidenceContracts.cs,28,"""Core/VMX/Substrate/IO/Dma/DmaWindowDescriptor.cs"","
VMX,usage,HybridCPU_ISE.Tests/VmxRefactoring/VmxCapabilitySubstrateAndAliasEvidenceContracts.cs,29,"""Core/VMX/Substrate/IO/Iotlb/IotlbInvalidationService.cs"","
VMX,usage,HybridCPU_ISE.Tests/VmxRefactoring/VmxCapabilitySubstrateAndAliasEvidenceContracts.cs,30,"""Core/VMX/Substrate/Migration/Checkpoint/DomainCheckpointImage.cs"","
VMX,usage,HybridCPU_ISE.Tests/VmxRefactoring/VmxCapabilitySubstrateAndAliasEvidenceContracts.cs,31,"""Core/VMX/Substrate/Migration/Format/MigrationDescriptor.cs"","
VMX,usage,HybridCPU_ISE.Tests/VmxRefactoring/VmxCapabilitySubstrateAndAliasEvidenceContracts.cs,32,"""Core/VMX/Substrate/Migration/Restore/RestoreValidationService.cs"","
VMX,usage,HybridCPU_ISE.Tests/VmxRefactoring/VmxCapabilitySubstrateAndAliasEvidenceContracts.cs,33,"""Core/VMX/Substrate/Migration/Validation/MigrationValidationPolicy.cs"","
VMX,usage,HybridCPU_ISE.Tests/VmxRefactoring/VmxCapabilitySubstrateAndAliasEvidenceContracts.cs,34,"""Core/VMX/Substrate/Completion/Routing/CompletionRoutingService.cs"","
VMX,usage,HybridCPU_ISE.Tests/VmxRefactoring/VmxCapabilitySubstrateAndAliasEvidenceContracts.cs,35,"""Core/VMX/Substrate/Completion/Routing/LaneCompletionRouting.cs"","
VMX,usage,HybridCPU_ISE.Tests/VmxRefactoring/VmxCapabilitySubstrateAndAliasEvidenceContracts.cs,36,"""Core/VMX/Substrate/Events/Injection/EventDeliveryService.cs"","
VMX,usage,HybridCPU_ISE.Tests/VmxRefactoring/VmxCapabilitySubstrateAndAliasEvidenceContracts.cs,37,"""Core/VMX/Substrate/Events/Injection/EventInjectionDescriptor.cs"","
VMX,usage,HybridCPU_ISE.Tests/VmxRefactoring/VmxCapabilitySubstrateAndAliasEvidenceContracts.cs,38,"""Core/VMX/Substrate/Events/Injection/InterruptRemapPolicy.cs"","
VMX,usage,HybridCPU_ISE.Tests/VmxRefactoring/VmxCapabilitySubstrateAndAliasEvidenceContracts.cs,39,"""Core/VMX/Substrate/Events/Injection/PostedEventQueue.cs"","
VMX,usage,HybridCPU_ISE.Tests/VmxRefactoring/VmxCapabilitySubstrateAndAliasEvidenceContracts.cs,40,"""Core/VMX/Substrate/Events/Injection/PostedEventQueue.Snapshot.partial.cs"","
VMX,usage,HybridCPU_ISE.Tests/VmxRefactoring/VmxCapabilitySubstrateAndAliasEvidenceContracts.cs,41,"""Core/VMX/Substrate/Events/Injection/VirtualInterruptFabric.cs"","
VMX,usage,HybridCPU_ISE.Tests/VmxRefactoring/VmxCapabilitySubstrateAndAliasEvidenceContracts.cs,42,"""Core/VMX/Substrate/Events/Injection/VirtualInterruptFabric.Remap.partial.cs"","
VMX,usage,HybridCPU_ISE.Tests/VmxRefactoring/VmxCapabilitySubstrateAndAliasEvidenceContracts.cs,43,"""Core/VMX/Substrate/Lanes/Lane6/Lane6StateBlock.cs"","
VMX,usage,HybridCPU_ISE.Tests/VmxRefactoring/VmxCapabilitySubstrateAndAliasEvidenceContracts.cs,44,"""Core/VMX/Substrate/Lanes/Lane6/Lane6VirtualToken.Evidence.partial.cs"","
VMX,usage,HybridCPU_ISE.Tests/VmxRefactoring/VmxCapabilitySubstrateAndAliasEvidenceContracts.cs,45,"""Core/VMX/Substrate/Lanes/Lane6/Fences/FenceDomain.cs"","
VMX,usage,HybridCPU_ISE.Tests/VmxRefactoring/VmxCapabilitySubstrateAndAliasEvidenceContracts.cs,46,"""Core/VMX/Substrate/Lanes/Lane6/Queues/Lane6QueueNamespace.cs"","
VMX,usage,HybridCPU_ISE.Tests/VmxRefactoring/VmxCapabilitySubstrateAndAliasEvidenceContracts.cs,47,"""Core/VMX/Substrate/Lanes/Lane6/Tokens/Lane6TokenNamespace.cs"","
VMX,mention,HybridCPU_ISE.Tests/VmxRefactoring/VmxCapabilitySubstrateAndAliasEvidenceContracts.cs,92,"""Vmx"","
VMX,usage,HybridCPU_ISE.Tests/VmxRefactoring/VmxCapabilitySubstrateAndAliasEvidenceContracts.cs,94,"""VMX"","
VMX,usage,HybridCPU_ISE.Tests/VmxRefactoring/VmxCapabilitySubstrateAndAliasEvidenceContracts.cs,108,"""Core/VMX/Compatibility/Frontend/Projection/Memory/MemoryTranslationControl.cs"","
VMX,usage,HybridCPU_ISE.Tests/VmxRefactoring/VmxCapabilitySubstrateAndAliasEvidenceContracts.cs,109,"""Core/VMX/Compatibility/Frontend/Projection/Completion/CompletionProjectionService.cs"","
VMX,usage,HybridCPU_ISE.Tests/VmxRefactoring/VmxCapabilitySubstrateAndAliasEvidenceContracts.cs,110,"""Core/VMX/Compatibility/Frontend/Projection/Events/TrapDecision.cs"","
VMX,usage,HybridCPU_ISE.Tests/VmxRefactoring/VmxCapabilitySubstrateAndAliasEvidenceContracts.cs,111,"""Core/VMX/Compatibility/Frontend/Projection/Lanes/Lane7CheckpointVmcsEvidenceProjection.cs"","
VMX,usage,HybridCPU_ISE.Tests/VmxRefactoring/VmxCapabilitySubstrateAndAliasEvidenceContracts.cs,112,"""Core/VMX/Compatibility/Frontend/Projection/Lanes/VectorStreamSnapshotVmcsEvidenceProjection.cs"","
VMX,usage,HybridCPU_ISE.Tests/VmxRefactoring/VmxCapabilitySubstrateAndAliasEvidenceContracts.cs,126,"""Core\\VMX\\Substrate\\Capabilities\\DescriptorSet\\"","
VMX,usage,HybridCPU_ISE.Tests/VmxRefactoring/VmxCapabilitySubstrateAndAliasEvidenceContracts.cs,127,"""Core\\VMX\\Substrate\\Capabilities\\Grants\\"","
VMX,usage,HybridCPU_ISE.Tests/VmxRefactoring/VmxCapabilitySubstrateAndAliasEvidenceContracts.cs,128,"""Core\\VMX\\Substrate\\Capabilities\\Negotiation\\"","
VMX,usage,HybridCPU_ISE.Tests/VmxRefactoring/VmxCapabilitySubstrateAndAliasEvidenceContracts.cs,129,"""Core\\VMX\\Substrate\\Capabilities\\Publication\\"","
VMX,usage,HybridCPU_ISE.Tests/VmxRefactoring/VmxCapabilitySubstrateAndAliasEvidenceContracts.cs,130,"""Core\\VMX\\Substrate\\Completion\\Routing\\"","
VMX,usage,HybridCPU_ISE.Tests/VmxRefactoring/VmxCapabilitySubstrateAndAliasEvidenceContracts.cs,131,"""Core\\VMX\\Substrate\\Events\\Injection\\"","
VMX,usage,HybridCPU_ISE.Tests/VmxRefactoring/VmxCapabilitySubstrateAndAliasEvidenceContracts.cs,132,"""Core\\VMX\\Substrate\\IO\\Dma\\"","
VMX,usage,HybridCPU_ISE.Tests/VmxRefactoring/VmxCapabilitySubstrateAndAliasEvidenceContracts.cs,133,"""Core\\VMX\\Substrate\\IO\\Iotlb\\"","
VMX,usage,HybridCPU_ISE.Tests/VmxRefactoring/VmxCapabilitySubstrateAndAliasEvidenceContracts.cs,134,"""Core\\VMX\\Substrate\\Lanes\\Lane6\\"","
VMX,usage,HybridCPU_ISE.Tests/VmxRefactoring/VmxCapabilitySubstrateAndAliasEvidenceContracts.cs,135,"""Core\\VMX\\Substrate\\Memory\\AddressSpaces\\"","
VMX,usage,HybridCPU_ISE.Tests/VmxRefactoring/VmxCapabilitySubstrateAndAliasEvidenceContracts.cs,136,"""Core\\VMX\\Substrate\\Memory\\DirtyTracking\\"","
VMX,usage,HybridCPU_ISE.Tests/VmxRefactoring/VmxCapabilitySubstrateAndAliasEvidenceContracts.cs,137,"""Core\\VMX\\Substrate\\Memory\\Iommu\\"","
VMX,usage,HybridCPU_ISE.Tests/VmxRefactoring/VmxCapabilitySubstrateAndAliasEvidenceContracts.cs,138,"""Core\\VMX\\Substrate\\Migration\\"","
VMX,usage,HybridCPU_ISE.Tests/VmxRefactoring/VmxCapabilitySubstrateAndAliasEvidenceContracts.cs,157,"""Core/VMX/Substrate/Memory/Translation/MemoryTranslationControl.cs"","
VMX,usage,HybridCPU_ISE.Tests/VmxRefactoring/VmxCapabilitySubstrateAndAliasEvidenceContracts.cs,158,"""Core/VMX/Substrate/Memory/Invalidation/TranslationInvalidationService.cs"","
VMX,usage,HybridCPU_ISE.Tests/VmxRefactoring/VmxCapabilitySubstrateAndAliasEvidenceContracts.cs,159,"""Core/VMX/Substrate/Lanes/VectorStream/VectorStreamSnapshot.Restore.partial.cs"","
VMX,usage,HybridCPU_ISE.Tests/VmxRefactoring/VmxCapabilitySubstrateAndAliasEvidenceContracts.cs,160,"""Core/VMX/Substrate/Lanes/Lane7/Lane7StateBlock.cs"","
VMX,usage,HybridCPU_ISE.Tests/VmxRefactoring/VmxCapabilitySubstrateAndAliasEvidenceContracts.cs,161,"""Core/VMX/Substrate/Lanes/Lane7/Lane7Checkpoint.Evidence.partial.cs"","
VMX,usage,HybridCPU_ISE.Tests/VmxRefactoring/VmxCapabilitySubstrateAndAliasEvidenceContracts.cs,162,"""Core/VMX/Substrate/Nested/Descriptors/ChildDomainIntentDescriptor.cs"","
VMX,usage,HybridCPU_ISE.Tests/VmxRefactoring/VmxCapabilitySubstrateAndAliasEvidenceContracts.cs,163,"""Core/VMX/Substrate/Nested/Policies/NestedDomainController.cs"","
VMX,usage,HybridCPU_ISE.Tests/VmxRefactoring/VmxCapabilitySubstrateAndAliasEvidenceContracts.cs,164,"""Core/VMX/Substrate/Evidence/HostOwned/HostOwnedEvidenceBoundary.cs"","
VMX,usage,HybridCPU_ISE.Tests/VmxRefactoring/VmxCapabilitySubstrateAndAliasEvidenceContracts.cs,165,"""Core/VMX/Substrate/Evidence/GuestVisible/GuestVisibleEvidenceProjection.cs"","
VMX,usage,HybridCPU_ISE.Tests/VmxRefactoring/VmxCapabilitySubstrateAndAliasEvidenceContracts.cs,166,"""Core/VMX/Substrate/Evidence/DebugTrace/DebugTraceExportPolicy.cs"","
VMX,usage,HybridCPU_ISE.Tests/VmxRefactoring/VmxCapabilitySubstrateAndAliasEvidenceContracts.cs,167,"""Core/VMX/Substrate/Lanes/VectorStream/State/VectorStreamState.cs"","
VMX,usage,HybridCPU_ISE.Tests/VmxRefactoring/VmxCapabilitySubstrateAndAliasEvidenceContracts.cs,168,"""Core/VMX/Substrate/Lanes/VectorStream/State/VectorStreamExecutionExtensionDescriptor.cs"","
VMX,usage,HybridCPU_ISE.Tests/VmxRefactoring/VmxCapabilitySubstrateAndAliasEvidenceContracts.cs,169,"""Core/VMX/Substrate/Lanes/VectorStream/SaveRestore/VectorStreamSaveRestoreProjection.cs"","
VMX,usage,HybridCPU_ISE.Tests/VmxRefactoring/VmxCapabilitySubstrateAndAliasEvidenceContracts.cs,170,"""Core/VMX/Substrate/Lanes/Lane7/Tokens/Lane7TokenNamespace.cs"","
VMX,usage,HybridCPU_ISE.Tests/VmxRefactoring/VmxCapabilitySubstrateAndAliasEvidenceContracts.cs,171,"""Core/VMX/Substrate/Lanes/Lane7/Handles/Lane7HandleNamespace.cs"","
VMX,usage,HybridCPU_ISE.Tests/VmxRefactoring/VmxCapabilitySubstrateAndAliasEvidenceContracts.cs,172,"""Core/VMX/Substrate/Lanes/Lane7/Handles/Lane7BackendBindingPolicy.cs"","
VMX,usage,HybridCPU_ISE.Tests/VmxRefactoring/VmxCapabilitySubstrateAndAliasEvidenceContracts.cs,173,"""Core/VMX/Substrate/Lanes/Lane7/Completion/Lane7CompletionPolicy.cs"","
VMX,usage,HybridCPU_ISE.Tests/VmxRefactoring/VmxCapabilitySubstrateAndAliasEvidenceContracts.cs,174,"""Core/VMX/Substrate/Lanes/Lane7/Lane7VirtualToken.Evidence.partial.cs"","
VMX,usage,HybridCPU_ISE.Tests/VmxRefactoring/VmxCapabilitySubstrateAndAliasEvidenceContracts.cs,175,"""Core/VMX/Substrate/Lanes/Lane7/Lane7StateBlock.Checkpoint.partial.cs"","
VMX,usage,HybridCPU_ISE.Tests/VmxRefactoring/VmxCapabilitySubstrateAndAliasEvidenceContracts.cs,176,"""Core/VMX/Substrate/Events/Traps/VirtualTimerState.cs"","
VMX,usage,HybridCPU_ISE.Tests/VmxRefactoring/VmxCapabilitySubstrateAndAliasEvidenceContracts.cs,177,"""Core/VMX/Substrate/Events/Traps/VirtualTimerState.Expiration.partial.cs"","
VMX,usage,HybridCPU_ISE.Tests/VmxRefactoring/VmxCapabilitySubstrateAndAliasEvidenceContracts.cs,178,"""Core/VMX/Substrate/Events/Traps/SchedulingBudgetTimer.Snapshot.partial.cs"","
VMX,usage,HybridCPU_ISE.Tests/VmxRefactoring/VmxCapabilitySubstrateAndAliasEvidenceContracts.cs,179,"""Core/VMX/Substrate/Events/Traps/DomainTrapRecord.cs"","
VMX,usage,HybridCPU_ISE.Tests/VmxRefactoring/VmxCapabilitySubstrateAndAliasEvidenceContracts.cs,180,"""Core/VMX/Substrate/Nested/Policies/NestedEvidencePolicy.cs"","
VMX,usage,HybridCPU_ISE.Tests/VmxRefactoring/VmxCapabilitySubstrateAndAliasEvidenceContracts.cs,181,"""Core/VMX/Substrate/Nested/CapabilityFilter/NestedCapabilityFilter.cs"","
VMX,usage,HybridCPU_ISE.Tests/VmxRefactoring/VmxCapabilitySubstrateAndAliasEvidenceContracts.cs,182,"""Core/VMX/Substrate/Nested/MemoryComposition/NestedMemoryDomainComposer.cs"","
VMX,usage,HybridCPU_ISE.Tests/VmxRefactoring/VmxCapabilitySubstrateAndAliasEvidenceContracts.cs,183,"""Core/VMX/Substrate/Nested/MemoryComposition/NestedMemoryCompositionService.cs"","
VMX,mention,HybridCPU_ISE.Tests/VmxRefactoring/VmxCapabilitySubstrateAndAliasEvidenceContracts.cs,219,"""Vmx"","
VMX,usage,HybridCPU_ISE.Tests/VmxRefactoring/VmxCapabilitySubstrateAndAliasEvidenceContracts.cs,220,"""VMX"","
VMX,usage,HybridCPU_ISE.Tests/VmxRefactoring/VmxCapabilitySubstrateAndAliasEvidenceContracts.cs,256,"""Core/VMX/Compatibility/Frontend/Projection/Memory/MemoryTranslationControl.cs"","
VMX,usage,HybridCPU_ISE.Tests/VmxRefactoring/VmxCapabilitySubstrateAndAliasEvidenceContracts.cs,257,"""Core/VMX/Compatibility/Frontend/Projection/Completion/CompletionProjectionService.cs"","
VMX,usage,HybridCPU_ISE.Tests/VmxRefactoring/VmxCapabilitySubstrateAndAliasEvidenceContracts.cs,258,"""Core/VMX/Compatibility/Frontend/Projection/Completion/CompletionRecordCompatibilityProjection.cs"","
VMX,usage,HybridCPU_ISE.Tests/VmxRefactoring/VmxCapabilitySubstrateAndAliasEvidenceContracts.cs,259,"""Core/VMX/Compatibility/Frontend/Projection/Events/TrapDecision.cs"","
VMX,usage,HybridCPU_ISE.Tests/VmxRefactoring/VmxCapabilitySubstrateAndAliasEvidenceContracts.cs,260,"""Core/VMX/Compatibility/Frontend/Projection/Events/TrapPolicyService.cs"","
VMX,usage,HybridCPU_ISE.Tests/VmxRefactoring/VmxCapabilitySubstrateAndAliasEvidenceContracts.cs,261,"""Core/VMX/Compatibility/Frontend/Projection/Lanes/VectorStreamSnapshotVmcsEvidenceProjection.cs"","
VMX,usage,HybridCPU_ISE.Tests/VmxRefactoring/VmxCapabilitySubstrateAndAliasEvidenceContracts.cs,262,"""Core/VMX/Compatibility/Frontend/Projection/Lanes/Lane7CheckpointVmcsEvidenceProjection.cs"","
VMX,usage,HybridCPU_ISE.Tests/VmxRefactoring/VmxCapabilitySubstrateAndAliasEvidenceContracts.cs,263,"""Core/VMX/Compatibility/Frontend/Projection/Nested/NestedCompletionMapper.cs"","
VMX,usage,HybridCPU_ISE.Tests/VmxRefactoring/VmxCapabilitySubstrateAndAliasEvidenceContracts.cs,264,"""Core/VMX/Compatibility/Frontend/Projection/Nested/NestedExitMapper.cs"","
VMX,usage,HybridCPU_ISE.Tests/VmxRefactoring/VmxCapabilitySubstrateAndAliasEvidenceContracts.cs,265,"""Core/VMX/Compatibility/Frontend/Projection/Nested/ChildDomainIntentDescriptor.cs"","
VMX,usage,HybridCPU_ISE.Tests/VmxRefactoring/VmxCapabilitySubstrateAndAliasEvidenceContracts.cs,266,"""Core/VMX/Compatibility/Frontend/Projection/Nested/NestedExitMapper.MemoryComposition.partial.cs"","
VMX,usage,HybridCPU_ISE.Tests/VmxRefactoring/VmxCapabilitySubstrateAndAliasEvidenceContracts.cs,267,"""Core/VMX/Compatibility/Frontend/Projection/Nested/NestedDomainController.cs"","
VMX,usage,HybridCPU_ISE.Tests/VmxRefactoring/VmxCapabilitySubstrateAndAliasEvidenceContracts.cs,268,"""Core/VMX/Compatibility/Frontend/Projection/Nested/NestedInterceptTranslator.cs"","
VMX,usage,HybridCPU_ISE.Tests/VmxRefactoring/VmxCapabilitySubstrateAndAliasEvidenceContracts.cs,269,"""Core/VMX/Compatibility/Frontend/Projection/Nested/NestedInterceptTranslator.Translate.partial.cs"","
VMX,usage,HybridCPU_ISE.Tests/VmxRefactoring/VmxCapabilitySubstrateAndAliasEvidenceContracts.cs,270,"""Core/VMX/Compatibility/Frontend/Retire/DomainEpochTracker.cs"","
VMX,usage,HybridCPU_ISE.Tests/VmxRefactoring/VmxCapabilitySubstrateAndAliasEvidenceContracts.cs,271,"""Core/VMX/Compatibility/Frontend/Retire/RetireEvidenceBoundary.cs"","
VMX,usage,HybridCPU_ISE.Tests/VmxRefactoring/VmxCapabilitySubstrateAndAliasEvidenceContracts.cs,310,"""Core/VMX/Substrate/Memory/Translation/MemoryTranslationControl.cs"","
VMX,usage,HybridCPU_ISE.Tests/VmxRefactoring/VmxCapabilitySubstrateAndAliasEvidenceContracts.cs,311,"""Core/VMX/Substrate/Memory/Invalidation/TranslationInvalidationService.cs"","
VMX,usage,HybridCPU_ISE.Tests/VmxRefactoring/VmxCapabilitySubstrateAndAliasEvidenceContracts.cs,312,"""Core/VMX/Substrate/Lanes/Lane7/Lane7StateBlock.cs"","
VMX,usage,HybridCPU_ISE.Tests/VmxRefactoring/VmxCapabilitySubstrateAndAliasEvidenceContracts.cs,313,"""Core/VMX/Substrate/Lanes/Lane7/Lane7Checkpoint.Evidence.partial.cs"","
VMX,usage,HybridCPU_ISE.Tests/VmxRefactoring/VmxCapabilitySubstrateAndAliasEvidenceContracts.cs,314,"""Core/VMX/Substrate/Lanes/VectorStream/VectorStreamSnapshot.Restore.partial.cs"","
VMX,usage,HybridCPU_ISE.Tests/VmxRefactoring/VmxCapabilitySubstrateAndAliasEvidenceContracts.cs,315,"""Core/VMX/Substrate/Nested/Descriptors/ChildDomainIntentDescriptor.cs"","
VMX,usage,HybridCPU_ISE.Tests/VmxRefactoring/VmxCapabilitySubstrateAndAliasEvidenceContracts.cs,316,"""Core/VMX/Substrate/Nested/Policies/NestedDomainController.cs"","
VMX,usage,HybridCPU_ISE.Tests/VmxRefactoring/VmxCapabilitySubstrateAndAliasEvidenceContracts.cs,318,"""Legacy/VMX/Compatibility/Adapters/IO/LegacyVmxIoVirtualizationBackend.cs"","
VMX,usage,HybridCPU_ISE.Tests/VmxRefactoring/VmxCapabilitySubstrateAndAliasEvidenceContracts.cs,319,"""Legacy/VMX/Compatibility/Adapters/MemoryInvalidation/LegacyVmxTranslationInvalidationBackend.cs"","
VMX,usage,HybridCPU_ISE.Tests/VmxRefactoring/VmxCapabilitySubstrateAndAliasEvidenceContracts.cs,335,"""Core/VMX/Compatibility/Frontend/Projection/Memory/MemoryTranslationControl.cs"","
VMX,usage,HybridCPU_ISE.Tests/VmxRefactoring/VmxCapabilitySubstrateAndAliasEvidenceContracts.cs,336,"""Core/VMX/Compatibility/Adapters/IO/IommuVmxCompatibilityAliases.cs"","
VMX,usage,HybridCPU_ISE.Tests/VmxRefactoring/VmxCapabilitySubstrateAndAliasEvidenceContracts.cs,337,"""Core/VMX/Compatibility/Frontend/Projection/Lanes/Lane7CheckpointVmcsEvidenceProjection.cs"","
VMX,usage,HybridCPU_ISE.Tests/VmxRefactoring/VmxCapabilitySubstrateAndAliasEvidenceContracts.cs,338,"""Core/VMX/Compatibility/Frontend/Projection/Lanes/VectorStreamSnapshotVmcsEvidenceProjection.cs"","
VMX,usage,HybridCPU_ISE.Tests/VmxRefactoring/VmxCapabilitySubstrateAndAliasEvidenceContracts.cs,339,"""Core/VMX/Compatibility/Generated/VmcsProjection/VmcsFieldProjectionSchema.cs"","
VMX,usage,HybridCPU_ISE.Tests/VmxRefactoring/VmxCapabilitySubstrateAndAliasEvidenceContracts.cs,340,"""Core/VMX/Compatibility/Generated/VmcsProjection/VmcsFieldAliasProjection.cs"","
VMX,usage,HybridCPU_ISE.Tests/VmxRefactoring/VmxCapabilitySubstrateAndAliasEvidenceContracts.cs,341,"""Core/VMX/Compatibility/Frontend/Projection/Nested/ChildDomainIntentDescriptor.cs"","
VMX,usage,HybridCPU_ISE.Tests/VmxRefactoring/VmxCapabilitySubstrateAndAliasEvidenceContracts.cs,342,"""Core/VMX/Compatibility/Frontend/Projection/Nested/NestedDomainController.cs"","
VMX,mention,HybridCPU_ISE.Tests/VmxRefactoring/VmxCapabilitySubstrateAndAliasEvidenceContracts.cs,353,"""Vmx"","
VMX,usage,HybridCPU_ISE.Tests/VmxRefactoring/VmxCapabilitySubstrateAndAliasEvidenceContracts.cs,354,"""VMX"","
VMX,usage,HybridCPU_ISE.Tests/VmxRefactoring/VmxCompatibilityControlOwnerDesignTests.cs,80,"Assert.Contains(""no frozen VMX control-bit value projection contract"", result.Reason);"
VMX,usage,HybridCPU_ISE.Tests/VmxRefactoring/VmxCompatibilityProjectionInventoryTests.cs,24,"""Core/VMX/Compatibility/Frontend/Projection/CapabilityCompatibilityProjection.cs"","
VMX,usage,HybridCPU_ISE.Tests/VmxRefactoring/VmxCompatibilityProjectionInventoryTests.cs,28,"""Core/VMX/Compatibility/Frontend/Projection/Completion/CompletionProjectionService.cs"","
VMX,usage,HybridCPU_ISE.Tests/VmxRefactoring/VmxCompatibilityProjectionInventoryTests.cs,32,"""Core/VMX/Compatibility/Frontend/Projection/Completion/CompletionRecordCompatibilityProjection.cs"","
VMX,usage,HybridCPU_ISE.Tests/VmxRefactoring/VmxCompatibilityProjectionInventoryTests.cs,36,"""Core/VMX/Compatibility/Frontend/Projection/Events/TrapDecision.cs"","
VMX,usage,HybridCPU_ISE.Tests/VmxRefactoring/VmxCompatibilityProjectionInventoryTests.cs,40,"""Core/VMX/Compatibility/Frontend/Projection/Events/TrapPolicyService.cs"","
VMX,usage,HybridCPU_ISE.Tests/VmxRefactoring/VmxCompatibilityProjectionInventoryTests.cs,44,"""Core/VMX/Compatibility/Frontend/Projection/Events/VmxTrapProjectionMapper.cs"","
VMX,usage,HybridCPU_ISE.Tests/VmxRefactoring/VmxCompatibilityProjectionInventoryTests.cs,48,"""Core/VMX/Compatibility/Frontend/Projection/Lanes/Lane7CheckpointVmcsEvidenceProjection.cs"","
VMX,usage,HybridCPU_ISE.Tests/VmxRefactoring/VmxCompatibilityProjectionInventoryTests.cs,52,"""Core/VMX/Compatibility/Frontend/Projection/Lanes/VectorStreamSnapshotVmcsEvidenceProjection.cs"","
VMX,usage,HybridCPU_ISE.Tests/VmxRefactoring/VmxCompatibilityProjectionInventoryTests.cs,56,"""Core/VMX/Compatibility/Frontend/Projection/Memory/MemoryTranslationControl.cs"","
VMX,usage,HybridCPU_ISE.Tests/VmxRefactoring/VmxCompatibilityProjectionInventoryTests.cs,60,"""Core/VMX/Compatibility/Frontend/Projection/Nested/ChildDomainIntentDescriptor.cs"","
VMX,usage,HybridCPU_ISE.Tests/VmxRefactoring/VmxCompatibilityProjectionInventoryTests.cs,64,"""Core/VMX/Compatibility/Frontend/Projection/Nested/NestedCompletionMapper.cs"","
VMX,usage,HybridCPU_ISE.Tests/VmxRefactoring/VmxCompatibilityProjectionInventoryTests.cs,68,"""Core/VMX/Compatibility/Frontend/Projection/Nested/NestedDomainController.cs"","
VMX,usage,HybridCPU_ISE.Tests/VmxRefactoring/VmxCompatibilityProjectionInventoryTests.cs,72,"""Core/VMX/Compatibility/Frontend/Projection/Nested/NestedExitMapper.cs"","
VMX,usage,HybridCPU_ISE.Tests/VmxRefactoring/VmxCompatibilityProjectionInventoryTests.cs,76,"""Core/VMX/Compatibility/Frontend/Projection/Nested/NestedExitMapper.MemoryComposition.partial.cs"","
VMX,usage,HybridCPU_ISE.Tests/VmxRefactoring/VmxCompatibilityProjectionInventoryTests.cs,80,"""Core/VMX/Compatibility/Frontend/Projection/Nested/NestedInterceptTranslator.cs"","
VMX,usage,HybridCPU_ISE.Tests/VmxRefactoring/VmxCompatibilityProjectionInventoryTests.cs,84,"""Core/VMX/Compatibility/Frontend/Projection/Nested/NestedInterceptTranslator.Translate.partial.cs"","
VMX,usage,HybridCPU_ISE.Tests/VmxRefactoring/VmxCompatibilityProjectionInventoryTests.cs,88,"""Core/VMX/Compatibility/Frontend/Projection/VmxCompatProjectionService.cs"","
VMX,usage,HybridCPU_ISE.Tests/VmxRefactoring/VmxCompatibilityProjectionInventoryTests.cs,92,"""Core/VMX/Compatibility/Frontend/Projection/VmxCompletion.cs"","
VMX,usage,HybridCPU_ISE.Tests/VmxRefactoring/VmxCompatibilityProjectionInventoryTests.cs,96,"""Core/VMX/Compatibility/Frontend/Projection/VmxFrontendResultMapper.cs"","
VMX,usage,HybridCPU_ISE.Tests/VmxRefactoring/VmxCompatibilityProjectionInventoryTests.cs,100,"""Core/VMX/Compatibility/Generated/AliasMaps/CompatAliasMap.cs"","
VMX,usage,HybridCPU_ISE.Tests/VmxRefactoring/VmxCompatibilityProjectionInventoryTests.cs,104,"""Core/VMX/Compatibility/Generated/CapabilityProjection/CapabilityDescriptorSetSchema.cs"","
VMX,usage,HybridCPU_ISE.Tests/VmxRefactoring/VmxCompatibilityProjectionInventoryTests.cs,108,"""Core/VMX/Compatibility/Generated/CsrProjection/VmxCapabilityDescriptorSource.cs"","
VMX,usage,HybridCPU_ISE.Tests/VmxRefactoring/VmxCompatibilityProjectionInventoryTests.cs,112,"""Core/VMX/Compatibility/Generated/CsrProjection/VmxCapsProjection.cs"","
VMX,usage,HybridCPU_ISE.Tests/VmxRefactoring/VmxCompatibilityProjectionInventoryTests.cs,116,"""Core/VMX/Compatibility/Generated/SpecArtifacts/CompatSpecArtifactSet.cs"","
VMX,usage,HybridCPU_ISE.Tests/VmxRefactoring/VmxCompatibilityProjectionInventoryTests.cs,120,"""Core/VMX/Compatibility/Generated/VmcsProjection/NestedDomainControllerCompatibilityProjection.cs"","
VMX,usage,HybridCPU_ISE.Tests/VmxRefactoring/VmxCompatibilityProjectionInventoryTests.cs,124,"""Core/VMX/Compatibility/Generated/VmcsProjection/ShadowVmcsNestedProjectionService.cs"","
VMX,usage,HybridCPU_ISE.Tests/VmxRefactoring/VmxCompatibilityProjectionInventoryTests.cs,128,"""Core/VMX/Compatibility/Generated/VmcsProjection/VmcsFieldAliasProjection.cs"","
VMX,usage,HybridCPU_ISE.Tests/VmxRefactoring/VmxCompatibilityProjectionInventoryTests.cs,132,"""Core/VMX/Compatibility/Generated/VmcsProjection/VmcsFieldProjectionSchema.cs"","
VMX,usage,HybridCPU_ISE.Tests/VmxRefactoring/VmxCompatibilityProjectionInventoryTests.cs,136,"""Core/VMX/Compatibility/Generated/VmcsProjection/VmcsV2Blocks.cs"","
VMX,usage,HybridCPU_ISE.Tests/VmxRefactoring/VmxCompatibilityProjectionInventoryTests.cs,140,"""Core/VMX/Compatibility/Generated/VmcsProjection/VmcsV2DescriptorProjection.cs"","
VMX,usage,HybridCPU_ISE.Tests/VmxRefactoring/VmxCompatibilityProjectionInventoryTests.cs,144,"""Core/VMX/Compatibility/Generated/VmcsProjection/VmcsV2Header.cs"","
VMX,usage,HybridCPU_ISE.Tests/VmxRefactoring/VmxCompatibilityProjectionInventoryTests.cs,155,"""Core/VMX/Compatibility/Frontend/Projection/Events/SchedulingBudgetTimer.cs"","
VMX,usage,HybridCPU_ISE.Tests/VmxRefactoring/VmxCompatibilityProjectionInventoryTests.cs,159,"""Core/VMX/Compatibility/Frontend/Projection/Events/TrapPolicyBitmap.cs"","
VMX,usage,HybridCPU_ISE.Tests/VmxRefactoring/VmxCompatibilityProjectionInventoryTests.cs,306,"Path.Combine(projectRoot, ""Core"", ""VMX"", ""Compatibility"", ""Generated""),"
VMX,usage,HybridCPU_ISE.Tests/VmxRefactoring/VmxCompatibilityProjectionInventoryTests.cs,307,"Path.Combine(projectRoot, ""Core"", ""VMX"", ""Compatibility"", ""Frontend"", ""Projection""),"
VMX,mention,HybridCPU_ISE.Tests/VmxRefactoring/VmxCompilerIsaRuntimeNoEmissionContractTests.cs,50,"""Vmx"","
ACCEL,usage,HybridCPU_ISE.Tests/VmxRefactoring/VmxCompilerIsaRuntimeNoEmissionContractTests.cs,227,"""L7-SDC compiler emission requires guard-backed owner/domain acceptance before ACCEL_SUBMIT emission."","
ACCEL,usage,HybridCPU_ISE.Tests/VmxRefactoring/VmxCompilerIsaRuntimeNoEmissionContractTests.cs,233,"""Compiler L7-SDC emission requires explicit accelerator intent and typed ACCEL_SUBMIT descriptor sideband before native opcode emission."","
ACCEL,usage,HybridCPU_ISE.Tests/VmxRefactoring/VmxCompilerIsaRuntimeNoEmissionContractTests.cs,236,"""runtime authority and not a fallback promise after ACCEL_SUBMIT exists"","
ACCEL,usage,HybridCPU_ISE.Tests/VmxRefactoring/VmxCompilerIsaRuntimeNoEmissionContractTests.cs,263,"InstructionsEnum.ACCEL_SUBMIT,"
VMX,usage,HybridCPU_ISE.Tests/VmxRefactoring/VmxDocumentationFinalClosureTests.cs,61,"""SecureCompute supported via VMX"","
VMX,usage,HybridCPU_ISE.Tests/VmxRefactoring/VmxDocumentationFinalClosureTests.cs,151,"""VMX backend execution"","
VMX,usage,HybridCPU_ISE.Tests/VmxRefactoring/VmxDocumentationFinalClosureTests.cs,155,"""SecureCompute through VMX/VMCS/`VmxCaps`"","
VMX,mention,HybridCPU_ISE.Tests/VmxRefactoring/VmxFirstAdmittedCompatibilityPathTests.cs,2,using YAKSys_Hybrid_CPU.Core.Vmx;
VMX,usage,HybridCPU_ISE.Tests/VmxRefactoring/VmxFirstAdmittedCompatibilityPathTests.cs,92,"""VMX"","
VMX,mention,HybridCPU_ISE.Tests/VmxRefactoring/VmxHypercallBackendAdmissionPolicyTests.cs,127,"Assert.DoesNotContain(""Vmx"", source);"
VMX,usage,HybridCPU_ISE.Tests/VmxRefactoring/VmxHypercallBackendAdmissionPolicyTests.cs,128,"Assert.DoesNotContain(""VMX"", source);"
VMX,mention,HybridCPU_ISE.Tests/VmxRefactoring/VmxHypercallBackendOwnerDecisionReadinessTests.cs,2,using YAKSys_Hybrid_CPU.Core.Vmx;
VMX,mention,HybridCPU_ISE.Tests/VmxRefactoring/VmxHypercallBackendOwnerDecisionReadinessTests.cs,220,"Assert.DoesNotContain(""Vmx"", hypercallSource);"
VMX,usage,HybridCPU_ISE.Tests/VmxRefactoring/VmxHypercallBackendOwnerDecisionReadinessTests.cs,221,"Assert.DoesNotContain(""VMX"", hypercallSource);"
VMX,usage,HybridCPU_ISE.Tests/VmxRefactoring/VmxLegacyFastRemovalEvidenceContracts.cs,6,"""Legacy/VMX/Compatibility/Adapters/LegacyVmxV1/LegacyVmxV1AdapterBoundary.cs"";"
VMX,usage,HybridCPU_ISE.Tests/VmxRefactoring/VmxLegacyFastRemovalEvidenceContracts.cs,33,"""Legacy/VMX/Compatibility/Adapters/LegacyVmxV2/LegacyVmxV2AdapterBoundary.cs"";"
VMX,usage,HybridCPU_ISE.Tests/VmxRefactoring/VmxLegacyFastRemovalEvidenceContracts.cs,37,"""Core/VMX/Compatibility/Generated/VmcsProjection/NestedDomainControllerCompatibilityProjection.cs"","
VMX,usage,HybridCPU_ISE.Tests/VmxRefactoring/VmxLegacyFastRemovalEvidenceContracts.cs,38,"""Core/VMX/Compatibility/Generated/VmcsProjection/ShadowVmcsNestedProjectionService.cs"","
VMX,usage,HybridCPU_ISE.Tests/VmxRefactoring/VmxLegacyFastRemovalEvidenceContracts.cs,60,"""Legacy/VMX/Compatibility/Generated/CsrProjection/LegacyCsrBackedVmxCapabilityDescriptorSource.cs"";"
VMX,usage,HybridCPU_ISE.Tests/VmxRefactoring/VmxLegacyFastRemovalEvidenceContracts.cs,87,"""Legacy/VMX/Compatibility/Adapters/MemoryInvalidation/LegacyVmxTranslationInvalidationBackend.cs"";"
VMX,usage,HybridCPU_ISE.Tests/VmxRefactoring/VmxLegacyFastRemovalEvidenceContracts.cs,114,"""Legacy/VMX/Compatibility/Adapters/IO/LegacyVmxIoVirtualizationBackend.cs"";"
VMX,usage,HybridCPU_ISE.Tests/VmxRefactoring/VmxLegacyFastRemovalEvidenceContracts.cs,166,"""Legacy/VMX/Compatibility/Frontend/Handlers/VmxExecutionUnit.cs"";"
VMX,usage,HybridCPU_ISE.Tests/VmxRefactoring/VmxNestedCompositionEvidenceContracts.cs,17,"""Core/VMX/Compatibility/Generated/VmcsProjection/ShadowVmcsNestedProjectionService.cs"";"
VMX,mention,HybridCPU_ISE.Tests/VmxRefactoring/VmxNestedCompositionEvidenceContracts.cs,22,"""Vmx"","
VMX,usage,HybridCPU_ISE.Tests/VmxRefactoring/VmxNestedCompositionEvidenceContracts.cs,24,"""VMX"","
VMX,usage,HybridCPU_ISE.Tests/VmxRefactoring/VmxPhase09To12ClosureCompletenessTests.cs,45,"""SecureCompute supported via VMX"","
VMX,usage,HybridCPU_ISE.Tests/VmxRefactoring/VmxPhase09To12ClosureCompletenessTests.cs,88,"ForbiddenShortcutText: ""Static scan that VMX frontend and SecureCompute projection code do not reference"","
VMX,usage,HybridCPU_ISE.Tests/VmxRefactoring/VmxPhase09To12ClosureCompletenessTests.cs,97,"ForbiddenShortcutText: ""Static doc/source scans for VMX/VMCS/`VmxCaps` SecureCompute authority claims"","
VMX,usage,HybridCPU_ISE.Tests/VmxRefactoring/VmxPhase09To12ClosureCompletenessTests.cs,106,"ForbiddenShortcutText: ""Static scans for VMX backend emission claims"","
VMX,usage,HybridCPU_ISE.Tests/VmxRefactoring/VmxProjectionSchemaAndQuarantineTests.cs,455,"$""Returned file still exists in Legacy/VMX: {entry.RelativePath}"");"
VMX,usage,HybridCPU_ISE.Tests/VmxRefactoring/VmxProjectionSchemaAndQuarantineTests.cs,462,"$""Removed legacy file still exists in Legacy/VMX: {entry.RelativePath}"");"
VMX,usage,HybridCPU_ISE.Tests/VmxRefactoring/VmxProjectionSchemaAndQuarantineTests.cs,501,"string coreVmxRoot = Path.Combine(projectRoot, ""Core"", ""VMX"");"
VMX,usage,HybridCPU_ISE.Tests/VmxRefactoring/VmxProjectionSchemaAndQuarantineTests.cs,502,"string legacyVmxRoot = Path.Combine(projectRoot, ""Legacy"", ""VMX"");"
VMX,usage,HybridCPU_ISE.Tests/VmxRefactoring/VmxProjectionSchemaAndQuarantineTests.cs,683,"string legacyCompatibilityRoot = Path.Combine(projectRoot, ""Legacy"", ""VMX"", ""Compatibility"");"
VMX,usage,HybridCPU_ISE.Tests/VmxRefactoring/VmxProjectionSchemaAndQuarantineTests.cs,692,"Path.Combine(projectRoot, ""Core"", ""VMX"", ""Compatibility""),"
VMX,usage,HybridCPU_ISE.Tests/VmxRefactoring/VmxProjectionSchemaAndQuarantineTests.cs,708,"entry.RelativePath.Replace(""Core/VMX"", ""Legacy/VMX"", StringComparison.Ordinal),"
VMX,usage,HybridCPU_ISE.Tests/VmxRefactoring/VmxProjectionSchemaAndQuarantineTests.cs,742,"if (normalizedPath.Contains(""/Core/VMX/Conformance/"", StringComparison.Ordinal))"
VMX,usage,HybridCPU_ISE.Tests/VmxRefactoring/VmxProjectionSchemaAndQuarantineTests.cs,773,"string legacyCompatibilityRoot = Path.Combine(projectRoot, ""Legacy"", ""VMX"", ""Compatibility"");"
VMX,usage,HybridCPU_ISE.Tests/VmxRefactoring/VmxProjectionSchemaAndQuarantineTests.cs,795,"Path.Combine(projectRoot, ""Core"", ""VMX"", ""Compatibility""),"
VMX,mention,HybridCPU_ISE.Tests/VmxRefactoring/VmxProjectionSchemaAndQuarantineTests.cs,1059,"Assert.DoesNotContain(""Vmx"", queueRuntimeSource);"
VMX,usage,HybridCPU_ISE.Tests/VmxRefactoring/VmxProjectionSchemaAndQuarantineTests.cs,1596,"Assert.Contains(""Core\\VMX\\Compatibility\\Generated\\CapabilityProjection\\"", projectFile);"
VMX,usage,HybridCPU_ISE.Tests/VmxRefactoring/VmxProjectionSchemaAndQuarantineTests.cs,1651,"Assert.DoesNotContain(""Core\\VMX\\Substrate\\"", projectFile);"
VMX,usage,HybridCPU_ISE.Tests/VmxRefactoring/VmxProjectionSchemaAndQuarantineTests.cs,1700,"""Core/VMX/Compatibility/Generated/VmcsProjection/VmcsV2Blocks.cs"".Replace('/', Path.DirectorySeparatorChar)));"
VMX,usage,HybridCPU_ISE.Tests/VmxRefactoring/VmxProjectionSchemaAndQuarantineTests.cs,2151,"string compatibilityRoot = Path.Combine(projectRoot, ""Legacy"", ""VMX"", ""Compatibility"");"
VMX,usage,HybridCPU_ISE.Tests/VmxRefactoring/VmxProjectionSchemaAndQuarantineTests.cs,2213,"Assert.DoesNotContain(""VMX"", genericSource);"
VMX,mention,HybridCPU_ISE.Tests/VmxRefactoring/VmxProjectionSchemaAndQuarantineTests.cs,2214,"Assert.DoesNotContain(""Vmx"", genericSource);"
VMX,mention,HybridCPU_ISE.Tests/VmxRefactoring/VmxProjectionSchemaAndQuarantineTests.cs,3381,"Class = InstructionClass.Vmx,"
VMX,usage,HybridCPU_ISE.Tests/VmxRefactoring/VmxProjectionSchemaAndQuarantineTests.cs,3422,"normalized.Contains(""/Core/VMX/Conformance/"", StringComparison.Ordinal) ||"
VMX,usage,HybridCPU_ISE.Tests/VmxRefactoring/VmxProjectionSchemaAndQuarantineTests.cs,3423,"normalized.Contains(""/Legacy/VMX/Conformance/"", StringComparison.Ordinal);"
VMX,usage,HybridCPU_ISE.Tests/VmxRefactoring/VmxProjectionSchemaAndQuarantineTests.cs,3428,"string quarantineRoot = Path.Combine(projectRoot, ""Legacy"", ""VMX"");"
VMX,usage,HybridCPU_ISE.Tests/VmxRefactoring/VmxQuarantineEvidenceManifest.cs,63,"""Legacy/VMX/Compatibility/Frontend/Handlers/VmxExecutionUnit.cs"","
VMX,usage,HybridCPU_ISE.Tests/VmxRefactoring/VmxQuarantineEvidenceManifest.cs,69,"""Legacy/VMX/Substrate/Runtime/Binding/VmcsManager.cs"","
VMX,usage,HybridCPU_ISE.Tests/VmxRefactoring/VmxQuarantineEvidenceManifest.cs,75,"""Legacy/VMX/Compatibility/Generated/VmcsProjection/ShadowVmcsBlock.cs"","
VMX,usage,HybridCPU_ISE.Tests/VmxRefactoring/VmxQuarantineEvidenceManifest.cs,81,"""Legacy/VMX/Compatibility/Generated/CsrProjection/LegacyCsrBackedVmxCapabilityDescriptorSource.cs"","
VMX,usage,HybridCPU_ISE.Tests/VmxRefactoring/VmxQuarantineEvidenceManifest.cs,87,"""Legacy/VMX/Substrate/Memory/Translation/LegacyVmcsMemoryTranslationControlProjection.cs"","
VMX,usage,HybridCPU_ISE.Tests/VmxRefactoring/VmxQuarantineEvidenceManifest.cs,93,"""Legacy/VMX/Substrate/Memory/Iommu/IOMMU.DomainBinding.partial.cs"","
VMX,usage,HybridCPU_ISE.Tests/VmxRefactoring/VmxQuarantineEvidenceManifest.cs,95,"""Replace VMX-shaped IOMMU binding with memory/io domain invalidation services."","
VMX,usage,HybridCPU_ISE.Tests/VmxRefactoring/VmxQuarantineEvidenceManifest.cs,99,"""Legacy/VMX/Substrate/Memory/Invalidation/LegacyVmxTranslationInvalidationBackend.cs"","
VMX,usage,HybridCPU_ISE.Tests/VmxRefactoring/VmxQuarantineEvidenceManifest.cs,105,"""Legacy/VMX/Compatibility/Adapters/MemoryInvalidation/LegacyVmxTranslationInvalidationBackend.cs"","
VMX,usage,HybridCPU_ISE.Tests/VmxRefactoring/VmxQuarantineEvidenceManifest.cs,111,"""Legacy/VMX/Substrate/IO/LegacyVmxIoVirtualizationBackend.cs"","
VMX,usage,HybridCPU_ISE.Tests/VmxRefactoring/VmxQuarantineEvidenceManifest.cs,117,"""Legacy/VMX/Compatibility/Adapters/IO/LegacyVmxIoVirtualizationBackend.cs"","
VMX,usage,HybridCPU_ISE.Tests/VmxRefactoring/VmxQuarantineEvidenceManifest.cs,123,"""Legacy/VMX/Compatibility/Adapters/LegacyVmxV1/LegacyVmxV1AdapterBoundary.cs"","
VMX,usage,HybridCPU_ISE.Tests/VmxRefactoring/VmxQuarantineEvidenceManifest.cs,129,"""Legacy/VMX/Compatibility/Adapters/LegacyVmxV1/ExecutionDispatcherV4.Vmx.cs"","
VMX,usage,HybridCPU_ISE.Tests/VmxRefactoring/VmxQuarantineEvidenceManifest.cs,131,"""Return only as current VMX compatibility routing over the configured execution unit and retire-window boundary."","
VMX,usage,HybridCPU_ISE.Tests/VmxRefactoring/VmxQuarantineEvidenceManifest.cs,135,"""Legacy/VMX/Compatibility/Adapters/LegacyVmxV1/CPU_Core.PipelineExecution.Vmx.cs"","
VMX,usage,HybridCPU_ISE.Tests/VmxRefactoring/VmxQuarantineEvidenceManifest.cs,137,"""Return only as current VMX retire effect materialization over the pipeline retire boundary."","
VMX,usage,HybridCPU_ISE.Tests/VmxRefactoring/VmxQuarantineEvidenceManifest.cs,141,"""Legacy/VMX/Compatibility/Adapters/LegacyVmxV2/LegacyVmxV2AdapterBoundary.cs"","
VMX,usage,HybridCPU_ISE.Tests/VmxRefactoring/VmxQuarantineEvidenceManifest.cs,147,"""Legacy/VMX/Compatibility/Frontend/Decode/VmxInstructionPayload.cs"","
VMX,usage,HybridCPU_ISE.Tests/VmxRefactoring/VmxQuarantineEvidenceManifest.cs,151,"""Core/VMX/Compatibility/Frontend/Decode/VmxInstructionPayload.cs""),"
VMX,usage,HybridCPU_ISE.Tests/VmxRefactoring/VmxQuarantineEvidenceManifest.cs,153,"""Legacy/VMX/Compatibility/Frontend/Retire/VmxRetireModel.cs"","
VMX,usage,HybridCPU_ISE.Tests/VmxRefactoring/VmxQuarantineEvidenceManifest.cs,157,"""Core/VMX/Compatibility/Frontend/Retire/VmxRetireModel.cs""),"
VMX,usage,HybridCPU_ISE.Tests/VmxRefactoring/VmxQuarantineEvidenceManifest.cs,159,"""Legacy/VMX/Compatibility/Generated/VmcsProjection/ShadowVmcsNestedProjectionService.cs"","
VMX,usage,HybridCPU_ISE.Tests/VmxRefactoring/VmxQuarantineEvidenceManifest.cs,163,"""Core/VMX/Compatibility/Generated/VmcsProjection/ShadowVmcsNestedProjectionService.cs""),"
VMX,usage,HybridCPU_ISE.Tests/VmxRefactoring/VmxRetainedSurfaceAndFreezeEvidenceContracts.cs,14,"""Core/VMX/Compatibility/Frontend/Decode/VmxInstructionPayload.cs"","
VMX,usage,HybridCPU_ISE.Tests/VmxRefactoring/VmxRetainedSurfaceAndFreezeEvidenceContracts.cs,23,"""Core/VMX/Compatibility/Frontend/Retire/VmxRetireModel.cs"","
VMX,usage,HybridCPU_ISE.Tests/VmxRefactoring/VmxRetainedSurfaceAndFreezeEvidenceContracts.cs,32,"""Core/VMX/Compatibility/Generated/VmcsProjection/ShadowVmcsNestedProjectionService.cs"","
VMX,usage,HybridCPU_ISE.Tests/VmxRefactoring/VmxRetainedSurfaceAndFreezeEvidenceContracts.cs,45,"""Core/VMX/Compatibility/Frontend/Decode/VmxCompatDecodeBoundary.cs"","
VMX,usage,HybridCPU_ISE.Tests/VmxRefactoring/VmxRetainedSurfaceAndFreezeEvidenceContracts.cs,48,"""Core/VMX/Compatibility/Frontend/Handlers/VmxCompatibilityAdmissionService.cs"","
VMX,usage,HybridCPU_ISE.Tests/VmxRefactoring/VmxRetainedSurfaceAndFreezeEvidenceContracts.cs,69,"""Core/VMX/Compatibility/Generated/VmcsProjection/NestedDomainControllerCompatibilityProjection.cs"","
VMX,usage,HybridCPU_ISE.Tests/VmxRefactoring/VmxRetainedSurfaceAndFreezeEvidenceContracts.cs,124,"""Core/VMX/Conformance/AbiFreeze/CompatAbiFreezeContract.cs"","
VMX,usage,HybridCPU_ISE.Tests/VmxRefactoring/VmxRetainedSurfaceAndFreezeEvidenceContracts.cs,127,"""Core/VMX/Conformance/GeneratedParity/GeneratedProjectionLineageBuildContract.cs"","
VMX,usage,HybridCPU_ISE.Tests/VmxRefactoring/VmxRetainedSurfaceAndFreezeEvidenceContracts.cs,130,"""Core/VMX/Conformance/GoldenArtifacts/VirtualizationGoldenArtifactManifest.cs"","
VMX,usage,HybridCPU_ISE.Tests/VmxRefactoring/VmxRetainedSurfaceAndFreezeEvidenceContracts.cs,133,"""Core/VMX/Conformance/NoEmission/VirtualizationNoEmissionContract.cs"","
VMX,usage,HybridCPU_ISE.Tests/VmxRefactoring/VmxRetainedSurfaceAndFreezeEvidenceContracts.cs,136,"""Core/VMX/Conformance/NoEmission/CompatibilityWriteNoEmissionContract.cs"","
VMX,usage,HybridCPU_ISE.Tests/VmxRefactoring/VmxRetainedSurfaceAndFreezeEvidenceContracts.cs,139,"""Core/VMX/Conformance/MigrationReplay/MigrationReplayContract.cs"","
VMX,usage,HybridCPU_ISE.Tests/VmxRefactoring/VmxRetainedSurfaceAndFreezeEvidenceContracts.cs,194,"""Core/VMX/Compatibility/Frontend/Decode/VmxInstructionPayload.cs"","
VMX,usage,HybridCPU_ISE.Tests/VmxRefactoring/VmxRetainedSurfaceAndFreezeEvidenceContracts.cs,203,"""Core/VMX/Compatibility/Frontend/Retire/VmxRetireModel.cs"","
VMX,usage,HybridCPU_ISE.Tests/VmxRefactoring/VmxRetainedSurfaceAndFreezeEvidenceContracts.cs,212,"""Core/VMX/Compatibility/Generated/VmcsProjection/ShadowVmcsNestedProjectionService.cs"","
VMX,usage,HybridCPU_ISE.Tests/VmxRefactoring/VmxRetainedSurfaceAndFreezeEvidenceContracts.cs,225,"""Core/VMX/Compatibility/Frontend/Decode/VmxCompatDecodeBoundary.cs"","
VMX,usage,HybridCPU_ISE.Tests/VmxRefactoring/VmxRetainedSurfaceAndFreezeEvidenceContracts.cs,248,"""Core/VMX/Compatibility/Frontend/Projection/Events/VmxTrapProjectionMapper.cs"","
VMX,usage,HybridCPU_ISE.Tests/VmxRefactoring/VmxRetainedSurfaceAndFreezeEvidenceContracts.cs,251,"""Core/VMX/Compatibility/Frontend/Projection/Nested/NestedExitMapper.cs"","
VMX,usage,HybridCPU_ISE.Tests/VmxRefactoring/VmxRetainedSurfaceAndFreezeEvidenceContracts.cs,279,"""Move Legacy/VMX to Desktop/New folder and build production project"","
VMX,usage,HybridCPU_ISE.Tests/VmxRefactoring/VmxRetainedSurfaceAndFreezeEvidenceContracts.cs,283,"""Core/VMX legacy scan and Legacy/VMX source inventory"","
VMX,usage,HybridCPU_ISE.Tests/VmxRefactoring/VmxRetainedSurfaceAndFreezeEvidenceContracts.cs,284,"""Core/VMX must stay free of legacy markers; Legacy/VMX must not restore removed heavy carriers.""),"
VMX,mention,HybridCPU_ISE.Tests/VmxRefactoring/VmxRetainedSurfaceAndFreezeEvidenceContracts.cs,291,"""dotnet test HybridCPU_ISE.Tests.csproj --no-build --filter FullyQualifiedName~Vmx"","
VMX,usage,HybridCPU_ISE.Tests/VmxRefactoring/VmxRetainedSurfaceAndFreezeEvidenceContracts.cs,295,"""Move Legacy/VMX/Conformance to Desktop/New folder and build production/tests"","
VMX,mention,HybridCPU_ISE.Tests/VmxRefactoring/VmxRetainedSurfaceAndFreezeEvidenceContracts.cs,303,"""FullyQualifiedName~Vmx stale repository-shape path repaired: InstructionRegistry helpers are read from NonRTL/Core/Diagnostics."","
VMX,mention,HybridCPU_ISE.Tests/VmxRefactoring/VmxRetainedSurfaceAndFreezeEvidenceContracts.cs,304,"""FullyQualifiedName~Vmx passed 258/258 after the repository path repair."","
VMX,usage,HybridCPU_ISE.Tests/VmxRefactoring/VmxRetainedSurfaceAndFreezeEvidenceContracts.cs,309,"""Phase12VliwCompatFreezeTests remains a repository/ISA VLIW compatibility-freeze debt: 23/28 passed, 5 failed after the VMX freeze matrix passed."","
VMX,usage,HybridCPU_ISE.Tests/VmxRefactoring/VmxRetainedSurfaceAndFreezeEvidenceContracts.cs,310,"""The remaining Phase12 failures are stale repository-shape and VLIW/InstructionsEnum/Add_VLIW allowlist issues, not VMX compatibility frontend authority evidence."","
VMX,mention,HybridCPU_ISE.Tests/VmxRefactoring/VmxTrapCompletionRouteRetirePublicationHardeningTests.cs,3,using YAKSys_Hybrid_CPU.Core.Vmx;
VMX,mention,HybridCPU_ISE.Tests/VmxRefactoring/VmxTrapProjectionPublicationFenceTests.cs,2,using YAKSys_Hybrid_CPU.Core.Vmx;
VMX,mention,HybridCPU_ISE.Tests/VmxRefactoring/VmxTrapProjectionPublicationFenceTests.cs,125,"Assert.DoesNotContain(""Vmx"", neutralFenceSource);"
VMX,usage,HybridCPU_ISE.Tests/VmxRefactoring/VmxTrapProjectionPublicationFenceTests.cs,126,"Assert.DoesNotContain(""VMX"", neutralFenceSource);"
VMX,mention,HybridCPU_ISE.Tests/VmxRefactoring/VmxTrapProjectionPublicationFenceTests.cs,134,"Assert.DoesNotContain(""Vmx"", neutralRouteSource);"
VMX,usage,HybridCPU_ISE.Tests/VmxRefactoring/VmxTrapProjectionPublicationFenceTests.cs,135,"Assert.DoesNotContain(""VMX"", neutralRouteSource);"
VMX,mention,HybridCPU_ISE.Tests/VmxRefactoring/VmxTrapProjectionPublicationFenceTests.cs,144,"Assert.DoesNotContain(""Vmx"", neutralHypercallSource);"
VMX,usage,HybridCPU_ISE.Tests/VmxRefactoring/VmxTrapProjectionPublicationFenceTests.cs,145,"Assert.DoesNotContain(""VMX"", neutralHypercallSource);"
VMX,usage,HybridCPU_ISE.Tests/VmxRefactoring/VmxVmcsShadowManagerEvidenceContracts.cs,17,"""Legacy/VMX/Substrate/Memory/Iommu/IOMMU.DomainBinding.partial.cs"";"
VMX,usage,HybridCPU_ISE.Tests/VmxRefactoring/VmxVmcsShadowManagerEvidenceContracts.cs,23,"""Core/VMX/Compatibility/Adapters/IO/IommuVmxCompatibilityAliases.cs"";"
VMX,usage,HybridCPU_ISE.Tests/VmxRefactoring/VmxVmcsShadowManagerEvidenceContracts.cs,41,"""Legacy/VMX/Substrate/Memory/Translation/LegacyVmcsMemoryTranslationControlProjection.cs"";"
VMX,usage,HybridCPU_ISE.Tests/VmxRefactoring/VmxVmcsShadowManagerEvidenceContracts.cs,44,"""Legacy/VMX/Compatibility/Frontend/Handlers/VmxExecutionUnit.cs"";"
VMX,usage,HybridCPU_ISE.Tests/VmxRefactoring/VmxVmcsShadowManagerEvidenceContracts.cs,47,"""Core/VMX/Compatibility/Frontend/Projection/Memory/MemoryTranslationControl.cs"";"
VMX,usage,HybridCPU_ISE.Tests/VmxRefactoring/VmxVmcsShadowManagerEvidenceContracts.cs,57,"""Legacy/VMX/Compatibility/Generated/VmcsProjection/ShadowVmcsBlock.cs"";"
VMX,usage,HybridCPU_ISE.Tests/VmxRefactoring/VmxVmcsShadowManagerEvidenceContracts.cs,60,"""Core/VMX/Compatibility/Generated/VmcsProjection/ShadowVmcsNestedProjectionService.cs"";"
VMX,usage,HybridCPU_ISE.Tests/VmxRefactoring/VmxVmcsShadowManagerEvidenceContracts.cs,66,"""Legacy/VMX/Substrate/Runtime/Binding/VmcsManager.cs"";"
VMX,usage,HybridCPU_ISE.Tests/VmxRefactoring/VmxVmcsShadowManagerEvidenceContracts.cs,79,"""Legacy/VMX/Compatibility/Adapters/LegacyVmxV1/ExecutionDispatcherV4.Vmx.cs"";"
VMX,usage,HybridCPU_ISE.Tests/VmxRefactoring/VmxVmcsShadowManagerEvidenceContracts.cs,85,"""Legacy/VMX/Compatibility/Adapters/LegacyVmxV1/CPU_Core.PipelineExecution.Vmx.cs"";"
VMX,usage,HybridCPU_ISE.Tests/VmxRefactoring/VmxVmcsShadowManagerEvidenceContracts.cs,125,"""Legacy/VMX/Substrate/Runtime/Binding/VmcsManager.cs"";"
VMX,usage,HybridCPU_ISE.Tests/VmxRefactoring/VmxVmcsShadowManagerEvidenceContracts.cs,154,"""Core/VMX/Compatibility/Adapters/IO/IommuVmxCompatibilityAliases.cs"","
VMX,usage,HybridCPU_ISE.Tests/VmxRefactoring/VmxVmcsShadowManagerEvidenceContracts.cs,177,"""Legacy/VMX/Substrate/Runtime/Binding/VmcsManager.cs"";"
VMX,mention,HybridCPU_ISE.Tests/VmxRefactoring/VmxVmcsWriteCompatibilityControlPolicyTests.cs,3,using YAKSys_Hybrid_CPU.Core.Vmx;
VMX,usage,HybridCPU_ISE.Tests/VmxRefactoring/VmxVmcsWriteCompatibilityControlPolicyTests.cs,49,"Assert.Contains(""no frozen VMX control-bit value projection contract"", result.Reason);"
VMX,usage,HybridCPU_ISE/Arch/CsrAddresses.cs,17,///   <item>VMX virtualisation control registers (0x820–0x824)</item>
VMX,usage,HybridCPU_ISE/Arch/CsrAddresses.cs,102,// VMX (0x820–0x824)
VMX,usage,HybridCPU_ISE/Arch/CsrAddresses.cs,105,/// <summary>VMX enable/disable control. Set by VMXON/VMXOFF instruction plane.</summary>
VMX,usage,HybridCPU_ISE/Arch/CsrAddresses.cs,107,/// <summary>VMX capability discovery register.</summary>
VMX,usage,HybridCPU_ISE/Arch/CsrAddresses.cs,109,/// <summary>VMX control configuration register.</summary>
VMX,usage,HybridCPU_ISE/CloseToRTL/Core/Architecture/Common/CPU_Core.Enums.cs,84,// Non-VMX CloseToRTL Iteration 03A: scalar bitmanip CTZ.
VMX,usage,HybridCPU_ISE/CloseToRTL/Core/Architecture/Common/CPU_Core.Enums.cs,91,// Non-VMX CloseToRTL Iteration 03B: scalar byte/half extension.
VMX,usage,HybridCPU_ISE/CloseToRTL/Core/Architecture/Common/CPU_Core.Enums.cs,102,// Non-VMX CloseToRTL Iteration 03C: scalar rotates.
VMX,usage,HybridCPU_ISE/CloseToRTL/Core/Architecture/Common/CPU_Core.Enums.cs,111,// Non-VMX CloseToRTL Phase 01: scalar boolean-invert.
VMX,usage,HybridCPU_ISE/CloseToRTL/Core/Architecture/Common/CPU_Core.Enums.cs,514,// ISA v4: VMX Instruction Plane — mandatory core
VMX,usage,HybridCPU_ISE/CloseToRTL/Core/Architecture/Common/CPU_Core.Enums.cs,518,/// <summary>VMX On: enter VMX operation; VMX8 reserves and ignores the encoded operand.</summary>
VMX,usage,HybridCPU_ISE/CloseToRTL/Core/Architecture/Common/CPU_Core.Enums.cs,520,/// <summary>VMX Off: leave VMX operation</summary>
VMX,usage,HybridCPU_ISE/CloseToRTL/Core/Architecture/Common/CPU_Core.Enums.cs,522,/// <summary>VMX Launch: launch a new guest VM</summary>
VMX,usage,HybridCPU_ISE/CloseToRTL/Core/Architecture/Common/CPU_Core.Enums.cs,524,/// <summary>VMX Resume: resume a suspended guest VM</summary>
VMX,usage,HybridCPU_ISE/CloseToRTL/Core/Architecture/Common/CPU_Core.Enums.cs,526,/// <summary>VMX Read: rd = VMCS[field]</summary>
VMX,usage,HybridCPU_ISE/CloseToRTL/Core/Architecture/Common/CPU_Core.Enums.cs,528,/// <summary>VMX Write: VMCS[rs1 field selector] = rs2</summary>
VMX,usage,HybridCPU_ISE/CloseToRTL/Core/Architecture/Common/CPU_Core.Enums.cs,530,/// <summary>VMX Clear: clear VMCS pointed to by rs1</summary>
VMX,usage,HybridCPU_ISE/CloseToRTL/Core/Architecture/Common/CPU_Core.Enums.cs,532,/// <summary>VMX Pointer Load: load VMCS pointer from rs1</summary>
VMX,usage,HybridCPU_ISE/CloseToRTL/Core/Architecture/Common/CPU_Core.Enums.cs,534,/// <summary>VMX Pointer Store: rd = current VMCS pointer</summary>
VMX,usage,HybridCPU_ISE/CloseToRTL/Core/Architecture/Common/CPU_Core.Enums.cs,536,/// <summary>VMX Call: guest-to-root VMExit with typed qualification</summary>
VMX,usage,HybridCPU_ISE/CloseToRTL/Core/Architecture/Common/CPU_Core.Enums.cs,542,/// <summary>Invoke a policy-controlled VMX function leaf</summary>
VMX,usage,HybridCPU_ISE/CloseToRTL/Core/Architecture/Common/CPU_Core.Enums.cs,677,// Non-VMX CloseToRTL Phase 01C: scalar min/max.
VMX,usage,HybridCPU_ISE/CloseToRTL/Core/Architecture/Common/CPU_Core.Enums.cs,687,// Non-VMX CloseToRTL Phase 01D: scalar byte/bit reverse.
VMX,usage,HybridCPU_ISE/CloseToRTL/Core/Architecture/Common/CPU_Core.Enums.cs,693,// Non-VMX CloseToRTL Phase 01E: scalar zeroing select.
VMX,usage,HybridCPU_ISE/CloseToRTL/Core/Architecture/Common/CPU_Core.Enums.cs,697,// Non-VMX CloseToRTL Phase 01A closure: canonical scalar popcount.
VMX,usage,HybridCPU_ISE/CloseToRTL/Core/Architecture/Common/CPU_Core.Enums.cs,701,// Non-VMX CloseToRTL Phase 02: scalar rotate-immediate.
VMX,usage,HybridCPU_ISE/CloseToRTL/Core/Architecture/Common/CPU_Core.Enums.cs,707,// Non-VMX CloseToRTL Phase 02: scalar register-indexed bitfield.
VMX,usage,HybridCPU_ISE/CloseToRTL/Core/Architecture/Common/CPU_Core.Enums.cs,717,// Non-VMX CloseToRTL Phase 02: scalar immediate-indexed bitfield.
VMX,usage,HybridCPU_ISE/CloseToRTL/Core/Architecture/Common/CPU_Core.Enums.cs,727,// Non-VMX CloseToRTL Phase 03: scalar address-generation and .UW.
VMX,usage,HybridCPU_ISE/CloseToRTL/Core/Architecture/Common/CPU_Core.Enums.cs,743,// Non-VMX CloseToRTL Phase 04: scalar carry-less high/reversed windows.
ACCEL,usage,HybridCPU_ISE/CloseToRTL/Core/Architecture/Common/CPU_Core.Enums.cs,494,// Enum slots 260-266. Phase 08A opens ACCEL_STATUS only beyond
ACCEL,usage,HybridCPU_ISE/CloseToRTL/Core/Architecture/Common/CPU_Core.Enums.cs,499,"ACCEL_QUERY_CAPS = 260,"
ACCEL,usage,HybridCPU_ISE/CloseToRTL/Core/Architecture/Common/CPU_Core.Enums.cs,501,"ACCEL_SUBMIT = 261,"
ACCEL,usage,HybridCPU_ISE/CloseToRTL/Core/Architecture/Common/CPU_Core.Enums.cs,503,"ACCEL_POLL = 262,"
ACCEL,usage,HybridCPU_ISE/CloseToRTL/Core/Architecture/Common/CPU_Core.Enums.cs,505,"ACCEL_WAIT = 263,"
ACCEL,usage,HybridCPU_ISE/CloseToRTL/Core/Architecture/Common/CPU_Core.Enums.cs,507,"ACCEL_CANCEL = 264,"
ACCEL,usage,HybridCPU_ISE/CloseToRTL/Core/Architecture/Common/CPU_Core.Enums.cs,509,"ACCEL_FENCE = 265,"
ACCEL,usage,HybridCPU_ISE/CloseToRTL/Core/Architecture/Common/CPU_Core.Enums.cs,511,"ACCEL_STATUS = 266,"
ACCEL,usage,HybridCPU_ISE/CloseToRTL/Core/Architecture/Common/CPU_Core.Enums.cs,997,public const ushort ACCEL_QUERY_CAPS = (ushort)InstructionsEnum.ACCEL_QUERY_CAPS;
ACCEL,usage,HybridCPU_ISE/CloseToRTL/Core/Architecture/Common/CPU_Core.Enums.cs,998,public const ushort ACCEL_SUBMIT = (ushort)InstructionsEnum.ACCEL_SUBMIT;
ACCEL,usage,HybridCPU_ISE/CloseToRTL/Core/Architecture/Common/CPU_Core.Enums.cs,999,public const ushort ACCEL_POLL = (ushort)InstructionsEnum.ACCEL_POLL;
ACCEL,usage,HybridCPU_ISE/CloseToRTL/Core/Architecture/Common/CPU_Core.Enums.cs,1000,public const ushort ACCEL_WAIT = (ushort)InstructionsEnum.ACCEL_WAIT;
ACCEL,usage,HybridCPU_ISE/CloseToRTL/Core/Architecture/Common/CPU_Core.Enums.cs,1001,public const ushort ACCEL_CANCEL = (ushort)InstructionsEnum.ACCEL_CANCEL;
ACCEL,usage,HybridCPU_ISE/CloseToRTL/Core/Architecture/Common/CPU_Core.Enums.cs,1002,public const ushort ACCEL_FENCE = (ushort)InstructionsEnum.ACCEL_FENCE;
ACCEL,usage,HybridCPU_ISE/CloseToRTL/Core/Architecture/Common/CPU_Core.Enums.cs,1003,public const ushort ACCEL_STATUS = (ushort)InstructionsEnum.ACCEL_STATUS;
StreamRegisterFile,mention,HybridCPU_ISE/CloseToRTL/Core/Architecture/MemoryModel/Addressing/MemoryRangeOverlap.cs,4,/// Deterministic half-open range helpers for modeled cache/SRF invalidation.
VMX,usage,HybridCPU_ISE/CloseToRTL/Core/Architecture/Registers/CSR/CsrFile.cs,64,"/// capability/configuration, VMX, and performance counters."
VMX,usage,HybridCPU_ISE/CloseToRTL/Core/Architecture/Registers/CSR/CsrFile.cs,246,// ── VMX (M-mode R/W — VmxEnable also updated by VMXON/VMXOFF) ─
VMX,usage,HybridCPU_ISE/CloseToRTL/Core/Architecture/State/Architectural/CPU_Core.StateData.cs,237,// РІвЂќР‚РІвЂќР‚РІвЂќР‚ Blueprint Р’В§4 / Р’В§3.40: Explicit VMX state РІвЂќР‚РІвЂќР‚РІвЂќР‚РІвЂќР‚РІвЂќР‚РІвЂќР‚РІвЂќР‚РІвЂќР‚РІвЂќР‚РІвЂќР‚РІвЂќР‚РІвЂќР‚РІвЂќР‚РІвЂќР‚РІвЂќР‚РІвЂќР‚РІвЂќР‚РІвЂќР‚РІвЂќР‚РІвЂќР‚РІвЂќР‚РІвЂќР‚РІвЂќР‚РІвЂќР‚РІвЂќР‚РІвЂќР‚РІвЂќР‚РІвЂќР‚
VMX,usage,HybridCPU_ISE/CloseToRTL/Core/Architecture/State/Architectural/CPU_Core.StateData.cs,240,"/// When <see langword=""true""/> this core is operating in VMX root mode (host)."
VMX,usage,HybridCPU_ISE/CloseToRTL/Core/Architecture/State/Architectural/CPU_Core.StateData.cs,257,/// Per-core pipeline FSM state РІР‚вЂќ tracks VMX root/non-root and exception
VMX,usage,HybridCPU_ISE/CloseToRTL/Core/Architecture/State/Architectural/CPU_Core.StateData.RuntimeOwnership.cs,80,/// Applies the runtime-visible VT FSM follow-through for a retired VMX effect
MemorySubsystem,usage,HybridCPU_ISE/CloseToRTL/Core/Architecture/State/Microarchitectural/CPU_Core.MemorySubsystemBinding.cs,10,private MemorySubsystem? _memorySubsystem;
MemorySubsystem,usage,HybridCPU_ISE/CloseToRTL/Core/Architecture/State/Microarchitectural/CPU_Core.MemorySubsystemBinding.cs,13,private static MemorySubsystem? CaptureDefaultMemorySubsystem() => Processor.Memory;
MemorySubsystem,usage,HybridCPU_ISE/CloseToRTL/Core/Architecture/State/Microarchitectural/CPU_Core.MemorySubsystemBinding.cs,16,"/// Returns the core-bound <see cref=""MemorySubsystem""/> captured at construction time."
MemorySubsystem,usage,HybridCPU_ISE/CloseToRTL/Core/Architecture/State/Microarchitectural/CPU_Core.MemorySubsystemBinding.cs,21,internal MemorySubsystem? GetBoundMemorySubsystem()
MemorySubsystem,usage,HybridCPU_ISE/CloseToRTL/Core/Architecture/State/Microarchitectural/CPU_Core.MemorySubsystemBinding.cs,24,// when the processor runs without a MemorySubsystem.  We use a separate
VMX,usage,HybridCPU_ISE/CloseToRTL/Core/Architecture/State/Pipeline/PipelineFsmGuard.cs,41,"/// Non-VMX runtime reaches it through the <see cref=""PipelineEvent""/> plane."
VMX,usage,HybridCPU_ISE/CloseToRTL/Core/Architecture/State/Pipeline/PipelineFsmGuard.cs,42,/// VMX runtime reaches it through typed retire triggers rather than a
VMX,usage,HybridCPU_ISE/CloseToRTL/Core/Execution/Dispatch/ExecutionDispatcherV4.cs,119,"InstructionClass.Vmx => true,"
VMX,usage,HybridCPU_ISE/CloseToRTL/Core/Execution/Dispatch/ExecutionDispatcherV4.cs,203,"$""VMX opcode {FormatOpcode(opcode)} reached ExecutionDispatcherV4 eager execute surface without an authoritative retire-window publication follow-through. Direct callers must use CaptureRetireWindowPublications(...) or the mainline retire path instead of mutating compatibility-visible state through "
VMX,usage,HybridCPU_ISE/CloseToRTL/Core/Execution/Dispatch/ExecutionDispatcherV4.cs,294,"InstructionClass.Vmx => ExecuteVmx(instr, state, vtId),"
VMX,mention,HybridCPU_ISE/CloseToRTL/Core/Execution/Dispatch/ExecutionDispatcherV4.cs,339,case InstructionClass.Vmx:
VMX,usage,HybridCPU_ISE/CloseToRTL/Core/Execution/Dispatch/ExecutionDispatcherV4.VmxCompatibility.cs,35,"$""Unknown frozen VMX opcode {OpcodeRegistry.GetMnemonicOrHex(instr.CanonicalOpcode.Value)}."");"
StreamEngine,usage,HybridCPU_ISE/CloseToRTL/Core/Execution/Memory/Ordering/GlobalMemoryConflictService.cs,22,"StreamEngine = 5,"
StreamEngine,usage,HybridCPU_ISE/CloseToRTL/Core/Execution/StreamEngine/BurstIO/StreamEngine.BurstIO.cs,219,"""Shared BurstIO helpers must fail closed instead of letting raw StreamEngine or authoritative vector carriers continue on partially materialized data, hidden partial success or stale scratch contents."");"
StreamEngine,usage,HybridCPU_ISE/CloseToRTL/Core/Execution/StreamEngine/BurstIO/StreamEngine.BurstIO.cs,363,"ChannelID = 0, // Use channel 0 for StreamEngine read transfers"
StreamEngine,usage,HybridCPU_ISE/CloseToRTL/Core/Execution/StreamEngine/BurstIO/StreamEngine.BurstIO.cs,559,"ChannelID = 1, // Use channel 1 for StreamEngine write transfers"
BurstIO,definition,HybridCPU_ISE/CloseToRTL/Core/Execution/StreamEngine/BurstIO/StreamEngine.BurstIO.cs,31,internal static class BurstIO
BurstIO,usage,HybridCPU_ISE/CloseToRTL/Core/Execution/StreamEngine/BurstIO/StreamEngine.BurstIO.cs,219,"""Shared BurstIO helpers must fail closed instead of letting raw StreamEngine or authoritative vector carriers continue on partially materialized data, hidden partial success or stale scratch contents."");"
StreamRegisterFile,usage,HybridCPU_ISE/CloseToRTL/Core/Execution/StreamEngine/BurstIO/StreamEngine.BurstIO.cs,147,YAKSys_Hybrid_CPU.Memory.StreamRegisterFile? srf)
StreamRegisterFile,usage,HybridCPU_ISE/CloseToRTL/Core/Execution/StreamEngine/BurstIO/StreamEngine.BurstIO.cs,175,YAKSys_Hybrid_CPU.Memory.StreamRegisterFile? srf)
MemorySubsystem,usage,HybridCPU_ISE/CloseToRTL/Core/Execution/StreamEngine/BurstIO/StreamEngine.BurstIO.cs,48,"/// Updated (ref3.md - PerfModel): Now uses MemorySubsystem if available,"
MemorySubsystem,usage,HybridCPU_ISE/CloseToRTL/Core/Execution/StreamEngine/BurstIO/StreamEngine.BurstIO.cs,57,private static YAKSys_Hybrid_CPU.Memory.MemorySubsystem? ResolveActiveMemorySubsystem(
MemorySubsystem,usage,HybridCPU_ISE/CloseToRTL/Core/Execution/StreamEngine/BurstIO/StreamEngine.BurstIO.cs,58,YAKSys_Hybrid_CPU.Memory.MemorySubsystem? memSub)
MemorySubsystem,usage,HybridCPU_ISE/CloseToRTL/Core/Execution/StreamEngine/BurstIO/StreamEngine.BurstIO.cs,64,"/// Get the active backend (MemorySubsystem if available, otherwise fallback)"
MemorySubsystem,usage,HybridCPU_ISE/CloseToRTL/Core/Execution/StreamEngine/BurstIO/StreamEngine.BurstIO.cs,67,private static IBurstBackend GetBackend(YAKSys_Hybrid_CPU.Memory.MemorySubsystem? memSub)
MemorySubsystem,usage,HybridCPU_ISE/CloseToRTL/Core/Execution/StreamEngine/BurstIO/StreamEngine.BurstIO.cs,69,YAKSys_Hybrid_CPU.Memory.MemorySubsystem? activeMemorySubsystem =
MemorySubsystem,usage,HybridCPU_ISE/CloseToRTL/Core/Execution/StreamEngine/BurstIO/StreamEngine.BurstIO.cs,130,YAKSys_Hybrid_CPU.Memory.MemorySubsystem? memSub = null)
MemorySubsystem,usage,HybridCPU_ISE/CloseToRTL/Core/Execution/StreamEngine/BurstIO/StreamEngine.BurstIO.cs,237,YAKSys_Hybrid_CPU.Memory.MemorySubsystem? memSub = null)
MemorySubsystem,usage,HybridCPU_ISE/CloseToRTL/Core/Execution/StreamEngine/BurstIO/StreamEngine.BurstIO.cs,427,YAKSys_Hybrid_CPU.Memory.MemorySubsystem? memSub = null)
MemorySubsystem,usage,HybridCPU_ISE/CloseToRTL/Core/Execution/StreamEngine/BurstIO/StreamEngine.BurstIO.cs,621,YAKSys_Hybrid_CPU.Memory.MemorySubsystem? memSub = null)
MemorySubsystem,usage,HybridCPU_ISE/CloseToRTL/Core/Execution/StreamEngine/BurstIO/StreamEngine.BurstIO.cs,716,YAKSys_Hybrid_CPU.Memory.MemorySubsystem? memSub = null)
MemorySubsystem,usage,HybridCPU_ISE/CloseToRTL/Core/Execution/StreamEngine/BurstIO/StreamEngine.BurstIO.cs,813,YAKSys_Hybrid_CPU.Memory.MemorySubsystem? memSub = null)
MemorySubsystem,usage,HybridCPU_ISE/CloseToRTL/Core/Execution/StreamEngine/BurstIO/StreamEngine.BurstIO.cs,945,YAKSys_Hybrid_CPU.Memory.MemorySubsystem? memSub = null)
StreamEngine,definition,HybridCPU_ISE/CloseToRTL/Core/Execution/StreamEngine/Classification/StreamEngine.Classification.cs,10,internal static partial class StreamEngine
BurstIO,usage,HybridCPU_ISE/CloseToRTL/Core/Execution/StreamEngine/Classification/StreamEngine.Classification.cs,125,"BurstIO.BurstRead(descriptorAddr, descBuf, 1, 20, 20);"
StreamEngine,definition,HybridCPU_ISE/CloseToRTL/Core/Execution/StreamEngine/Modes/StreamEngine.cs,25,internal static partial class StreamEngine
StreamEngine,usage,HybridCPU_ISE/CloseToRTL/Core/Execution/StreamEngine/Modes/StreamEngine.cs,64,"$""Stream opcode 0x{request.OpCode:X} reached StreamEngine.Execute(...) with StreamLength == 0 without an authoritative mainline execute/retire contour. "" +"
StreamEngine,usage,HybridCPU_ISE/CloseToRTL/Core/Execution/StreamEngine/Modes/StreamEngine.cs,65,"""Mainline vector callers must not rely on an inner StreamEngine no-op for zero-length requests."");"
StreamEngine,usage,HybridCPU_ISE/CloseToRTL/Core/Execution/StreamEngine/Modes/StreamEngine.cs,300,"$""Stream/vector opcode 0x{opCode:X} reached StreamEngine.Execute(...) with unsupported element DataType '{dataType}' (raw 0x{(byte)dataType:X2}) on an element-sized execution contour. "" +"
StreamEngine,usage,HybridCPU_ISE/CloseToRTL/Core/Execution/StreamEngine/Modes/StreamEngine.cs,315,// Keep the raw StreamEngine gate narrow so only the authoritative dot-product family
StreamEngine,usage,HybridCPU_ISE/CloseToRTL/Core/Execution/StreamEngine/Modes/StreamEngine.cs,321,"$""Stream/vector opcode 0x{opCode:X} reached StreamEngine.Execute(...) with unsupported element DataType '{dataType}' (raw 0x{(byte)dataType:X2}) on an element-sized execution contour. "" +"
StreamEngine,usage,HybridCPU_ISE/CloseToRTL/Core/Execution/StreamEngine/Modes/StreamEngine.cs,374,"$""Stream/vector opcode 0x{opCode:X} reached StreamEngine.Execute(...) with unsupported {addressingContour} predicate-mask addressing. "" +"
StreamEngine,usage,HybridCPU_ISE/CloseToRTL/Core/Execution/StreamEngine/Modes/StreamEngine.cs,381,"$""Stream/vector opcode 0x{opCode:X} reached StreamEngine.Execute(...) with unsupported {addressingContour} vector-comparison addressing. "" +"
StreamEngine,usage,HybridCPU_ISE/CloseToRTL/Core/Execution/StreamEngine/Modes/StreamEngine.cs,388,"$""Stream/vector opcode 0x{opCode:X} reached StreamEngine.Execute(...) with unsupported {addressingContour} vector-FMA addressing. "" +"
StreamEngine,usage,HybridCPU_ISE/CloseToRTL/Core/Execution/StreamEngine/Modes/StreamEngine.cs,395,"$""Stream/vector opcode 0x{opCode:X} reached StreamEngine.Execute(...) with unsupported {addressingContour} vector-dot-product addressing. "" +"
StreamEngine,usage,HybridCPU_ISE/CloseToRTL/Core/Execution/StreamEngine/Modes/StreamEngine.cs,402,"$""Stream/vector opcode 0x{opCode:X} reached StreamEngine.Execute(...) with unsupported {addressingContour} vector-predicative-movement addressing. "" +"
StreamEngine,usage,HybridCPU_ISE/CloseToRTL/Core/Execution/StreamEngine/Modes/StreamEngine.cs,409,"$""Stream/vector opcode 0x{opCode:X} reached StreamEngine.Execute(...) with unsupported {addressingContour} vector-reduction addressing. "" +"
StreamEngine,usage,HybridCPU_ISE/CloseToRTL/Core/Execution/StreamEngine/Modes/StreamEngine.cs,416,"$""Stream/vector opcode 0x{opCode:X} reached StreamEngine.Execute(...) with unsupported {addressingContour} vector-scan addressing. "" +"
StreamEngine,usage,HybridCPU_ISE/CloseToRTL/Core/Execution/StreamEngine/Modes/StreamEngine.cs,423,"$""Stream/vector opcode 0x{opCode:X} reached StreamEngine.Execute(...) with unsupported {addressingContour} vector-permutation addressing. "" +"
StreamEngine,usage,HybridCPU_ISE/CloseToRTL/Core/Execution/StreamEngine/Modes/StreamEngine.cs,430,"$""Stream/vector opcode 0x{opCode:X} reached StreamEngine.Execute(...) with unsupported {addressingContour} vector-slide addressing. "" +"
StreamEngine,usage,HybridCPU_ISE/CloseToRTL/Core/Execution/StreamEngine/Modes/StreamEngine.cs,440,"$""Stream/vector opcode 0x{opCode:X} reached StreamEngine.Execute(...) with unsupported {addressingContour} {computeContour} addressing. "" +"
StreamEngine,usage,HybridCPU_ISE/CloseToRTL/Core/Execution/StreamEngine/Modes/StreamEngine.cs,463,"$""Stream/vector opcode 0x{opCode:X} reached StreamEngine.Execute(...) on the legacy raw VLOAD/VSTORE contour. "" +"
StreamEngine,usage,HybridCPU_ISE/CloseToRTL/Core/Execution/StreamEngine/Modes/StreamEngine.cs,512,"$""Stream/vector opcode 0x{opCode:X} reached StreamEngine.Execute(...) on a descriptor-less raw tri-operand FMA contour. "" +"
StreamEngine,usage,HybridCPU_ISE/CloseToRTL/Core/Execution/StreamEngine/Modes/StreamEngine.cs,513,"""The authoritative mainline FMA carrier already fails closed when the third source descriptor is missing, so raw StreamEngine callers must reject this legacy Immediate-address fallback instead of publishing hidden success on a false 1D contour."");"
StreamEngine,usage,HybridCPU_ISE/CloseToRTL/Core/Execution/StreamEngine/Modes/StreamEngine.cs,527,"$""Stream/vector opcode 0x{opCode:X} reached raw StreamEngine.Execute(...) on a widen/narrow/convert contour. "" +"
StreamEngine,usage,HybridCPU_ISE/CloseToRTL/Core/Execution/StreamEngine/Modes/StreamEngine.cs,542,"$""Stream/vector opcode 0x{opCode:X} reached raw StreamEngine.Execute(...) on a vector scan contour. "" +"
StreamEngine,usage,HybridCPU_ISE/CloseToRTL/Core/Execution/StreamEngine/Modes/StreamEngine.cs,564,"$""Stream/vector opcode 0x{opCode:X} reached raw StreamEngine.Execute(...) on a Phase 09 slide-one contour. "" +"
StreamEngine,usage,HybridCPU_ISE/CloseToRTL/Core/Execution/StreamEngine/Modes/StreamEngine.cs,579,"$""Stream/vector opcode 0x{opCode:X} reached raw StreamEngine.Execute(...) on a Phase 09 wide-dot contour. "" +"
StreamEngine,usage,HybridCPU_ISE/CloseToRTL/Core/Execution/StreamEngine/Modes/StreamEngine.cs,594,"$""Stream/vector opcode 0x{opCode:X} reached raw StreamEngine.Execute(...) on a Phase 09 permute2 contour. "" +"
StreamEngine,usage,HybridCPU_ISE/CloseToRTL/Core/Execution/StreamEngine/Modes/StreamEngine.cs,609,"$""Stream/vector opcode 0x{opCode:X} reached raw StreamEngine.Execute(...) on a Phase 09 transpose contour. "" +"
StreamEngine,usage,HybridCPU_ISE/CloseToRTL/Core/Execution/StreamEngine/Modes/StreamEngine.cs,624,"$""Stream/vector opcode 0x{opCode:X} reached raw StreamEngine.Execute(...) with the saturating policy bit set. "" +"
VectorALU,usage,HybridCPU_ISE/CloseToRTL/Core/Execution/StreamEngine/Modes/StreamEngine.cs,37,///    b. Execute operation via VectorALU (with predicate masking)
VectorALU,usage,HybridCPU_ISE/CloseToRTL/Core/Execution/StreamEngine/Modes/StreamEngine.cs,314,// Dedicated FP8 dot-product contours already widen through VectorALU.ApplyDotProduct(...).
VectorALU,usage,HybridCPU_ISE/CloseToRTL/Core/Execution/StreamEngine/Modes/StreamEngine.cs,339,"ulong popCount = VectorALU.MaskPopCount(mask1, vl);"
BurstIO,usage,HybridCPU_ISE/CloseToRTL/Core/Execution/StreamEngine/Modes/StreamEngine.cs,21,/// - Burst I/O: uses AXI4-compliant BurstIO for memory transfers
BurstIO,usage,HybridCPU_ISE/CloseToRTL/Core/Execution/StreamEngine/Modes/StreamEngine.cs,36,///    a. Read operands via BurstIO (respecting AXI4 constraints)
BurstIO,usage,HybridCPU_ISE/CloseToRTL/Core/Execution/StreamEngine/Modes/StreamEngine.cs,38,///    c. Write results via BurstIO
StreamEngine,definition,HybridCPU_ISE/CloseToRTL/Core/Execution/StreamEngine/Modes/StreamEngine.Execute1D.cs,11,internal static partial class StreamEngine
StreamEngine,usage,HybridCPU_ISE/CloseToRTL/Core/Execution/StreamEngine/Modes/StreamEngine.Execute1D.cs,335,"""StreamEngine.Execute(...) rejected descriptor-less raw VFM* execution on the descriptor-backed tri-operand contour. "" +"
VectorALU,usage,HybridCPU_ISE/CloseToRTL/Core/Execution/StreamEngine/Modes/StreamEngine.Execute1D.cs,55,"VectorALU.ApplyCompress(dataType, bufSrc, bufDst, elemSize, streamLength, predIndex, ref core);"
VectorALU,usage,HybridCPU_ISE/CloseToRTL/Core/Execution/StreamEngine/Modes/StreamEngine.Execute1D.cs,59,VectorALU.ApplyExpand(
VectorALU,usage,HybridCPU_ISE/CloseToRTL/Core/Execution/StreamEngine/Modes/StreamEngine.Execute1D.cs,160,"ulong popCount = VectorALU.MaskPopCount(mask1, vl);"
VectorALU,usage,HybridCPU_ISE/CloseToRTL/Core/Execution/StreamEngine/Modes/StreamEngine.Execute1D.cs,197,"ulong resultMask = VectorALU.ApplyComparison(opCode, dataType, bufA, bufB, elemSize, vl, predIndex, ref core);"
VectorALU,usage,HybridCPU_ISE/CloseToRTL/Core/Execution/StreamEngine/Modes/StreamEngine.Execute1D.cs,228,"VectorALU.ApplyDotProduct(opCode, dataType, bufA, bufB, bufDst, elemSize, vl, predIndex, ref core);"
VectorALU,usage,HybridCPU_ISE/CloseToRTL/Core/Execution/StreamEngine/Modes/StreamEngine.Execute1D.cs,248,"VectorALU.ApplyReduction(opCode, dataType, bufSrc, bufDst, elemSize, vl, predIndex, ref core);"
VectorALU,usage,HybridCPU_ISE/CloseToRTL/Core/Execution/StreamEngine/Modes/StreamEngine.Execute1D.cs,269,"VectorALU.ApplyCompress(dataType, bufSrc, bufDst, elemSize, vl, predIndex, ref core);"
VectorALU,usage,HybridCPU_ISE/CloseToRTL/Core/Execution/StreamEngine/Modes/StreamEngine.Execute1D.cs,273,"VectorALU.ApplyExpand(dataType, bufSrc, bufDst, elemSize, vl, predIndex, request.TailAgnostic, request.MaskAgnostic, ref core);"
VectorALU,usage,HybridCPU_ISE/CloseToRTL/Core/Execution/StreamEngine/Modes/StreamEngine.Execute1D.cs,295,"VectorALU.ApplyPermute(dataType, bufSrc, bufIndices, bufDst, elemSize, vl, predIndex, request.TailAgnostic, request.MaskAgnostic, ref core);"
VectorALU,usage,HybridCPU_ISE/CloseToRTL/Core/Execution/StreamEngine/Modes/StreamEngine.Execute1D.cs,317,"VectorALU.ApplySlideUp(dataType, bufSrc, bufDst, elemSize, vl, slideOffset, predIndex, request.TailAgnostic, request.MaskAgnostic, ref core);"
VectorALU,usage,HybridCPU_ISE/CloseToRTL/Core/Execution/StreamEngine/Modes/StreamEngine.Execute1D.cs,321,"VectorALU.ApplySlideDown(dataType, bufSrc, bufDst, elemSize, vl, slideOffset, predIndex, request.TailAgnostic, request.MaskAgnostic, ref core);"
VectorALU,usage,HybridCPU_ISE/CloseToRTL/Core/Execution/StreamEngine/Modes/StreamEngine.Execute1D.cs,363,"VectorALU.ApplyFMA(opCode, dataType, bufDst, bufVs1, bufVs2, elemSize, fmaVl, predIndex, request.TailAgnostic, request.MaskAgnostic, ref core);"
VectorALU,usage,HybridCPU_ISE/CloseToRTL/Core/Execution/StreamEngine/Modes/StreamEngine.Execute1D.cs,387,"VectorALU.ApplyFMA(opCode, dataType, bufDst, bufVs1, bufVs2, elemSize, vl, predIndex, request.TailAgnostic, request.MaskAgnostic, ref core);"
VectorALU,usage,HybridCPU_ISE/CloseToRTL/Core/Execution/StreamEngine/Modes/StreamEngine.Execute1D.cs,411,"VectorALU.ApplyBinary(opCode, dataType, bufA, bufB, bufDst, elemSize, vl, predIndex, request.TailAgnostic, request.MaskAgnostic, ref core);"
VectorALU,usage,HybridCPU_ISE/CloseToRTL/Core/Execution/StreamEngine/Modes/StreamEngine.Execute1D.cs,427,"VectorALU.ApplyUnary(opCode, dataType, bufA, bufDst, elemSize, vl, predIndex, request.TailAgnostic, request.MaskAgnostic, ref core);"
VectorALU,usage,HybridCPU_ISE/CloseToRTL/Core/Execution/StreamEngine/Modes/StreamEngine.Execute1D.cs,671,"ulong popCount = VectorALU.MaskPopCount(core.GetPredicateRegister(srcPred), vl);"
VectorALU,usage,HybridCPU_ISE/CloseToRTL/Core/Execution/StreamEngine/Modes/StreamEngine.Execute1D.cs,768,ulong resultMask = VectorALU.ApplyComparison(
VectorALU,usage,HybridCPU_ISE/CloseToRTL/Core/Execution/StreamEngine/Modes/StreamEngine.Execute1D.cs,819,VectorALU.ApplyMaskBinary(
VectorALU,usage,HybridCPU_ISE/CloseToRTL/Core/Execution/StreamEngine/Modes/StreamEngine.Execute1D.cs,824,VectorALU.ApplyMaskBinary(
VectorALU,usage,HybridCPU_ISE/CloseToRTL/Core/Execution/StreamEngine/Modes/StreamEngine.Execute1D.cs,829,VectorALU.ApplyMaskBinary(
VectorALU,usage,HybridCPU_ISE/CloseToRTL/Core/Execution/StreamEngine/Modes/StreamEngine.Execute1D.cs,834,"VectorALU.ApplyMaskUnary(opCode, mask1),"
VectorALU,usage,HybridCPU_ISE/CloseToRTL/Core/Execution/StreamEngine/Modes/StreamEngine.Execute1D.cs,856,"return VectorALU.ApplyMaskSetBeforeFirst(mask, vl);"
BurstIO,usage,HybridCPU_ISE/CloseToRTL/Core/Execution/StreamEngine/Modes/StreamEngine.Execute1D.cs,47,"BurstIO.BurstRead(ptrDestSrc1, bufSrc, streamLength, elemSize, stride);"
BurstIO,usage,HybridCPU_ISE/CloseToRTL/Core/Execution/StreamEngine/Modes/StreamEngine.Execute1D.cs,71,"BurstIO.BurstWrite(ptrDestSrc1, bufDst, streamLength, elemSize, stride);"
BurstIO,usage,HybridCPU_ISE/CloseToRTL/Core/Execution/StreamEngine/Modes/StreamEngine.Execute1D.cs,193,"BurstIO.BurstRead(ptrDestSrc1, bufA, vl, elemSize, stride);"
BurstIO,usage,HybridCPU_ISE/CloseToRTL/Core/Execution/StreamEngine/Modes/StreamEngine.Execute1D.cs,194,"BurstIO.BurstRead(ptrSrc2, bufB, vl, elemSize, stride);"
BurstIO,usage,HybridCPU_ISE/CloseToRTL/Core/Execution/StreamEngine/Modes/StreamEngine.Execute1D.cs,224,"BurstIO.BurstRead(ptrDestSrc1, bufA, vl, elemSize, stride);"
BurstIO,usage,HybridCPU_ISE/CloseToRTL/Core/Execution/StreamEngine/Modes/StreamEngine.Execute1D.cs,225,"BurstIO.BurstRead(ptrSrc2, bufB, vl, elemSize, stride);"
BurstIO,usage,HybridCPU_ISE/CloseToRTL/Core/Execution/StreamEngine/Modes/StreamEngine.Execute1D.cs,231,"BurstIO.BurstWrite(ptrDestSrc1, bufDst, 1, resultElemSize, stride);"
BurstIO,usage,HybridCPU_ISE/CloseToRTL/Core/Execution/StreamEngine/Modes/StreamEngine.Execute1D.cs,245,"BurstIO.BurstRead(ptrDestSrc1, bufSrc, vl, elemSize, stride);"
BurstIO,usage,HybridCPU_ISE/CloseToRTL/Core/Execution/StreamEngine/Modes/StreamEngine.Execute1D.cs,251,"BurstIO.BurstWrite(ptrDestSrc1, bufDst, 1, elemSize, stride);"
BurstIO,usage,HybridCPU_ISE/CloseToRTL/Core/Execution/StreamEngine/Modes/StreamEngine.Execute1D.cs,264,"BurstIO.BurstRead(ptrDestSrc1, bufSrc, vl, elemSize, stride);"
BurstIO,usage,HybridCPU_ISE/CloseToRTL/Core/Execution/StreamEngine/Modes/StreamEngine.Execute1D.cs,277,"BurstIO.BurstWrite(ptrDestSrc1, bufDst, vl, elemSize, stride);"
BurstIO,usage,HybridCPU_ISE/CloseToRTL/Core/Execution/StreamEngine/Modes/StreamEngine.Execute1D.cs,288,"BurstIO.BurstRead(ptrDestSrc1, bufSrc, vl, elemSize, stride);"
BurstIO,usage,HybridCPU_ISE/CloseToRTL/Core/Execution/StreamEngine/Modes/StreamEngine.Execute1D.cs,289,"BurstIO.BurstRead(ptrSrc2, bufIndices, vl, elemSize, stride); // Index vector"
BurstIO,usage,HybridCPU_ISE/CloseToRTL/Core/Execution/StreamEngine/Modes/StreamEngine.Execute1D.cs,292,"BurstIO.BurstRead(ptrDestSrc1, bufDst, vl, elemSize, stride);"
BurstIO,usage,HybridCPU_ISE/CloseToRTL/Core/Execution/StreamEngine/Modes/StreamEngine.Execute1D.cs,298,"BurstIO.BurstWrite(ptrDestSrc1, bufDst, vl, elemSize, stride);"
BurstIO,usage,HybridCPU_ISE/CloseToRTL/Core/Execution/StreamEngine/Modes/StreamEngine.Execute1D.cs,308,"BurstIO.BurstRead(ptrDestSrc1, bufSrc, vl, elemSize, stride);"
BurstIO,usage,HybridCPU_ISE/CloseToRTL/Core/Execution/StreamEngine/Modes/StreamEngine.Execute1D.cs,311,"BurstIO.BurstRead(ptrDestSrc1, bufDst, vl, elemSize, stride);"
BurstIO,usage,HybridCPU_ISE/CloseToRTL/Core/Execution/StreamEngine/Modes/StreamEngine.Execute1D.cs,325,"BurstIO.BurstWrite(ptrDestSrc1, bufDst, vl, elemSize, stride);"
BurstIO,usage,HybridCPU_ISE/CloseToRTL/Core/Execution/StreamEngine/Modes/StreamEngine.Execute1D.cs,359,"BurstIO.BurstRead(ptrDestSrc1 + offsetDst, bufDst, fmaVl, elemSize, stride);"
BurstIO,usage,HybridCPU_ISE/CloseToRTL/Core/Execution/StreamEngine/Modes/StreamEngine.Execute1D.cs,360,"BurstIO.BurstRead(desc.SrcA + offsetA, bufVs1, fmaVl, elemSize, strideA);"
BurstIO,usage,HybridCPU_ISE/CloseToRTL/Core/Execution/StreamEngine/Modes/StreamEngine.Execute1D.cs,361,"BurstIO.BurstRead(desc.SrcB + offsetB, bufVs2, fmaVl, elemSize, strideB);"
BurstIO,usage,HybridCPU_ISE/CloseToRTL/Core/Execution/StreamEngine/Modes/StreamEngine.Execute1D.cs,365,"BurstIO.BurstWrite(ptrDestSrc1 + offsetDst, bufDst, fmaVl, elemSize, stride);"
BurstIO,usage,HybridCPU_ISE/CloseToRTL/Core/Execution/StreamEngine/Modes/StreamEngine.Execute1D.cs,381,"BurstIO.BurstRead(ptrDestSrc1, bufDst, vl, elemSize, stride);"
BurstIO,usage,HybridCPU_ISE/CloseToRTL/Core/Execution/StreamEngine/Modes/StreamEngine.Execute1D.cs,384,"BurstIO.BurstRead(ptrVs2, bufVs1, vl, elemSize, stride);"
BurstIO,usage,HybridCPU_ISE/CloseToRTL/Core/Execution/StreamEngine/Modes/StreamEngine.Execute1D.cs,385,"BurstIO.BurstRead(ptrVs2, bufVs2, vl, elemSize, stride);"
BurstIO,usage,HybridCPU_ISE/CloseToRTL/Core/Execution/StreamEngine/Modes/StreamEngine.Execute1D.cs,389,"BurstIO.BurstWrite(ptrDestSrc1, bufDst, vl, elemSize, stride);"
BurstIO,usage,HybridCPU_ISE/CloseToRTL/Core/Execution/StreamEngine/Modes/StreamEngine.Execute1D.cs,405,"BurstIO.BurstRead(ptrDestSrc1, bufA, vl, elemSize, stride);"
BurstIO,usage,HybridCPU_ISE/CloseToRTL/Core/Execution/StreamEngine/Modes/StreamEngine.Execute1D.cs,408,"BurstIO.BurstRead(ptrSrc2, bufB, vl, elemSize, stride);"
BurstIO,usage,HybridCPU_ISE/CloseToRTL/Core/Execution/StreamEngine/Modes/StreamEngine.Execute1D.cs,414,"BurstIO.BurstWrite(ptrDestSrc1, bufDst, vl, elemSize, stride);"
BurstIO,usage,HybridCPU_ISE/CloseToRTL/Core/Execution/StreamEngine/Modes/StreamEngine.Execute1D.cs,424,"BurstIO.BurstRead(ptrDestSrc1, bufA, vl, elemSize, stride);"
BurstIO,usage,HybridCPU_ISE/CloseToRTL/Core/Execution/StreamEngine/Modes/StreamEngine.Execute1D.cs,430,"BurstIO.BurstWrite(ptrDestSrc1, bufDst, vl, elemSize, stride);"
BurstIO,usage,HybridCPU_ISE/CloseToRTL/Core/Execution/StreamEngine/Modes/StreamEngine.Execute1D.cs,765,"BurstIO.BurstRead(ptrDestSrc1, bufA, vl, elemSize, stride);"
BurstIO,usage,HybridCPU_ISE/CloseToRTL/Core/Execution/StreamEngine/Modes/StreamEngine.Execute1D.cs,766,"BurstIO.BurstRead(ptrSrc2, bufB, vl, elemSize, stride);"
StreamRegisterFile,usage,HybridCPU_ISE/CloseToRTL/Core/Execution/StreamEngine/Modes/StreamEngine.Execute1D.cs,439,"// Prefetch next chunk into StreamRegisterFile (req.md §2, §3)"
StreamEngine,definition,HybridCPU_ISE/CloseToRTL/Core/Execution/StreamEngine/Modes/StreamEngine.ExecuteModes.cs,11,internal static partial class StreamEngine
StreamEngine,usage,HybridCPU_ISE/CloseToRTL/Core/Execution/StreamEngine/Modes/StreamEngine.ExecuteModes.cs,506,"$""Stream/vector opcode 0x{opCode:X} reached indexed StreamEngine.Execute(...) on a non-representable raw gather/scatter contour. "" +"
StreamEngine,usage,HybridCPU_ISE/CloseToRTL/Core/Execution/StreamEngine/Modes/StreamEngine.ExecuteModes.cs,520,"$""Stream/vector opcode 0x{opCode:X} reached indexed StreamEngine.Execute(...) contour with unreadable descriptor at 0x{descriptorAddr:X}. "" +"
VectorALU,usage,HybridCPU_ISE/CloseToRTL/Core/Execution/StreamEngine/Modes/StreamEngine.ExecuteModes.cs,280,"VectorALU.ApplyBinary(opCode, dataType, cA, cB, cDst, elemSize, curVl, predIndex, request.TailAgnostic, request.MaskAgnostic, ref core);"
VectorALU,usage,HybridCPU_ISE/CloseToRTL/Core/Execution/StreamEngine/Modes/StreamEngine.ExecuteModes.cs,284,"VectorALU.ApplyUnary(opCode, dataType, cA, cDst, elemSize, curVl, predIndex, request.TailAgnostic, request.MaskAgnostic, ref core);"
VectorALU,usage,HybridCPU_ISE/CloseToRTL/Core/Execution/StreamEngine/Modes/StreamEngine.ExecuteModes.cs,425,"VectorALU.ApplyBinary(opCode, dataType, bufA, bufB, bufDst, elemSize, vl, predIndex, request.TailAgnostic, request.MaskAgnostic, ref core);"
VectorALU,usage,HybridCPU_ISE/CloseToRTL/Core/Execution/StreamEngine/Modes/StreamEngine.ExecuteModes.cs,441,"VectorALU.ApplyUnary(opCode, dataType, bufA, bufDst, elemSize, vl, predIndex, request.TailAgnostic, request.MaskAgnostic, ref core);"
VectorALU,usage,HybridCPU_ISE/CloseToRTL/Core/Execution/StreamEngine/Modes/StreamEngine.ExecuteModes.cs,584,"VectorALU.ApplyBinary(opCode, dataType, bufA, bufB, bufDst, elemSize, vl, predIndex, request.TailAgnostic, request.MaskAgnostic, ref core);"
VectorALU,usage,HybridCPU_ISE/CloseToRTL/Core/Execution/StreamEngine/Modes/StreamEngine.ExecuteModes.cs,600,"VectorALU.ApplyUnary(opCode, dataType, bufA, bufDst, elemSize, vl, predIndex, request.TailAgnostic, request.MaskAgnostic, ref core);"
BurstIO,usage,HybridCPU_ISE/CloseToRTL/Core/Execution/StreamEngine/Modes/StreamEngine.ExecuteModes.cs,252,"BurstIO.BurstRead(ptrDestSrc1, bufA.Slice(0, (int)bytes), vl, elemSize, stride);"
BurstIO,usage,HybridCPU_ISE/CloseToRTL/Core/Execution/StreamEngine/Modes/StreamEngine.ExecuteModes.cs,257,"BurstIO.BurstRead(ptrSrc2, bufB.Slice(0, (int)bytes), vl, elemSize, stride);"
BurstIO,usage,HybridCPU_ISE/CloseToRTL/Core/Execution/StreamEngine/Modes/StreamEngine.ExecuteModes.cs,314,"BurstIO.BurstRead(nextPtrDst, nextA.Slice(0, (int)nextBytes), nextVl, elemSize, stride);"
BurstIO,usage,HybridCPU_ISE/CloseToRTL/Core/Execution/StreamEngine/Modes/StreamEngine.ExecuteModes.cs,319,"BurstIO.BurstRead(nextPtrSrc2, nextB.Slice(0, (int)nextBytes), nextVl, elemSize, stride);"
BurstIO,usage,HybridCPU_ISE/CloseToRTL/Core/Execution/StreamEngine/Modes/StreamEngine.ExecuteModes.cs,330,"BurstIO.BurstWrite(curPtrDst, cDst, curVl, elemSize, stride);"
BurstIO,usage,HybridCPU_ISE/CloseToRTL/Core/Execution/StreamEngine/Modes/StreamEngine.ExecuteModes.cs,419,"BurstIO.BurstRead2D(ptrDestSrc1, bufA, vl, elemSize, rowLength, rowStride, colStride, elementsProcessed);"
BurstIO,usage,HybridCPU_ISE/CloseToRTL/Core/Execution/StreamEngine/Modes/StreamEngine.ExecuteModes.cs,422,"BurstIO.BurstRead2D(ptrSrc2, bufB, vl, elemSize, rowLength, rowStride, colStride, elementsProcessed);"
BurstIO,usage,HybridCPU_ISE/CloseToRTL/Core/Execution/StreamEngine/Modes/StreamEngine.ExecuteModes.cs,428,"BurstIO.BurstWrite2D(ptrDestSrc1, bufDst, vl, elemSize, rowLength, rowStride, colStride, elementsProcessed);"
BurstIO,usage,HybridCPU_ISE/CloseToRTL/Core/Execution/StreamEngine/Modes/StreamEngine.ExecuteModes.cs,438,"BurstIO.BurstRead2D(ptrDestSrc1, bufA, vl, elemSize, rowLength, rowStride, colStride, elementsProcessed);"
BurstIO,usage,HybridCPU_ISE/CloseToRTL/Core/Execution/StreamEngine/Modes/StreamEngine.ExecuteModes.cs,444,"BurstIO.BurstWrite2D(ptrDestSrc1, bufDst, vl, elemSize, rowLength, rowStride, colStride, elementsProcessed);"
BurstIO,usage,HybridCPU_ISE/CloseToRTL/Core/Execution/StreamEngine/Modes/StreamEngine.ExecuteModes.cs,573,"BurstIO.BurstRead(ptrDestSrc1 + (elementsProcessed * (ulong)elemSize), bufA, vl, elemSize, (ushort)elemSize);"
BurstIO,usage,HybridCPU_ISE/CloseToRTL/Core/Execution/StreamEngine/Modes/StreamEngine.ExecuteModes.cs,578,"BurstIO.BurstRead(indexBase + (elementsProcessed * (ulong)indexStride), indexBuf, vl, indexElemSize, indexStride);"
BurstIO,usage,HybridCPU_ISE/CloseToRTL/Core/Execution/StreamEngine/Modes/StreamEngine.ExecuteModes.cs,581,"BurstIO.BurstGather(src2Base, bufB, vl, elemSize, indexBuf, indexElemSize, indexIsByteOffset);"
BurstIO,usage,HybridCPU_ISE/CloseToRTL/Core/Execution/StreamEngine/Modes/StreamEngine.ExecuteModes.cs,587,"BurstIO.BurstWrite(ptrDestSrc1 + (elementsProcessed * (ulong)elemSize), bufDst, vl, elemSize, (ushort)elemSize);"
BurstIO,usage,HybridCPU_ISE/CloseToRTL/Core/Execution/StreamEngine/Modes/StreamEngine.ExecuteModes.cs,597,"BurstIO.BurstRead(ptrDestSrc1 + (elementsProcessed * (ulong)elemSize), bufA, vl, elemSize, (ushort)elemSize);"
BurstIO,usage,HybridCPU_ISE/CloseToRTL/Core/Execution/StreamEngine/Modes/StreamEngine.ExecuteModes.cs,603,"BurstIO.BurstWrite(ptrDestSrc1 + (elementsProcessed * (ulong)elemSize), bufDst, vl, elemSize, (ushort)elemSize);"
StreamEngine,definition,HybridCPU_ISE/CloseToRTL/Core/Execution/StreamEngine/Prefetch/StreamEngine.Prefetch.cs,11,internal static partial class StreamEngine
BurstIO,usage,HybridCPU_ISE/CloseToRTL/Core/Execution/StreamEngine/Prefetch/StreamEngine.Prefetch.cs,178,"if (!BurstIO.TryReadThroughActiveBackend(sourceAddr, ingress.AsSpan(0, (int)byteCount), activeMemorySubsystem) ||"
StreamRegisterFile,mention,HybridCPU_ISE/CloseToRTL/Core/Execution/StreamEngine/Prefetch/StreamEngine.Prefetch.cs,41,/// Prefetch the next strip-mined chunk into the SRF using the active
StreamRegisterFile,usage,HybridCPU_ISE/CloseToRTL/Core/Execution/StreamEngine/Prefetch/StreamEngine.Prefetch.cs,53,StreamRegisterFile? srfNullable = activeMemorySubsystem?.StreamRegisters;
StreamRegisterFile,usage,HybridCPU_ISE/CloseToRTL/Core/Execution/StreamEngine/Prefetch/StreamEngine.Prefetch.cs,65,StreamRegisterFile srf = srfNullable;
StreamRegisterFile,usage,HybridCPU_ISE/CloseToRTL/Core/Execution/StreamEngine/Prefetch/StreamEngine.Prefetch.cs,91,StreamRegisterFile? srfNullable = activeMemorySubsystem?.StreamRegisters;
StreamRegisterFile,usage,HybridCPU_ISE/CloseToRTL/Core/Execution/StreamEngine/Prefetch/StreamEngine.Prefetch.cs,103,StreamRegisterFile srf = srfNullable;
StreamRegisterFile,usage,HybridCPU_ISE/CloseToRTL/Core/Execution/StreamEngine/Prefetch/StreamEngine.Prefetch.cs,128,"StreamRegisterFile srf,"
StreamRegisterFile,usage,HybridCPU_ISE/CloseToRTL/Core/Execution/StreamEngine/Prefetch/StreamEngine.Prefetch.cs,144,if (srf.GetRegisterState(registerIndex) == StreamRegisterFile.RegisterState.Valid)
MemorySubsystem,usage,HybridCPU_ISE/CloseToRTL/Core/Execution/StreamEngine/Prefetch/StreamEngine.Prefetch.cs,16,private static MemorySubsystem? ResolveActiveMemorySubsystem(
MemorySubsystem,usage,HybridCPU_ISE/CloseToRTL/Core/Execution/StreamEngine/Prefetch/StreamEngine.Prefetch.cs,17,MemorySubsystem? memSub)
MemorySubsystem,usage,HybridCPU_ISE/CloseToRTL/Core/Execution/StreamEngine/Prefetch/StreamEngine.Prefetch.cs,50,YAKSys_Hybrid_CPU.Memory.MemorySubsystem? memSub = null)
MemorySubsystem,usage,HybridCPU_ISE/CloseToRTL/Core/Execution/StreamEngine/Prefetch/StreamEngine.Prefetch.cs,52,MemorySubsystem? activeMemorySubsystem = ResolveActiveMemorySubsystem(memSub);
MemorySubsystem,usage,HybridCPU_ISE/CloseToRTL/Core/Execution/StreamEngine/Prefetch/StreamEngine.Prefetch.cs,88,YAKSys_Hybrid_CPU.Memory.MemorySubsystem? memSub = null)
MemorySubsystem,usage,HybridCPU_ISE/CloseToRTL/Core/Execution/StreamEngine/Prefetch/StreamEngine.Prefetch.cs,90,MemorySubsystem? activeMemorySubsystem = ResolveActiveMemorySubsystem(memSub);
MemorySubsystem,usage,HybridCPU_ISE/CloseToRTL/Core/Execution/StreamEngine/Prefetch/StreamEngine.Prefetch.cs,134,YAKSys_Hybrid_CPU.Memory.MemorySubsystem? memSub = null)
MemorySubsystem,usage,HybridCPU_ISE/CloseToRTL/Core/Execution/StreamEngine/Prefetch/StreamEngine.Prefetch.cs,141,MemorySubsystem? activeMemorySubsystem = ResolveActiveMemorySubsystem(memSub);
MemorySubsystem,usage,HybridCPU_ISE/CloseToRTL/Core/Execution/StreamEngine/Prefetch/StreamEngine.Prefetch.cs,199,YAKSys_Hybrid_CPU.Memory.MemorySubsystem? memSub = null)
MemorySubsystem,usage,HybridCPU_ISE/CloseToRTL/Core/Execution/StreamEngine/Prefetch/StreamEngine.Prefetch.cs,241,YAKSys_Hybrid_CPU.Memory.MemorySubsystem? memSub = null)
MemorySubsystem,usage,HybridCPU_ISE/CloseToRTL/Core/Execution/StreamEngine/Prefetch/StreamEngine.Prefetch.cs,275,YAKSys_Hybrid_CPU.Memory.MemorySubsystem? memSub = null)
MemorySubsystem,usage,HybridCPU_ISE/CloseToRTL/Core/Execution/StreamEngine/Prefetch/StreamEngine.Prefetch.cs,299,YAKSys_Hybrid_CPU.Memory.MemorySubsystem? memSub = null)
VectorALU,definition,HybridCPU_ISE/CloseToRTL/Core/Execution/Vector/ALU/VectorALU.cs,20,internal static partial class VectorALU
VectorALU,definition,HybridCPU_ISE/CloseToRTL/Core/Execution/Vector/ALU/VectorALU.FMA.cs,8,internal static partial class VectorALU
VectorALU,definition,HybridCPU_ISE/CloseToRTL/Core/Execution/Vector/Compare/VectorALU.Comparison.cs,9,internal static partial class VectorALU
VectorALU,definition,HybridCPU_ISE/CloseToRTL/Core/Execution/Vector/Reduction/VectorALU.Reduction.cs,8,internal static partial class VectorALU
VectorALU,definition,HybridCPU_ISE/CloseToRTL/Core/Execution/Vector/Saturating/VectorALU.Saturating.cs,10,internal static partial class VectorALU
VectorALU,usage,HybridCPU_ISE/CloseToRTL/Core/Execution/Vector/Saturating/VectorALU.Saturating.cs,23,"$""VectorALU.ApplySaturatingAddElement rejected opcode 0x{op:X}; Phase 05B opens only VADD.SAT."");"
VectorALU,usage,HybridCPU_ISE/CloseToRTL/Core/Execution/Vector/Saturating/VectorALU.Saturating.cs,47,"$""VectorALU.ApplySaturatingAddElement rejected unsupported VADD.SAT DataType {dataType}. "" +"
VectorALU,definition,HybridCPU_ISE/CloseToRTL/Core/Execution/Vector/Scan/VectorALU.Scan.cs,9,internal static partial class VectorALU
VectorALU,usage,HybridCPU_ISE/CloseToRTL/Core/Execution/Vector/Scan/VectorALU.Scan.cs,24,"$""VectorALU.ApplyScanSumElement rejected opcode 0x{op:X}; Phase 05A opens only VSCAN.SUM."");"
VectorALU,usage,HybridCPU_ISE/CloseToRTL/Core/Execution/Vector/Scan/VectorALU.Scan.cs,46,"$""VectorALU.ApplyScanSumElement rejected unsupported VSCAN.SUM DataType {dataType}. "" +"
ACCEL,usage,HybridCPU_ISE/CloseToRTL/Core/Frontend/Decode/VliwDecoderV4Bridge/VliwDecoderV4.cs,551,"$""Slot {slotIndex}: AcceleratorCommandDescriptor sideband can only accompany the native ACCEL_SUBMIT L7-SDC opcode."","
ACCEL,usage,HybridCPU_ISE/CloseToRTL/Core/Frontend/Decode/VliwDecoderV4Bridge/VliwDecoderV4.cs,561,rawOpcode != Processor.CPU_Core.IsaOpcodeValues.ACCEL_SUBMIT)
ACCEL,usage,HybridCPU_ISE/CloseToRTL/Core/Frontend/Decode/VliwDecoderV4Bridge/VliwDecoderV4.cs,564,"$""Slot {slotIndex}: AcceleratorCommandDescriptor sideband is valid only for ACCEL_SUBMIT in Phase 04, not '{opcodeName}'."","
ACCEL,usage,HybridCPU_ISE/CloseToRTL/Core/Frontend/Decode/VliwDecoderV4Bridge/VliwDecoderV4.cs,584,if (rawOpcode != Processor.CPU_Core.IsaOpcodeValues.ACCEL_SUBMIT)
ACCEL,usage,HybridCPU_ISE/CloseToRTL/Core/Frontend/Decode/VliwDecoderV4Bridge/VliwDecoderV4.cs,592,"""ACCEL_SUBMIT requires typed AcceleratorCommandDescriptor sideband."","
ACCEL,usage,HybridCPU_ISE/CloseToRTL/Core/Frontend/Decode/VliwDecoderV4Bridge/VliwDecoderV4.cs,603,"$""Slot {slotIndex}: ACCEL_SUBMIT descriptor sideband lacks guard-backed owner/domain acceptance. {guardMessage}"","
ACCEL,usage,HybridCPU_ISE/CloseToRTL/Core/Frontend/Decode/VliwDecoderV4Bridge/VliwDecoderV4.cs,616,"$""Slot {slotIndex}: ACCEL_SUBMIT admission guard rejected. {submitGuard.Message}"","
ACCEL,usage,HybridCPU_ISE/CloseToRTL/Core/Frontend/Decode/VliwDecoderV4Bridge/VliwDecoderV4.cs,649,"$""Slot {slotIndex}: ACCEL_SUBMIT typed sideband requires SystemSingleton hard-pinned lane7 slot metadata."","
VMX,usage,HybridCPU_ISE/CloseToRTL/Core/ISA/Instructions/NonVmx/Lane06DmaStream/CarrierV2/Dsc2DescriptorCarrier.cs,3,// It is Lane6 descriptor/carrier-owned and does not become a scalar opcode or VMX path.
VMX,usage,HybridCPU_ISE/CloseToRTL/Core/ISA/Instructions/NonVmx/Lane06DmaStream/QueueLifecycle/DscCancelInstruction.cs,3,// No VMX frontend path is added; future execution requires virtualization-boundary policy.
VMX,usage,HybridCPU_ISE/CloseToRTL/Core/ISA/Instructions/NonVmx/Lane06DmaStream/QueueLifecycle/DscCommitInstruction.cs,3,// No VMX frontend path is added; future execution requires virtualization-boundary policy.
VMX,usage,HybridCPU_ISE/CloseToRTL/Core/ISA/Instructions/NonVmx/Lane06DmaStream/QueueLifecycle/DscFenceInstruction.cs,3,// No VMX frontend path is added; future execution requires virtualization-boundary policy.
VMX,usage,HybridCPU_ISE/CloseToRTL/Core/ISA/Instructions/NonVmx/Lane06DmaStream/QueueLifecycle/DscPollInstruction.cs,3,// No VMX frontend path is added; future execution requires virtualization-boundary policy.
VMX,usage,HybridCPU_ISE/CloseToRTL/Core/ISA/Instructions/NonVmx/Lane06DmaStream/QueueLifecycle/DscWaitInstruction.cs,3,// No VMX frontend path is added; future execution requires virtualization-boundary policy.
VMX,usage,HybridCPU_ISE/CloseToRTL/Core/ISA/Instructions/NonVmx/Lane07SystemControl/Counters/RdinstretInstruction.cs,3,// VMX must see any future execution only through generic counter/projection policy.
VMX,usage,HybridCPU_ISE/CloseToRTL/Core/ISA/Instructions/NonVmx/Lane07SystemControl/Counters/RdtimeInstruction.cs,3,// VMX must see any future execution only through generic counter/projection policy.
VMX,usage,HybridCPU_ISE/CloseToRTL/Core/ISA/Instructions/NonVmx/Lane07SystemControl/Hints/PauseInstruction.cs,3,// It must not promise architectural progress or expose a VMX-specific integration path.
ACCEL,usage,HybridCPU_ISE/CloseToRTL/Core/ISA/Instructions/NonVmx/Lane07SystemControl/NonVmxLane07DeferredTemplates.cs,24,"public sealed partial class AccelQueryAbiInstruction { public const string Mnemonic = ""ACCEL_QUERY_ABI""; public const string EvidenceBoundary = ""Lane7AcceleratorControlDeferred""; public const bool NoHostEvidenceLeak = true; public const bool IsExecutable = false; public const bool CompilerHelperAllo"
ACCEL,usage,HybridCPU_ISE/CloseToRTL/Core/ISA/Instructions/NonVmx/Lane07SystemControl/NonVmxLane07DeferredTemplates.cs,25,"public sealed partial class AccelQueryTopologyInstruction { public const string Mnemonic = ""ACCEL_QUERY_TOPOLOGY""; public const string EvidenceBoundary = ""Lane7AcceleratorControlDeferred""; public const bool NoHostEvidenceLeak = true; public const bool IsExecutable = false; public const bool Compiler"
ACCEL,usage,HybridCPU_ISE/CloseToRTL/Core/ISA/Instructions/NonVmx/Lane07SystemControl/NonVmxLane07DeferredTemplates.cs,30,"public sealed partial class AccelOpenInstruction { public const string Mnemonic = ""ACCEL_OPEN""; public const string EvidenceBoundary = ""Lane7AcceleratorControlDeferred""; public const bool RequiresRetireOwnedPublication = true; public const bool IsExecutable = false; public const bool CompilerHelperA"
ACCEL,usage,HybridCPU_ISE/CloseToRTL/Core/ISA/Instructions/NonVmx/Lane07SystemControl/NonVmxLane07DeferredTemplates.cs,31,"public sealed partial class AccelCloseInstruction { public const string Mnemonic = ""ACCEL_CLOSE""; public const string EvidenceBoundary = ""Lane7AcceleratorControlDeferred""; public const bool RequiresRetireOwnedPublication = true; public const bool IsExecutable = false; public const bool CompilerHelpe"
ACCEL,usage,HybridCPU_ISE/CloseToRTL/Core/ISA/Instructions/NonVmx/Lane07SystemControl/NonVmxLane07DeferredTemplates.cs,36,"public sealed partial class AccelBindQueueInstruction { public const string Mnemonic = ""ACCEL_BIND_QUEUE""; public const string EvidenceBoundary = ""Lane7AcceleratorControlDeferred""; public const bool RequiresRetireOwnedPublication = true; public const bool IsExecutable = false; public const bool Comp"
ACCEL,usage,HybridCPU_ISE/CloseToRTL/Core/ISA/Instructions/NonVmx/Lane07SystemControl/NonVmxLane07DeferredTemplates.cs,37,"public sealed partial class AccelUnbindQueueInstruction { public const string Mnemonic = ""ACCEL_UNBIND_QUEUE""; public const string EvidenceBoundary = ""Lane7AcceleratorControlDeferred""; public const bool RequiresRetireOwnedPublication = true; public const bool IsExecutable = false; public const bool "
VMX,usage,HybridCPU_ISE/CloseToRTL/Core/ISA/Instructions/NonVmx/Lanes00_03Scalar/AddressGeneration/AddUwInstruction.cs,6,// Phase 03 golden/conformance tests; compiler no-emission/helper guardrails; generic VMX boundary only.
VMX,usage,HybridCPU_ISE/CloseToRTL/Core/ISA/Instructions/NonVmx/Lanes00_03Scalar/AddressGeneration/Sh1addUwInstruction.cs,6,// Phase 03 golden/conformance tests; compiler no-emission/helper guardrails; generic VMX boundary only.
VMX,usage,HybridCPU_ISE/CloseToRTL/Core/ISA/Instructions/NonVmx/Lanes00_03Scalar/AddressGeneration/Sh2addInstruction.cs,6,// compiler no-emission/helper guardrails; generic VMX boundary only.
VMX,usage,HybridCPU_ISE/CloseToRTL/Core/ISA/Instructions/NonVmx/Lanes00_03Scalar/AddressGeneration/Sh2addUwInstruction.cs,6,// Phase 03 golden/conformance tests; compiler no-emission/helper guardrails; generic VMX boundary only.
VMX,usage,HybridCPU_ISE/CloseToRTL/Core/ISA/Instructions/NonVmx/Lanes00_03Scalar/AddressGeneration/Sh3addInstruction.cs,6,// compiler no-emission/helper guardrails; generic VMX boundary only.
VMX,usage,HybridCPU_ISE/CloseToRTL/Core/ISA/Instructions/NonVmx/Lanes00_03Scalar/AddressGeneration/Sh3addUwInstruction.cs,6,// Phase 03 golden/conformance tests; compiler no-emission/helper guardrails; generic VMX boundary only.
VMX,usage,HybridCPU_ISE/CloseToRTL/Core/ISA/Instructions/NonVmx/Lanes00_03Scalar/AddressGeneration/SlliUwInstruction.cs,7,// Phase 03 golden/conformance tests; compiler no-emission/helper guardrails; generic VMX boundary only.
VMX,usage,HybridCPU_ISE/CloseToRTL/Core/ISA/Instructions/NonVmx/Lanes00_03Scalar/BitManipulation/BitCount/CpopInstruction.cs,17,// POPCNT remains a no-emission alias boundary. VMX observes this row only through
VMX,usage,HybridCPU_ISE/CloseToRTL/Core/ISA/Instructions/NonVmx/Lanes00_03Scalar/BitManipulation/BitCount/CpopInstruction.LocalSemantics.cs,18,"public const string LocalVmxGate = ""No VMX-specific frontend path; generic legality/runtime projection only."";"
VMX,usage,HybridCPU_ISE/CloseToRTL/Core/ISA/Instructions/NonVmx/Lanes00_03Scalar/BitManipulation/BitCount/PopcntInstruction.cs,9,// explicitly approved. VMX has no direct integration point for this alias.
VMX,usage,HybridCPU_ISE/CloseToRTL/Core/ISA/Instructions/NonVmx/Lanes00_03Scalar/BitManipulation/BitCount/PopcntInstruction.LocalSemantics.cs,18,"public const string LocalVmxGate = ""No VMX-specific frontend path; generic projection only if a future alias policy closes."";"
VMX,usage,HybridCPU_ISE/CloseToRTL/Core/ISA/Instructions/NonVmx/Lanes00_03Scalar/BitManipulation/BitExtract/BextiInstruction.cs,6,// Phase 02 golden/conformance tests; compiler no-emission/helper guardrails; generic VMX boundary only.
VMX,usage,HybridCPU_ISE/CloseToRTL/Core/ISA/Instructions/NonVmx/Lanes00_03Scalar/BitManipulation/BitExtract/BextInstruction.cs,6,// Phase 02 golden/conformance tests; compiler no-emission/helper guardrails; generic VMX boundary only.
VMX,usage,HybridCPU_ISE/CloseToRTL/Core/ISA/Instructions/NonVmx/Lanes00_03Scalar/BitManipulation/BitSetClearInvert/BclriInstruction.cs,6,// Phase 02 golden/conformance tests; compiler no-emission/helper guardrails; generic VMX boundary only.
VMX,usage,HybridCPU_ISE/CloseToRTL/Core/ISA/Instructions/NonVmx/Lanes00_03Scalar/BitManipulation/BitSetClearInvert/BclrInstruction.cs,6,// Phase 02 golden/conformance tests; compiler no-emission/helper guardrails; generic VMX boundary only.
VMX,usage,HybridCPU_ISE/CloseToRTL/Core/ISA/Instructions/NonVmx/Lanes00_03Scalar/BitManipulation/BitSetClearInvert/BinviInstruction.cs,6,// Phase 02 golden/conformance tests; compiler no-emission/helper guardrails; generic VMX boundary only.
VMX,usage,HybridCPU_ISE/CloseToRTL/Core/ISA/Instructions/NonVmx/Lanes00_03Scalar/BitManipulation/BitSetClearInvert/BinvInstruction.cs,6,// Phase 02 golden/conformance tests; compiler no-emission/helper guardrails; generic VMX boundary only.
VMX,usage,HybridCPU_ISE/CloseToRTL/Core/ISA/Instructions/NonVmx/Lanes00_03Scalar/BitManipulation/BitSetClearInvert/BsetiInstruction.cs,6,// Phase 02 golden/conformance tests; compiler no-emission/helper guardrails; generic VMX boundary only.
VMX,usage,HybridCPU_ISE/CloseToRTL/Core/ISA/Instructions/NonVmx/Lanes00_03Scalar/BitManipulation/BitSetClearInvert/BsetInstruction.cs,6,// Phase 02 golden/conformance tests; compiler no-emission/helper guardrails; generic VMX boundary only.
VMX,usage,HybridCPU_ISE/CloseToRTL/Core/ISA/Instructions/NonVmx/Lanes00_03Scalar/BitManipulation/BooleanInvert/AndnInstruction.cs,14,// VMX does not receive a special frontend path for this ordinary scalar row.
VMX,usage,HybridCPU_ISE/CloseToRTL/Core/ISA/Instructions/NonVmx/Lanes00_03Scalar/BitManipulation/BooleanInvert/AndnInstruction.LocalSemantics.cs,16,"public const string LocalVmxGate = ""No VMX-specific frontend path; generic legality/projection only."";"
VMX,usage,HybridCPU_ISE/CloseToRTL/Core/ISA/Instructions/NonVmx/Lanes00_03Scalar/BitManipulation/BooleanInvert/OrnInstruction.cs,14,// VMX does not receive a special frontend path for this ordinary scalar row.
VMX,usage,HybridCPU_ISE/CloseToRTL/Core/ISA/Instructions/NonVmx/Lanes00_03Scalar/BitManipulation/BooleanInvert/OrnInstruction.LocalSemantics.cs,16,"public const string LocalVmxGate = ""No VMX-specific frontend path; generic legality/projection only."";"
VMX,usage,HybridCPU_ISE/CloseToRTL/Core/ISA/Instructions/NonVmx/Lanes00_03Scalar/BitManipulation/BooleanInvert/XnorInstruction.cs,14,// VMX does not receive a special frontend path for this ordinary scalar row.
VMX,usage,HybridCPU_ISE/CloseToRTL/Core/ISA/Instructions/NonVmx/Lanes00_03Scalar/BitManipulation/BooleanInvert/XnorInstruction.LocalSemantics.cs,16,"public const string LocalVmxGate = ""No VMX-specific frontend path; generic legality/projection only."";"
VMX,usage,HybridCPU_ISE/CloseToRTL/Core/ISA/Instructions/NonVmx/Lanes00_03Scalar/BitManipulation/ByteBitReverse/Brev8Instruction.cs,18,// helper emission and VMX-specific frontend integration remain closed.
VMX,usage,HybridCPU_ISE/CloseToRTL/Core/ISA/Instructions/NonVmx/Lanes00_03Scalar/BitManipulation/ByteBitReverse/Brev8Instruction.LocalSemantics.cs,16,"public const string LocalVmxGate = ""No VMX-specific frontend path; generic legality/projection only if runtime evidence later closes."";"
VMX,usage,HybridCPU_ISE/CloseToRTL/Core/ISA/Instructions/NonVmx/Lanes00_03Scalar/BitManipulation/ByteBitReverse/Rev8Instruction.cs,17,// unary XLEN=64 scalar ALU row. VMX integration remains generic because this
VMX,usage,HybridCPU_ISE/CloseToRTL/Core/ISA/Instructions/NonVmx/Lanes00_03Scalar/BitManipulation/ByteBitReverse/Rev8Instruction.LocalSemantics.cs,16,"public const string LocalVmxGate = ""No VMX-specific frontend path; generic legality/projection only if runtime evidence later closes."";"
VMX,usage,HybridCPU_ISE/CloseToRTL/Core/ISA/Instructions/NonVmx/Lanes00_03Scalar/BitManipulation/Rotates/RoliInstruction.cs,6,// Phase 02 golden/conformance tests; compiler no-emission/helper guardrails; generic VMX boundary only.
VMX,usage,HybridCPU_ISE/CloseToRTL/Core/ISA/Instructions/NonVmx/Lanes00_03Scalar/BitManipulation/Rotates/RoriInstruction.cs,6,// Phase 02 golden/conformance tests; compiler no-emission/helper guardrails; generic VMX boundary only.
VMX,usage,HybridCPU_ISE/CloseToRTL/Core/ISA/Instructions/NonVmx/Lanes00_03Scalar/CarrylessMultiply/ClmulhInstruction.cs,6,// Phase 04 golden/conformance tests; compiler no-emission/helper guardrails; generic VMX boundary only.
VMX,usage,HybridCPU_ISE/CloseToRTL/Core/ISA/Instructions/NonVmx/Lanes00_03Scalar/CarrylessMultiply/ClmulrInstruction.cs,6,// Phase 04 golden/conformance tests; compiler no-emission/helper guardrails; generic VMX boundary only.
VMX,usage,HybridCPU_ISE/CloseToRTL/Core/ISA/Instructions/NonVmx/Lanes00_03Scalar/ConditionalSelect/CselInstruction.cs,13,// for rs_cond. VMX is not a direct integration point for this row.
VMX,usage,HybridCPU_ISE/CloseToRTL/Core/ISA/Instructions/NonVmx/Lanes00_03Scalar/ConditionalSelect/CselInstruction.LocalSemantics.cs,17,"public const string LocalVmxGate = ""No VMX-specific frontend path; generic legality/projection only if runtime evidence later closes."";"
VMX,usage,HybridCPU_ISE/CloseToRTL/Core/ISA/Instructions/NonVmx/Lanes00_03Scalar/CRC/Crc32Instruction.cs,2,// until polynomial/reflection/seed/final-xor/endian ABI is explicit. VMX stays generic.
VMX,usage,HybridCPU_ISE/CloseToRTL/Core/ISA/Instructions/NonVmx/Lanes00_03Scalar/CRC/Crc64Instruction.cs,2,// until polynomial/reflection/seed/final-xor/endian ABI is explicit. VMX stays generic.
VMX,usage,HybridCPU_ISE/CloseToRTL/Core/ISA/Instructions/NonVmx/Lanes00_03Scalar/FacadeCandidates/ZeroCompare/SeqzInstruction.cs,8,// VMX observes only the generic runtime model.
VMX,usage,HybridCPU_ISE/CloseToRTL/Core/ISA/Instructions/NonVmx/Lanes00_03Scalar/FacadeCandidates/ZeroCompare/SeqzInstruction.LocalNoEmissionContract.cs,16,"public const string LocalVmxGate = ""No VMX-specific frontend path; generic legality/projection only if runtime evidence later closes."";"
VMX,usage,HybridCPU_ISE/CloseToRTL/Core/ISA/Instructions/NonVmx/Lanes00_03Scalar/FacadeCandidates/ZeroCompare/SnezInstruction.cs,8,// VMX observes only the generic runtime model.
VMX,usage,HybridCPU_ISE/CloseToRTL/Core/ISA/Instructions/NonVmx/Lanes00_03Scalar/FacadeCandidates/ZeroCompare/SnezInstruction.LocalNoEmissionContract.cs,16,"public const string LocalVmxGate = ""No VMX-specific frontend path; generic legality/projection only if runtime evidence later closes."";"
VMX,usage,HybridCPU_ISE/CloseToRTL/Core/ISA/Instructions/NonVmx/Lanes00_03Scalar/MultiPrecision/AdcInstruction.cs,2,// authority until carry-in and carry-out publication ABI is retire-owned. VMX stays generic.
VMX,usage,HybridCPU_ISE/CloseToRTL/Core/ISA/Instructions/NonVmx/Lanes00_03Scalar/MultiPrecision/AddcInstruction.cs,2,// authority until carry-out publication ABI is retire-owned. VMX stays generic.
VMX,usage,HybridCPU_ISE/CloseToRTL/Core/ISA/Instructions/NonVmx/Lanes00_03Scalar/MultiPrecision/SbcInstruction.cs,2,// authority until borrow-in and borrow-out publication ABI is retire-owned. VMX stays generic.
VMX,usage,HybridCPU_ISE/CloseToRTL/Core/ISA/Instructions/NonVmx/Lanes00_03Scalar/MultiPrecision/SubcInstruction.cs,2,// authority until borrow-out publication ABI is retire-owned. VMX stays generic.
VMX,usage,HybridCPU_ISE/CloseToRTL/Core/ISA/Instructions/NonVmx/Lanes00_03Scalar/ScalarMinMax/MaxInstruction.cs,13,"// It is distinct from vector, AMO, and Lane6 descriptor min/max surfaces; no VMX-specific path is added."
VMX,usage,HybridCPU_ISE/CloseToRTL/Core/ISA/Instructions/NonVmx/Lanes00_03Scalar/ScalarMinMax/MaxInstruction.LocalSemantics.cs,16,"public const string LocalVmxGate = ""No VMX-specific frontend path; generic scalar legality only."";"
VMX,usage,HybridCPU_ISE/CloseToRTL/Core/ISA/Instructions/NonVmx/Lanes00_03Scalar/ScalarMinMax/MaxuInstruction.cs,13,"// It is distinct from vector, AMO, and Lane6 descriptor min/max surfaces; no VMX-specific path is added."
VMX,usage,HybridCPU_ISE/CloseToRTL/Core/ISA/Instructions/NonVmx/Lanes00_03Scalar/ScalarMinMax/MaxuInstruction.LocalSemantics.cs,16,"public const string LocalVmxGate = ""No VMX-specific frontend path; generic scalar legality only."";"
VMX,usage,HybridCPU_ISE/CloseToRTL/Core/ISA/Instructions/NonVmx/Lanes00_03Scalar/ScalarMinMax/MinInstruction.cs,13,"// It is distinct from vector, AMO, and Lane6 descriptor min/max surfaces; no VMX-specific path is added."
VMX,usage,HybridCPU_ISE/CloseToRTL/Core/ISA/Instructions/NonVmx/Lanes00_03Scalar/ScalarMinMax/MinInstruction.LocalSemantics.cs,16,"public const string LocalVmxGate = ""No VMX-specific frontend path; generic scalar legality only."";"
VMX,usage,HybridCPU_ISE/CloseToRTL/Core/ISA/Instructions/NonVmx/Lanes00_03Scalar/ScalarMinMax/MinuInstruction.cs,13,"// It is distinct from vector, AMO, and Lane6 descriptor min/max surfaces; no VMX-specific path is added."
VMX,usage,HybridCPU_ISE/CloseToRTL/Core/ISA/Instructions/NonVmx/Lanes00_03Scalar/ScalarMinMax/MinuInstruction.LocalSemantics.cs,16,"public const string LocalVmxGate = ""No VMX-specific frontend path; generic scalar legality only."";"
VMX,usage,HybridCPU_ISE/CloseToRTL/Core/ISA/Instructions/NonVmx/Lanes00_03Scalar/ZeroingSelect/CzeroNezInstruction.cs,18,// closed CZERO.EQZ; VMX remains a generic runtime client only.
VMX,usage,HybridCPU_ISE/CloseToRTL/Core/ISA/Instructions/NonVmx/Lanes00_03Scalar/ZeroingSelect/CzeroNezInstruction.LocalSemantics.cs,16,"public const string LocalVmxGate = ""No VMX-specific frontend path; generic legality/runtime projection only."";"
StreamEngine,usage,HybridCPU_ISE/CloseToRTL/Core/ISA/Instructions/NonVmx/Lanes00_03Vector/MatrixTile/MatrixTilePositiveGoldenArtifactManifest.cs,344,"""StreamEngine"","
VMX,mention,HybridCPU_ISE/CloseToRTL/Core/ISA/Instructions/NonVmx/Lanes00_03Vector/MatrixTile/MatrixTilePositiveGoldenArtifactManifest.cs,345,""".ISA.Instructions.Vmx."","
MemorySubsystem,usage,HybridCPU_ISE/CloseToRTL/Core/Pipeline/Assist/InterCore/MicroOpScheduler.Assist.InterCore.cs,226,"YAKSys_Hybrid_CPU.Memory.MemorySubsystem? memSub = null,"
StreamRegisterFile,mention,HybridCPU_ISE/CloseToRTL/Core/Pipeline/Assist/Runtime/AssistRuntime.cs,588,/// Explicit assist-only SRF resident/loading partition policy for lane6/DMA carriers.
StreamRegisterFile,mention,HybridCPU_ISE/CloseToRTL/Core/Pipeline/Assist/Runtime/AssistRuntime.cs,589,"/// Assist may reuse existing valid/loading SRF entries, but may not evict foreground-owned registers."
StreamRegisterFile,mention,HybridCPU_ISE/CloseToRTL/Core/Pipeline/Assist/Runtime/AssistRuntime.cs,610,/// Explicit assist-only SRF reject taxonomy.
StreamEngine,usage,HybridCPU_ISE/CloseToRTL/Core/Pipeline/Assist/Runtime/CPU_Core.Assist.cs,261,uint srfResidentBudget = YAKSys_Hybrid_CPU.Execution.StreamEngine.ResolveSrfResidentChunkBudget(
StreamEngine,usage,HybridCPU_ISE/CloseToRTL/Core/Pipeline/Assist/Runtime/CPU_Core.Assist.cs,280,return YAKSys_Hybrid_CPU.Execution.StreamEngine.ScheduleLane6AssistPrefetch(
MemorySubsystem,usage,HybridCPU_ISE/CloseToRTL/Core/Pipeline/Assist/Runtime/MicroOpScheduler.Assist.cs,168,YAKSys_Hybrid_CPU.Memory.MemorySubsystem? memSub = null)
StreamEngine,usage,HybridCPU_ISE/CloseToRTL/Core/Pipeline/ExecutionFlow/Materialization/CPU_Core.PipelineExecution.ExecuteHelpers.cs,322,"""Mainline vector/stream execution must not collapse into direct StreamEngine execution or silent continue outside the MicroOp-owned runtime contour; pipeline execution remains authoritative through the explicit MicroOp lane."","
StreamEngine,usage,HybridCPU_ISE/CloseToRTL/Core/Pipeline/ExecutionFlow/Materialization/CPU_Core.PipelineExecution.ExecuteHelpers.cs,328,"""Mainline vector/stream execution must not collapse into direct StreamEngine execution or silent continue outside the MicroOp-owned runtime contour; pipeline execution remains authoritative through the explicit MicroOp lane."","
VMX,mention,HybridCPU_ISE/CloseToRTL/Core/Pipeline/ExecutionFlow/StageFlow/CPU_Core.PipelineExecution.Types.cs,273,"Vmx = 6,"
VMX,mention,HybridCPU_ISE/CloseToRTL/Core/Pipeline/ExecutionFlow/StageFlow/CPU_Core.PipelineExecution.Types.cs,287,"Vmx = 4,"
VMX,mention,HybridCPU_ISE/CloseToRTL/Core/Pipeline/ExecutionFlow/StageFlow/CPU_Core.PipelineExecution.Types.cs,587,public static RetireWindowEffect Vmx(
VMX,mention,HybridCPU_ISE/CloseToRTL/Core/Pipeline/ExecutionFlow/StageFlow/CPU_Core.PipelineExecution.Types.cs,593,"RetireWindowEffectKind.Vmx,"
VMX,mention,HybridCPU_ISE/CloseToRTL/Core/Pipeline/ExecutionFlow/StageFlow/CPU_Core.PipelineExecution.Types.cs,885,"CaptureSingletonTypedSideEffect(laneIndex, RetireWindowTypedEffectKind.Vmx);"
VMX,mention,HybridCPU_ISE/CloseToRTL/Core/Pipeline/ExecutionFlow/StageFlow/CPU_Core.PipelineExecution.Types.cs,887,RetireWindowEffect.Vmx(
VMX,mention,HybridCPU_ISE/CloseToRTL/Core/Pipeline/ExecutionFlow/StageFlow/CPU_Core.PipelineExecution.Types.cs,983,CaptureRetireWindowSingletonTypedSideEffect(RetireWindowTypedEffectKind.Vmx);
VMX,mention,HybridCPU_ISE/CloseToRTL/Core/Pipeline/ExecutionFlow/StageFlow/CPU_Core.PipelineExecution.Types.cs,985,RetireWindowEffect.Vmx(
VMX,usage,HybridCPU_ISE/CloseToRTL/Core/Pipeline/MicroOps/Internal/InternalOp.cs,131,// Non-VMX CloseToRTL scalar bitmanip continuation.
VMX,usage,HybridCPU_ISE/CloseToRTL/Core/Pipeline/MicroOps/Internal/InternalOp.cs,188,// ── VMX compute (explicit VMX instruction surface) ───────────────────
VMX,usage,HybridCPU_ISE/CloseToRTL/Core/Pipeline/MicroOps/Internal/InternalOp.cs,244,/// VMX control / VMCS / VM-entry / VM-exit operation.
VMX,usage,HybridCPU_ISE/CloseToRTL/Core/Pipeline/MicroOps/Internal/InternalOp.cs,383,// ── VMX data-plane events ────────────────────────────────────────
InstructionIR,definition,HybridCPU_ISE/CloseToRTL/Core/Pipeline/MicroOps/IR/InstructionIR.cs,40,public sealed record InstructionIR
VMX,usage,HybridCPU_ISE/CloseToRTL/Core/Pipeline/MicroOps/IR/InstructionIR.cs,112,/// Typed VMX-v2 operand/qualification sideband. VMX execution remains
DmaStreamComputeMicroOp,definition,HybridCPU_ISE/CloseToRTL/Core/Pipeline/MicroOps/Lane6DmaStream/DmaStreamComputeMicroOp.cs,16,public sealed class DmaStreamComputeMicroOp : MicroOp
StreamEngine,usage,HybridCPU_ISE/CloseToRTL/Core/Pipeline/MicroOps/Lane6DmaStream/DmaStreamComputeMicroOp.cs,225,"""DmaStreamComputeMicroOp production execution rejects descriptors outside the Phase 06 DSC1 contour and fails closed without StreamEngine or DMAController fallback."");"
VMX,usage,HybridCPU_ISE/CloseToRTL/Core/Pipeline/MicroOps/Lane6DmaStream/DmaStreamComputeMicroOp.cs,262,"""Guest Lane6 compatibility execution is fail-closed: no runtime-owned DMA domain binding is admitted for the frozen VMX frontend."");"
SystemDeviceCommandMicroOp,definition,HybridCPU_ISE/CloseToRTL/Core/Pipeline/MicroOps/Lane7Accelerator/SystemDeviceCommandMicroOp.cs,32,public abstract class SystemDeviceCommandMicroOp : MicroOp
VMX,usage,HybridCPU_ISE/CloseToRTL/Core/Pipeline/MicroOps/Lane7Accelerator/SystemDeviceCommandMicroOp.cs,255,"""Guest Lane7 compatibility execution is fail-closed: no runtime-owned Lane7 domain binding is admitted for the frozen VMX frontend."");"
ACCEL,usage,HybridCPU_ISE/CloseToRTL/Core/Pipeline/MicroOps/Lane7Accelerator/SystemDeviceCommandMicroOp.cs,28,/// current production contour plus the Phase 08A ACCEL_STATUS contour.
ACCEL,usage,HybridCPU_ISE/CloseToRTL/Core/Pipeline/MicroOps/Lane7Accelerator/SystemDeviceCommandMicroOp.cs,199,"""ACCEL_SUBMIT execution requires a guard-backed AcceleratorCommandDescriptor sideband from native lane7 decode; descriptorless raw factory execution remains fail-closed."");"
ACCEL,usage,HybridCPU_ISE/CloseToRTL/Core/Pipeline/MicroOps/Lane7Accelerator/SystemDeviceCommandMicroOp.cs,365,"Processor.CPU_Core.IsaOpcodeValues.ACCEL_QUERY_CAPS,"
ACCEL,usage,HybridCPU_ISE/CloseToRTL/Core/Pipeline/MicroOps/Lane7Accelerator/SystemDeviceCommandMicroOp.cs,379,"Processor.CPU_Core.IsaOpcodeValues.ACCEL_SUBMIT,"
ACCEL,usage,HybridCPU_ISE/CloseToRTL/Core/Pipeline/MicroOps/Lane7Accelerator/SystemDeviceCommandMicroOp.cs,390,"Processor.CPU_Core.IsaOpcodeValues.ACCEL_SUBMIT,"
ACCEL,usage,HybridCPU_ISE/CloseToRTL/Core/Pipeline/MicroOps/Lane7Accelerator/SystemDeviceCommandMicroOp.cs,405,"""ACCEL_SUBMIT admission requires guard-backed owner/domain evidence. "" +"
ACCEL,usage,HybridCPU_ISE/CloseToRTL/Core/Pipeline/MicroOps/Lane7Accelerator/SystemDeviceCommandMicroOp.cs,424,"Processor.CPU_Core.IsaOpcodeValues.ACCEL_POLL,"
ACCEL,usage,HybridCPU_ISE/CloseToRTL/Core/Pipeline/MicroOps/Lane7Accelerator/SystemDeviceCommandMicroOp.cs,439,"Processor.CPU_Core.IsaOpcodeValues.ACCEL_WAIT,"
ACCEL,usage,HybridCPU_ISE/CloseToRTL/Core/Pipeline/MicroOps/Lane7Accelerator/SystemDeviceCommandMicroOp.cs,454,"Processor.CPU_Core.IsaOpcodeValues.ACCEL_STATUS,"
ACCEL,usage,HybridCPU_ISE/CloseToRTL/Core/Pipeline/MicroOps/Lane7Accelerator/SystemDeviceCommandMicroOp.cs,469,"Processor.CPU_Core.IsaOpcodeValues.ACCEL_CANCEL,"
ACCEL,usage,HybridCPU_ISE/CloseToRTL/Core/Pipeline/MicroOps/Lane7Accelerator/SystemDeviceCommandMicroOp.cs,484,"Processor.CPU_Core.IsaOpcodeValues.ACCEL_FENCE,"
MemorySubsystem,usage,HybridCPU_ISE/CloseToRTL/Core/Pipeline/MicroOps/Memory/MicroOp.LoadStore.cs,174,private YAKSys_Hybrid_CPU.Memory.MemorySubsystem.MemoryRequestToken? _requestToken;
MemorySubsystem,usage,HybridCPU_ISE/CloseToRTL/Core/Pipeline/MicroOps/Memory/MicroOp.LoadStore.cs,257,"// If MemorySubsystem is available, use async interface"
MemorySubsystem,usage,HybridCPU_ISE/CloseToRTL/Core/Pipeline/MicroOps/Memory/MicroOp.LoadStore.cs,287,// Fallback to synchronous implementation if MemorySubsystem is not available
MemorySubsystem,usage,HybridCPU_ISE/CloseToRTL/Core/Pipeline/MicroOps/Memory/MicroOp.LoadStore.cs,386,private YAKSys_Hybrid_CPU.Memory.MemorySubsystem.MemoryRequestToken? _requestToken;
MemorySubsystem,usage,HybridCPU_ISE/CloseToRTL/Core/Pipeline/MicroOps/Memory/MicroOp.LoadStore.cs,473,"// If MemorySubsystem is available, use async interface"
MemorySubsystem,usage,HybridCPU_ISE/CloseToRTL/Core/Pipeline/MicroOps/Memory/MicroOp.LoadStore.cs,515,// Fallback to synchronous implementation if MemorySubsystem is not available
MicroOpClass,definition,HybridCPU_ISE/CloseToRTL/Core/Pipeline/MicroOps/Types/MicroOp.cs,14,public enum MicroOpClass
MicroOp,definition,HybridCPU_ISE/CloseToRTL/Core/Pipeline/MicroOps/Types/MicroOp.cs,338,public abstract class MicroOp
ACCEL,usage,HybridCPU_ISE/CloseToRTL/Core/Pipeline/MicroOps/Types/MicroOp.cs,89,private const int ACCEL_BASE = 59;        // Bits 59-62: Custom accelerators (4 accelerators)
ACCEL,usage,HybridCPU_ISE/CloseToRTL/Core/Pipeline/MicroOps/Types/MicroOp.cs,221,"return new ResourceBitset(1UL << (ACCEL_BASE + accelId), 0);"
VMX,usage,HybridCPU_ISE/CloseToRTL/Core/Pipeline/MicroOps/Types/MicroOp.IO.cs,125,// VmxMicroOp — Blueprint Step 2 (VMX instruction plane)
VMX,usage,HybridCPU_ISE/CloseToRTL/Core/Pipeline/MicroOps/Types/MicroOp.IO.cs,129,/// MicroOp that publishes a fail-closed typed effect for a frozen VMX opcode.
VMX,usage,HybridCPU_ISE/CloseToRTL/Core/Pipeline/MicroOps/Types/MicroOp.IO.cs,131,"/// All VMX instructions are fully serialised (<see cref=""Arch.SerializationClass.VmxSerial""/>)"
VMX,usage,HybridCPU_ISE/CloseToRTL/Core/Pipeline/MicroOps/Types/MicroOp.IO.cs,143,/// <summary>Decoded instruction IR forwarded to the VMX execution unit.</summary>
VMX,mention,HybridCPU_ISE/CloseToRTL/Core/Pipeline/MicroOps/Types/MicroOp.IO.cs,160,InstructionClass = Arch.InstructionClass.Vmx;
VMX,usage,HybridCPU_ISE/CloseToRTL/Core/Pipeline/MicroOps/Types/MicroOp.IO.cs,163,// VMX instructions are pinned to the system-singleton slot (lane 7)
VMX,usage,HybridCPU_ISE/CloseToRTL/Core/Pipeline/MicroOps/Types/MicroOp.IO.cs,178,"$""Unknown frozen VMX opcode {Arch.OpcodeRegistry.GetMnemonicOrHex(instr.CanonicalOpcode.Value)}."");"
VMX,usage,HybridCPU_ISE/CloseToRTL/Core/Pipeline/MicroOps/Types/MicroOp.IO.cs,188,"$""VMX: OpCode=0x{OpCode:X} ({Arch.OpcodeRegistry.GetMnemonicOrHex(OpCode)})"";"
VMX,mention,HybridCPU_ISE/CloseToRTL/Core/Pipeline/MicroOps/Types/MicroOp.IO.cs,287,"Class = Arch.InstructionClass.Vmx,"
StreamEngine,usage,HybridCPU_ISE/CloseToRTL/Core/Pipeline/MicroOps/Vector/MicroOp.Compute.cs,152,// Memory ranges will be populated by StreamEngine during execution
StreamEngine,usage,HybridCPU_ISE/CloseToRTL/Core/Pipeline/MicroOps/Vector/MicroOp.Compute.cs,179,// Memory ranges will be determined by StreamEngine based on addressing mode
StreamEngine,usage,HybridCPU_ISE/CloseToRTL/Core/Pipeline/MicroOps/Vector/MicroOp.Compute.cs,195,// Delegate to StreamEngine for execution
StreamEngine,usage,HybridCPU_ISE/CloseToRTL/Core/Pipeline/MicroOps/Vector/MicroOp.Compute.cs,198,"YAKSys_Hybrid_CPU.Execution.StreamEngine.Execute(ref core, Instruction, vtId);"
VectorALU,usage,HybridCPU_ISE/CloseToRTL/Core/Pipeline/MicroOps/Vector/MicroOp.Compute.cs,210,"return $""VectorALU: OpCode={OpCode}, StreamLength={Instruction.StreamLength}"";"
VectorALU,usage,HybridCPU_ISE/CloseToRTL/Core/Pipeline/MicroOps/Vector/VectorMicroOps.Compute.cs,144,// Delegate to VectorALU for type-agnostic computation
VectorALU,usage,HybridCPU_ISE/CloseToRTL/Core/Pipeline/MicroOps/Vector/VectorMicroOps.Compute.cs,145,VectorALU.ApplyBinary(
VectorALU,usage,HybridCPU_ISE/CloseToRTL/Core/Pipeline/MicroOps/Vector/VectorMicroOps.Compute.cs,299,VectorALU.ApplyUnary(
VectorALU,usage,HybridCPU_ISE/CloseToRTL/Core/Pipeline/MicroOps/Vector/VectorMicroOps.Compute.cs,453,VectorALU.ApplyFMA(
VectorALU,usage,HybridCPU_ISE/CloseToRTL/Core/Pipeline/MicroOps/Vector/VectorMicroOps.Compute.cs,654,VectorALU.ApplyReduction(
VectorALU,usage,HybridCPU_ISE/CloseToRTL/Core/Pipeline/MicroOps/Vector/VectorMicroOps.Compute.cs,821,_pendingChunkResultMask = VectorALU.ApplyComparison(
VectorALU,usage,HybridCPU_ISE/CloseToRTL/Core/Pipeline/MicroOps/Vector/VectorMicroOps.Compute.cs,935,VectorALU.ApplyMaskBinary(
VectorALU,usage,HybridCPU_ISE/CloseToRTL/Core/Pipeline/MicroOps/Vector/VectorMicroOps.Compute.cs,940,VectorALU.ApplyMaskBinary(
VectorALU,usage,HybridCPU_ISE/CloseToRTL/Core/Pipeline/MicroOps/Vector/VectorMicroOps.Compute.cs,945,VectorALU.ApplyMaskBinary(
VectorALU,usage,HybridCPU_ISE/CloseToRTL/Core/Pipeline/MicroOps/Vector/VectorMicroOps.Compute.cs,950,"VectorALU.ApplyMaskUnary(OpCode, mask1),"
VectorALU,usage,HybridCPU_ISE/CloseToRTL/Core/Pipeline/MicroOps/Vector/VectorMicroOps.Compute.cs,971,"return VectorALU.ApplyMaskSetBeforeFirst(mask, vl);"
VectorALU,usage,HybridCPU_ISE/CloseToRTL/Core/Pipeline/MicroOps/Vector/VectorMicroOps.Compute.cs,1027,"_result = VectorALU.MaskPopCount(core.GetPredicateRegister(srcPred), vl);"
BurstIO,usage,HybridCPU_ISE/CloseToRTL/Core/Pipeline/MicroOps/Vector/VectorMicroOps.Compute.cs,127,// Use BurstIO for memory transfers
BurstIO,usage,HybridCPU_ISE/CloseToRTL/Core/Pipeline/MicroOps/Vector/VectorMicroOps.Compute.cs,128,"YAKSys_Hybrid_CPU.Execution.BurstIO.BurstRead(ptrA, bufA, chunkSize, elemSize, stride);"
BurstIO,usage,HybridCPU_ISE/CloseToRTL/Core/Pipeline/MicroOps/Vector/VectorMicroOps.Compute.cs,129,"YAKSys_Hybrid_CPU.Execution.BurstIO.BurstRead(ptrB, bufB, chunkSize, elemSize, stride);"
BurstIO,usage,HybridCPU_ISE/CloseToRTL/Core/Pipeline/MicroOps/Vector/VectorMicroOps.Compute.cs,170,// Use BurstIO for memory transfers
BurstIO,usage,HybridCPU_ISE/CloseToRTL/Core/Pipeline/MicroOps/Vector/VectorMicroOps.Compute.cs,171,"YAKSys_Hybrid_CPU.Execution.BurstIO.BurstWrite(ptrDst, bufDst, chunkSize, elemSize, stride);"
BurstIO,usage,HybridCPU_ISE/CloseToRTL/Core/Pipeline/MicroOps/Vector/VectorMicroOps.Compute.cs,285,"YAKSys_Hybrid_CPU.Execution.BurstIO.BurstRead(ptr, bufSrc, chunkSize, elemSize, stride);"
BurstIO,usage,HybridCPU_ISE/CloseToRTL/Core/Pipeline/MicroOps/Vector/VectorMicroOps.Compute.cs,320,"YAKSys_Hybrid_CPU.Execution.BurstIO.BurstWrite(ptr, bufDst, chunkSize, elemSize, stride);"
BurstIO,usage,HybridCPU_ISE/CloseToRTL/Core/Pipeline/MicroOps/Vector/VectorMicroOps.Compute.cs,441,"YAKSys_Hybrid_CPU.Execution.BurstIO.BurstRead(ptrDst, bufDst, chunkSize, elemSize, (ushort)destStride);"
BurstIO,usage,HybridCPU_ISE/CloseToRTL/Core/Pipeline/MicroOps/Vector/VectorMicroOps.Compute.cs,442,"YAKSys_Hybrid_CPU.Execution.BurstIO.BurstRead(ptrSrcA, bufSrcA, chunkSize, elemSize, _srcAStride);"
BurstIO,usage,HybridCPU_ISE/CloseToRTL/Core/Pipeline/MicroOps/Vector/VectorMicroOps.Compute.cs,443,"YAKSys_Hybrid_CPU.Execution.BurstIO.BurstRead(ptrSrcB, bufSrcB, chunkSize, elemSize, _srcBStride);"
BurstIO,usage,HybridCPU_ISE/CloseToRTL/Core/Pipeline/MicroOps/Vector/VectorMicroOps.Compute.cs,474,"YAKSys_Hybrid_CPU.Execution.BurstIO.BurstWrite(ptrDst, bufDst, chunkSize, elemSize, (ushort)destStride);"
BurstIO,usage,HybridCPU_ISE/CloseToRTL/Core/Pipeline/MicroOps/Vector/VectorMicroOps.Compute.cs,510,"YAKSys_Hybrid_CPU.Execution.BurstIO.BurstRead(descriptorAddr, descBuf, 1, 20, 20);"
BurstIO,usage,HybridCPU_ISE/CloseToRTL/Core/Pipeline/MicroOps/Vector/VectorMicroOps.Compute.cs,644,"YAKSys_Hybrid_CPU.Execution.BurstIO.BurstRead(ptr, bufSrc, _totalElements, elemSize, stride);"
BurstIO,usage,HybridCPU_ISE/CloseToRTL/Core/Pipeline/MicroOps/Vector/VectorMicroOps.Compute.cs,673,"YAKSys_Hybrid_CPU.Execution.BurstIO.BurstWrite(ptrDst, bufDst, 1, elemSize, (ushort)elemSize);"
BurstIO,usage,HybridCPU_ISE/CloseToRTL/Core/Pipeline/MicroOps/Vector/VectorMicroOps.Compute.cs,811,"YAKSys_Hybrid_CPU.Execution.BurstIO.BurstRead(ptrA, bufA, chunkSize, elemSize, stride);"
BurstIO,usage,HybridCPU_ISE/CloseToRTL/Core/Pipeline/MicroOps/Vector/VectorMicroOps.Compute.cs,812,"YAKSys_Hybrid_CPU.Execution.BurstIO.BurstRead(ptrB, bufB, chunkSize, elemSize, stride);"
VectorMicroOp,definition,HybridCPU_ISE/CloseToRTL/Core/Pipeline/MicroOps/Vector/VectorMicroOps.cs,22,public abstract class VectorMicroOp : MicroOp
StreamEngine,usage,HybridCPU_ISE/CloseToRTL/Core/Pipeline/MicroOps/Vector/VectorMicroOps.cs,17,/// - Decouple vector operation logic from monolithic StreamEngine
StreamEngine,usage,HybridCPU_ISE/CloseToRTL/Core/Pipeline/MicroOps/Vector/VectorMicroOps.cs,20,/// - Maintain same semantics as original StreamEngine
VectorALU,usage,HybridCPU_ISE/CloseToRTL/Core/Pipeline/MicroOps/Vector/VectorMicroOps.cs,36,"Computing,       // Executing operation in VectorALU"
VectorALU,usage,HybridCPU_ISE/CloseToRTL/Core/Pipeline/MicroOps/Vector/VectorMicroOps.cs,209,/// 3. Compute result via VectorALU
VectorTransferMicroOp,definition,HybridCPU_ISE/CloseToRTL/Core/Pipeline/MicroOps/Vector/VectorMicroOps.Data.cs,723,public sealed class VectorTransferMicroOp : VectorMicroOp
StreamEngine,usage,HybridCPU_ISE/CloseToRTL/Core/Pipeline/MicroOps/Vector/VectorMicroOps.Data.cs,717,// These classes implement the gradual migration of StreamEngine logic into micro-operations
StreamEngine,usage,HybridCPU_ISE/CloseToRTL/Core/Pipeline/MicroOps/Vector/VectorMicroOps.Data.cs,721,/// through the StreamEngine but now must carry explicit WB retire authority.
VectorALU,usage,HybridCPU_ISE/CloseToRTL/Core/Pipeline/MicroOps/Vector/VectorMicroOps.Data.cs,126,// Use VectorALU.ApplyPermute for permutation logic
VectorALU,usage,HybridCPU_ISE/CloseToRTL/Core/Pipeline/MicroOps/Vector/VectorMicroOps.Data.cs,127,VectorALU.ApplyPermute(
VectorALU,usage,HybridCPU_ISE/CloseToRTL/Core/Pipeline/MicroOps/Vector/VectorMicroOps.Data.cs,276,VectorALU.ApplySlideUp(
VectorALU,usage,HybridCPU_ISE/CloseToRTL/Core/Pipeline/MicroOps/Vector/VectorMicroOps.Data.cs,290,VectorALU.ApplySlideDown(
VectorALU,usage,HybridCPU_ISE/CloseToRTL/Core/Pipeline/MicroOps/Vector/VectorMicroOps.Data.cs,454,VectorALU.ApplyCompress(
VectorALU,usage,HybridCPU_ISE/CloseToRTL/Core/Pipeline/MicroOps/Vector/VectorMicroOps.Data.cs,465,VectorALU.ApplyExpand(
VectorALU,usage,HybridCPU_ISE/CloseToRTL/Core/Pipeline/MicroOps/Vector/VectorMicroOps.Data.cs,641,VectorALU.ApplyDotProduct(
BurstIO,usage,HybridCPU_ISE/CloseToRTL/Core/Pipeline/MicroOps/Vector/VectorMicroOps.Data.cs,112,"YAKSys_Hybrid_CPU.Execution.BurstIO.BurstRead(ptrSrc, bufSrc, _totalElements, elemSize, stride);"
BurstIO,usage,HybridCPU_ISE/CloseToRTL/Core/Pipeline/MicroOps/Vector/VectorMicroOps.Data.cs,113,"YAKSys_Hybrid_CPU.Execution.BurstIO.BurstRead(ptrIndex, bufIndex, _totalElements, elemSize, stride);"
BurstIO,usage,HybridCPU_ISE/CloseToRTL/Core/Pipeline/MicroOps/Vector/VectorMicroOps.Data.cs,116,"YAKSys_Hybrid_CPU.Execution.BurstIO.BurstRead(ptrSrc, bufDst, _totalElements, elemSize, stride);"
BurstIO,usage,HybridCPU_ISE/CloseToRTL/Core/Pipeline/MicroOps/Vector/VectorMicroOps.Data.cs,149,"YAKSys_Hybrid_CPU.Execution.BurstIO.BurstWrite(ptrDst, bufDst, _totalElements, elemSize, stride);"
BurstIO,usage,HybridCPU_ISE/CloseToRTL/Core/Pipeline/MicroOps/Vector/VectorMicroOps.Data.cs,258,"YAKSys_Hybrid_CPU.Execution.BurstIO.BurstRead(ptrSrc, bufSrc, _totalElements, elemSize, stride);"
BurstIO,usage,HybridCPU_ISE/CloseToRTL/Core/Pipeline/MicroOps/Vector/VectorMicroOps.Data.cs,261,"YAKSys_Hybrid_CPU.Execution.BurstIO.BurstRead(ptrSrc, bufDst, _totalElements, elemSize, stride);"
BurstIO,usage,HybridCPU_ISE/CloseToRTL/Core/Pipeline/MicroOps/Vector/VectorMicroOps.Data.cs,313,"YAKSys_Hybrid_CPU.Execution.BurstIO.BurstWrite(ptrDst, bufDst, _totalElements, elemSize, stride);"
BurstIO,usage,HybridCPU_ISE/CloseToRTL/Core/Pipeline/MicroOps/Vector/VectorMicroOps.Data.cs,437,"YAKSys_Hybrid_CPU.Execution.BurstIO.BurstRead(ptr, bufSrc, _totalElements, elemSize, stride);"
BurstIO,usage,HybridCPU_ISE/CloseToRTL/Core/Pipeline/MicroOps/Vector/VectorMicroOps.Data.cs,492,"YAKSys_Hybrid_CPU.Execution.BurstIO.BurstWrite(ptr, bufDst, _totalElements, elemSize, stride);"
BurstIO,usage,HybridCPU_ISE/CloseToRTL/Core/Pipeline/MicroOps/Vector/VectorMicroOps.Data.cs,629,"YAKSys_Hybrid_CPU.Execution.BurstIO.BurstRead(ptrA, bufA, _totalElements, elemSize, stride);"
BurstIO,usage,HybridCPU_ISE/CloseToRTL/Core/Pipeline/MicroOps/Vector/VectorMicroOps.Data.cs,630,"YAKSys_Hybrid_CPU.Execution.BurstIO.BurstRead(ptrB, bufB, _totalElements, elemSize, stride);"
BurstIO,usage,HybridCPU_ISE/CloseToRTL/Core/Pipeline/MicroOps/Vector/VectorMicroOps.Data.cs,665,YAKSys_Hybrid_CPU.Execution.BurstIO.BurstWrite(
BurstIO,usage,HybridCPU_ISE/CloseToRTL/Core/Pipeline/MicroOps/Vector/VectorMicroOps.Data.cs,798,YAKSys_Hybrid_CPU.Execution.BurstIO.BurstRead(
BurstIO,usage,HybridCPU_ISE/CloseToRTL/Core/Pipeline/MicroOps/Vector/VectorMicroOps.Data.cs,804,YAKSys_Hybrid_CPU.Execution.BurstIO.BurstWrite(
BurstIO,usage,HybridCPU_ISE/CloseToRTL/Core/Pipeline/MicroOps/Vector/VectorMicroOps.Data.cs,865,/// Initiates BurstIO.Read and manages async memory request tokens.
MemorySubsystem,usage,HybridCPU_ISE/CloseToRTL/Core/Pipeline/MicroOps/Vector/VectorMicroOps.Data.cs,870,/// - Uses async MemorySubsystem for burst transfers
VectorALU,usage,HybridCPU_ISE/CloseToRTL/Core/Pipeline/MicroOps/Vector/VectorMicroOps.DotWide.cs,74,VectorALU.ApplyDotProduct(
GatherMicroOp,definition,HybridCPU_ISE/CloseToRTL/Core/Pipeline/MicroOps/Vector/VectorMicroOps.Memory.cs,168,public class GatherMicroOp : VectorMicroOp
StoreScatterMicroOp,definition,HybridCPU_ISE/CloseToRTL/Core/Pipeline/MicroOps/Vector/VectorMicroOps.Memory.cs,884,public class StoreScatterMicroOp : VectorMicroOp
BurstIO,usage,HybridCPU_ISE/CloseToRTL/Core/Pipeline/MicroOps/Vector/VectorMicroOps.Memory.cs,53,// Initiate async load using BurstIO
BurstIO,usage,HybridCPU_ISE/CloseToRTL/Core/Pipeline/MicroOps/Vector/VectorMicroOps.Memory.cs,68,YAKSys_Hybrid_CPU.Execution.BurstIO.BurstRead(
BurstIO,usage,HybridCPU_ISE/CloseToRTL/Core/Pipeline/MicroOps/Vector/VectorMicroOps.Memory.cs,141,"// For now, delegate to BurstIO.BurstRead2D"
BurstIO,usage,HybridCPU_ISE/CloseToRTL/Core/Pipeline/MicroOps/Vector/VectorMicroOps.Memory.cs,143,YAKSys_Hybrid_CPU.Execution.BurstIO.BurstRead2D(
BurstIO,usage,HybridCPU_ISE/CloseToRTL/Core/Pipeline/MicroOps/Vector/VectorMicroOps.Memory.cs,425,BurstIO.BurstRead(
BurstIO,usage,HybridCPU_ISE/CloseToRTL/Core/Pipeline/MicroOps/Vector/VectorMicroOps.Memory.cs,534,BurstIO.BurstRead(
BurstIO,usage,HybridCPU_ISE/CloseToRTL/Core/Pipeline/MicroOps/Vector/VectorMicroOps.Memory.cs,773,// Initiate async write using BurstIO
BurstIO,usage,HybridCPU_ISE/CloseToRTL/Core/Pipeline/MicroOps/Vector/VectorMicroOps.Memory.cs,788,YAKSys_Hybrid_CPU.Execution.BurstIO.BurstWrite(
BurstIO,usage,HybridCPU_ISE/CloseToRTL/Core/Pipeline/MicroOps/Vector/VectorMicroOps.Memory.cs,859,// Use BurstIO for 2D store
BurstIO,usage,HybridCPU_ISE/CloseToRTL/Core/Pipeline/MicroOps/Vector/VectorMicroOps.Memory.cs,861,YAKSys_Hybrid_CPU.Execution.BurstIO.BurstWrite2D(
BurstIO,usage,HybridCPU_ISE/CloseToRTL/Core/Pipeline/MicroOps/Vector/VectorMicroOps.Memory.cs,1135,BurstIO.BurstRead(
BurstIO,usage,HybridCPU_ISE/CloseToRTL/Core/Pipeline/MicroOps/Vector/VectorMicroOps.Memory.cs,1244,BurstIO.BurstRead(
MemorySubsystem,usage,HybridCPU_ISE/CloseToRTL/Core/Pipeline/MicroOps/Vector/VectorMicroOps.Memory.cs,15,private YAKSys_Hybrid_CPU.Memory.MemorySubsystem.MemoryRequestToken? _requestToken;
MemorySubsystem,usage,HybridCPU_ISE/CloseToRTL/Core/Pipeline/MicroOps/Vector/VectorMicroOps.Memory.cs,106,private YAKSys_Hybrid_CPU.Memory.MemorySubsystem.MemoryRequestToken? _requestToken;
MemorySubsystem,usage,HybridCPU_ISE/CloseToRTL/Core/Pipeline/MicroOps/Vector/VectorMicroOps.Memory.cs,724,private YAKSys_Hybrid_CPU.Memory.MemorySubsystem.MemoryRequestToken? _requestToken;
VectorALU,usage,HybridCPU_ISE/CloseToRTL/Core/Pipeline/MicroOps/Vector/VectorMicroOps.Saturating.cs,86,VectorALU.ApplySaturatingAddElement(
VectorALU,usage,HybridCPU_ISE/CloseToRTL/Core/Pipeline/MicroOps/Vector/VectorMicroOps.Scan.cs,78,VectorALU.ApplyScanSumElement(
VMX,mention,HybridCPU_ISE/CloseToRTL/Core/Pipeline/Retire/Evidence/CPU_Core.PipelineExecution.Retire.cs,361,if (retireEffect.Kind != RetireWindowEffectKind.Vmx)
VMX,usage,HybridCPU_ISE/CloseToRTL/Core/Pipeline/Retire/Evidence/CPU_Core.PipelineExecution.VmxRetire.cs,97,"""VMX retire outcome requested an architectural writeback to x0."");"
VMX,usage,HybridCPU_ISE/CloseToRTL/Core/Pipeline/Retire/Evidence/CPU_Core.PipelineExecution.VmxRetire.cs,104,"""VMX retire outcome published both an explicit writeback and a restored stack pointer for x2."");"
MemorySubsystem,usage,HybridCPU_ISE/CloseToRTL/Core/Pipeline/Retire/Rollback/CPU_Core.GRLB.cs,532,"/// <param name=""hardwareOccupancy"">Occupancy mask from MemorySubsystem.GetHardwareOccupancyMask128()</param>"
StreamRegisterFile,usage,HybridCPU_ISE/CloseToRTL/Core/Pipeline/Scheduling/Backpressure/MicroOpScheduler.AssistBackpressure.cs,69,StreamRegisterFile? streamRegisterFile = memSub?.StreamRegisters;
MemorySubsystem,usage,HybridCPU_ISE/CloseToRTL/Core/Pipeline/Scheduling/Backpressure/MicroOpScheduler.AssistBackpressure.cs,30,MemorySubsystem? memSub = null)
MemorySubsystem,usage,HybridCPU_ISE/CloseToRTL/Core/Pipeline/Scheduling/Backpressure/MicroOpScheduler.AssistBackpressure.cs,67,MemorySubsystem? memSub = null)
MemorySubsystem,usage,HybridCPU_ISE/CloseToRTL/Core/Pipeline/Scheduling/BundlePacking/MicroOpScheduler.PackBundle.cs,38,"YAKSys_Hybrid_CPU.Memory.MemorySubsystem? memSub = null,"
MemorySubsystem,usage,HybridCPU_ISE/CloseToRTL/Core/Pipeline/Scheduling/MicroOpScheduler.cs,42,/// - globalHardwareMask (from MemorySubsystem.GetHardwareOccupancyMask128)
SlotClass,definition,HybridCPU_ISE/CloseToRTL/Core/Pipeline/Scheduling/SlotLegality/SlotClassDefinitions.cs,17,public enum SlotClass : byte
StreamRegisterFile,mention,HybridCPU_ISE/CloseToRTL/Core/Pipeline/Scheduling/SlotLegality/SlotClassDefinitions.cs,134,/// memory assist before it could borrow shared outer-cap/MSHR/SRF pressure.
MemorySubsystem,usage,HybridCPU_ISE/CloseToRTL/Core/Pipeline/Scheduling/Smt/MicroOpScheduler.SMT.cs,38,YAKSys_Hybrid_CPU.Memory.MemorySubsystem? memSub = null)
StreamEngine,usage,HybridCPU_ISE/CloseToRTL/Core/Pipeline/Stages/Issue/CPU_Core.Pipeline.cs,456,/// Called by StreamEngine after a double-buffered execution completes.
MemorySubsystem,usage,HybridCPU_ISE/CloseToRTL/Core/Pipeline/Stages/Memory/CPU_Core.Pipeline.Stages.ScalarMemoryLaneState.cs,56,public YAKSys_Hybrid_CPU.Memory.MemorySubsystem.MemoryRequestToken? PendingMemoryRequest;
VMX,usage,HybridCPU_ISE/CloseToRTL/Core/Runtime/Domains/SecureCompute/Policies/Backend/SecureBackendOwnerAdmissionPolicy.cs,66,"""Secure backend owner proof cannot be sourced from compatibility projection, VMX, VMCS or VmxCaps vocabulary."");"
VMX,usage,HybridCPU_ISE/CloseToRTL/Core/Virtualization/Compatibility/Adapters/IO/IommuVmxCompatibilityAliases.cs,1,// Description: Frozen VMX I/O aliases retained as denied compatibility vocabulary only.
VMX,usage,HybridCPU_ISE/CloseToRTL/Core/Virtualization/Compatibility/Frontend/Decode/VmxCompatDecodeBoundary.cs,49,"""Opcode is not part of the frozen VMX compatibility frontend."");"
VMX,usage,HybridCPU_ISE/CloseToRTL/Core/Virtualization/Compatibility/Frontend/Decode/VmxCompatDecodeBoundary.cs,56,"""VMX compatibility decode requires descriptor validation."");"
VMX,usage,HybridCPU_ISE/CloseToRTL/Core/Virtualization/Compatibility/Frontend/Decode/VmxCompatDecodeBoundary.cs,63,"""VMX compatibility decode requires capability validation."");"
VMX,usage,HybridCPU_ISE/CloseToRTL/Core/Virtualization/Compatibility/Frontend/Decode/VmxCompatDecodeBoundary.cs,70,"""VMX compatibility decode requires scheduling validation."");"
VMX,usage,HybridCPU_ISE/CloseToRTL/Core/Virtualization/Compatibility/Frontend/Decode/VmxCompatDecodeBoundary.cs,77,"""VMX compatibility decode requires no-emission validation."");"
VMX,mention,HybridCPU_ISE/CloseToRTL/Core/Virtualization/Compatibility/Frontend/Decode/VmxInstructionPayload.cs,2,using YAKSys_Hybrid_CPU.Core.Vmx;
VMX,usage,HybridCPU_ISE/CloseToRTL/Core/Virtualization/Compatibility/Frontend/Handlers/VmxCompatFrontend.cs,31,"new(VmxCompatFrontendAdmissionDecision.Allowed, ""VMX compatibility frontend admission allowed."");"
VMX,usage,HybridCPU_ISE/CloseToRTL/Core/Virtualization/Compatibility/Frontend/Handlers/VmxCompatFrontend.cs,48,"""VMX compatibility frontend requires decode-boundary validation."");"
VMX,usage,HybridCPU_ISE/CloseToRTL/Core/Virtualization/Compatibility/Frontend/Handlers/VmxCompatFrontend.cs,55,"""VMX compatibility frontend requires projection-boundary validation."");"
VMX,usage,HybridCPU_ISE/CloseToRTL/Core/Virtualization/Compatibility/Frontend/Handlers/VmxCompatFrontend.cs,62,"""VMX compatibility frontend requires retire-boundary validation."");"
VMX,usage,HybridCPU_ISE/CloseToRTL/Core/Virtualization/Compatibility/Frontend/Handlers/VmxCompatFrontend.cs,69,"""VMX compatibility frontend requires descriptor validation."");"
VMX,usage,HybridCPU_ISE/CloseToRTL/Core/Virtualization/Compatibility/Frontend/Handlers/VmxCompatFrontend.cs,76,"""VMX compatibility frontend requires capability validation."");"
VMX,usage,HybridCPU_ISE/CloseToRTL/Core/Virtualization/Compatibility/Frontend/Handlers/VmxCompatFrontend.cs,83,"""VMX compatibility frontend requires runtime-owned authority validation."");"
VMX,usage,HybridCPU_ISE/CloseToRTL/Core/Virtualization/Compatibility/Frontend/Handlers/VmxCompatFrontend.cs,90,"""VMX compatibility frontend cannot make compatibility projection state authoritative."");"
VMX,usage,HybridCPU_ISE/CloseToRTL/Core/Virtualization/Compatibility/Frontend/Projection/VmcsRead/VmcsReadOnlyValueProjectionService.cs,114,"""Compatibility-control VMREAD values are intentionally denied: the neutral CompatibilityControlDescriptor exposes fail-closed semantics, but no frozen VMX control-bit value projection contract is admitted in this slice."");"
VMX,usage,HybridCPU_ISE/CloseToRTL/Core/Virtualization/Compatibility/Frontend/Retire/DomainEpochTracker.cs,14,/// retired VMX outcomes. It does not own live VMX semantics.
VMX,usage,HybridCPU_ISE/CloseToRTL/Core/Virtualization/Compatibility/Frontend/Retire/DomainEpochTracker.cs,28,"/// The VMX event kind that triggered the most-recent epoch bump,"
VMX,usage,HybridCPU_ISE/CloseToRTL/Core/Virtualization/Compatibility/Frontend/Retire/DomainEpochTracker.cs,35,/// Returns <c>true</c> when the given VMX event constitutes an epoch boundary.
VMX,usage,HybridCPU_ISE/CloseToRTL/Core/Virtualization/Compatibility/Frontend/Retire/VmxCompatRetireBoundary.cs,72,"""Faulted VMX retire effects must publish a typed VMFail or VMAbort outcome."");"
VMX,usage,HybridCPU_ISE/CloseToRTL/Core/Virtualization/Compatibility/FrozenAbi/OperandForms/VmxInvalidationScope.cs,37,"new(VmxInvalidationScopeAdmissionDecision.Allowed, ""VMX invalidation scope admission allowed."");"
VMX,usage,HybridCPU_ISE/CloseToRTL/Core/Virtualization/Compatibility/FrozenAbi/OperandForms/VmxInvalidationScope.cs,54,"""VMX invalidation scope is not a supported frozen ABI alias."");"
VMX,usage,HybridCPU_ISE/CloseToRTL/Core/Virtualization/Compatibility/FrozenAbi/OperandForms/VmxInvalidationScope.cs,61,"""VMX invalidation requires descriptor validation."");"
VMX,usage,HybridCPU_ISE/CloseToRTL/Core/Virtualization/Compatibility/FrozenAbi/OperandForms/VmxInvalidationScope.cs,68,"""VMX invalidation requires capability validation."");"
VMX,usage,HybridCPU_ISE/CloseToRTL/Core/Virtualization/Compatibility/FrozenAbi/OperandForms/VmxInvalidationScope.cs,75,"""VMX invalidation requires runtime-owned invalidation validation."");"
VMX,usage,HybridCPU_ISE/CloseToRTL/Core/Virtualization/Compatibility/FrozenAbi/OperandForms/VmxInvalidationScope.cs,82,"""VMX invalidation requires translation-domain authority validation."");"
VMX,usage,HybridCPU_ISE/CloseToRTL/Core/Virtualization/Compatibility/FrozenAbi/OperandForms/VmxInvalidationScope.cs,89,"""VMX invalidation aliases cannot mutate MMU state directly."");"
VMX,mention,HybridCPU_ISE/CloseToRTL/Core/Virtualization/Compatibility/FrozenAbi/OperandForms/VmxOperandForm.cs,1,namespace YAKSys_Hybrid_CPU.Core.Vmx
VMX,usage,HybridCPU_ISE/CloseToRTL/Core/Virtualization/Compatibility/FrozenAbi/VmcsFieldAliases/VmcsField.cs,3,// Phase 09: VMX Subsystem
VMX,usage,HybridCPU_ISE/CloseToRTL/Core/Virtualization/Compatibility/FrozenAbi/VmcsFieldAliases/VmcsField.cs,14,/// not freeze any unfrozen VMX-v2 draft layout.
VMX,usage,HybridCPU_ISE/CloseToRTL/Core/Virtualization/Compatibility/FrozenAbi/VmcsFieldAliases/VmcsField.cs,65,// Links VMX transitions to nested page-table (EPT) state.
VMX,usage,HybridCPU_ISE/CloseToRTL/Core/Virtualization/Compatibility/FrozenAbi/VmcsFieldAliases/VmcsField.cs,76,/// J53: Links VMX entry/exit to nested-MMU page-table state.
VMX,usage,HybridCPU_ISE/CloseToRTL/Core/Virtualization/Compatibility/FrozenAbi/VmcsFieldAliases/VmExitReason.cs,3,// Phase 09: VMX Subsystem
VMX,usage,HybridCPU_ISE/CloseToRTL/Core/Virtualization/Compatibility/FrozenAbi/VmcsFieldAliases/VmExitReason.cs,63,/// <summary>Guest VMX operation matched a descriptor-owned intercept bitmap.</summary>
VMX,usage,HybridCPU_ISE/CloseToRTL/Core/Virtualization/Compatibility/Generated/VmcsProjection/ShadowVmcsNestedProjectionService.cs,10,"""Core/VMX/Compatibility/Generated/VmcsProjection/ShadowVmcsNestedProjectionService.cs"";"
VMX,usage,HybridCPU_ISE/CloseToRTL/Core/Virtualization/CompilerBoundary/IR/VirtualizationCompilerIntent.cs,62,"""VMX compiler intent may only target the compatibility frontend boundary."");"
VMX,usage,HybridCPU_ISE/CloseToRTL/Core/Virtualization/CompilerBoundary/Lowering/VirtualizationLoweringBoundary.cs,80,"""Virtualization lowering cannot emit direct VMX handler calls."");"
VMX,usage,HybridCPU_ISE/CloseToRTL/Core/Virtualization/Conformance/AuthorityBoundary/CoreVmxAuthorityBoundaryContract.cs,23,"""Core/VMX/Compatibility/Adapters/IO/IommuVmxCompatibilityAliases.cs"";"
VMX,usage,HybridCPU_ISE/CloseToRTL/Core/Virtualization/Conformance/AuthorityBoundary/CoreVmxAuthorityBoundaryContract.cs,66,"""Core/VMX/Compatibility/Generated/CsrProjection/VmxCapsProjection.cs;Core/VMX/Compatibility/FrozenAbi/CsrAliases/VmxCsrAliasSet.cs""),"
VMX,usage,HybridCPU_ISE/CloseToRTL/Core/Virtualization/Conformance/AuthorityBoundary/DomainRuntimeSubstrateExtractionContract.cs,6,"""Core/VMX/Substrate/Runtime/Services/DomainRuntimeContext.cs"";"
VMX,usage,HybridCPU_ISE/CloseToRTL/Core/Virtualization/Conformance/AuthorityBoundary/DomainRuntimeSubstrateExtractionContract.cs,9,"""Core/VMX/Substrate/Runtime/Services/DomainRuntimeOperation.cs"";"
VMX,usage,HybridCPU_ISE/CloseToRTL/Core/Virtualization/Conformance/AuthorityBoundary/DomainRuntimeSubstrateExtractionContract.cs,12,"""Core/VMX/Substrate/Runtime/Authority/DomainRuntimeAuthority.cs"";"
VMX,usage,HybridCPU_ISE/CloseToRTL/Core/Virtualization/Conformance/AuthorityBoundary/DomainRuntimeSubstrateExtractionContract.cs,15,"""Core/VMX/Substrate/Runtime/Authority/RootAuthorityDescriptor.cs"";"
VMX,usage,HybridCPU_ISE/CloseToRTL/Core/Virtualization/Conformance/AuthorityBoundary/DomainRuntimeSubstrateExtractionContract.cs,18,"""Core/VMX/Substrate/Runtime/Legality/DomainLegalityService.cs"";"
VMX,usage,HybridCPU_ISE/CloseToRTL/Core/Virtualization/Conformance/AuthorityBoundary/DomainRuntimeSubstrateExtractionContract.cs,21,"""Core/VMX/Substrate/Runtime/Validation/DomainValidationResult.cs"";"
VMX,usage,HybridCPU_ISE/CloseToRTL/Core/Virtualization/Conformance/AuthorityBoundary/DomainRuntimeSubstrateExtractionContract.cs,24,"""Core/VMX/Substrate/Runtime/Scheduling/DomainSchedulingAdmission.cs"";"
VMX,usage,HybridCPU_ISE/CloseToRTL/Core/Virtualization/Conformance/AuthorityBoundary/DomainRuntimeSubstrateExtractionContract.cs,27,"""Core/VMX/Substrate/Runtime/Binding/DomainBindingTable.cs"";"
VMX,usage,HybridCPU_ISE/CloseToRTL/Core/Virtualization/Conformance/AuthorityBoundary/DomainRuntimeSubstrateExtractionContract.cs,57,"""Core/VMX/Compatibility/Frontend/Projection/Memory/MemoryTranslationControl.cs"";"
VMX,usage,HybridCPU_ISE/CloseToRTL/Core/Virtualization/Conformance/AuthorityBoundary/DomainRuntimeSubstrateExtractionContract.cs,60,"""Core/VMX/Compatibility/Generated/VmcsProjection/VmcsFieldProjectionSchema.cs"";"
VMX,usage,HybridCPU_ISE/CloseToRTL/Core/Virtualization/Conformance/AuthorityBoundary/DomainRuntimeSubstrateExtractionContract.cs,63,"""Core/VMX/Compatibility/Adapters/IO/IommuVmxCompatibilityAliases.cs"";"
VMX,mention,HybridCPU_ISE/CloseToRTL/Core/Virtualization/Conformance/AuthorityBoundary/DomainRuntimeSubstrateExtractionContract.cs,103,"""Vmx"","
VMX,usage,HybridCPU_ISE/CloseToRTL/Core/Virtualization/Conformance/AuthorityBoundary/DomainRuntimeSubstrateExtractionContract.cs,105,"""VMX"","
VMX,usage,HybridCPU_ISE/CloseToRTL/Core/Virtualization/Conformance/AuthorityBoundary/GenericDomainSubstrateExtractionContract.cs,7,"""Core/VMX/Substrate/Descriptors/CompletionRoute/CompletionRouteDescriptor.cs"","
VMX,usage,HybridCPU_ISE/CloseToRTL/Core/Virtualization/Conformance/AuthorityBoundary/GenericDomainSubstrateExtractionContract.cs,8,"""Core/VMX/Substrate/Descriptors/EventQueue/EventQueueDescriptor.cs"","
VMX,usage,HybridCPU_ISE/CloseToRTL/Core/Virtualization/Conformance/AuthorityBoundary/GenericDomainSubstrateExtractionContract.cs,9,"""Core/VMX/Substrate/Descriptors/EvidencePolicy/EvidencePolicyDescriptor.cs"","
VMX,usage,HybridCPU_ISE/CloseToRTL/Core/Virtualization/Conformance/AuthorityBoundary/GenericDomainSubstrateExtractionContract.cs,10,"""Core/VMX/Substrate/Descriptors/ExecutionDomain/BundleLegalityDescriptor.cs"","
VMX,usage,HybridCPU_ISE/CloseToRTL/Core/Virtualization/Conformance/AuthorityBoundary/GenericDomainSubstrateExtractionContract.cs,11,"""Core/VMX/Substrate/Descriptors/ExecutionDomain/ExecutionDomainDescriptor.cs"","
VMX,usage,HybridCPU_ISE/CloseToRTL/Core/Virtualization/Conformance/AuthorityBoundary/GenericDomainSubstrateExtractionContract.cs,12,"""Core/VMX/Substrate/Descriptors/ExecutionDomain/ExecutionExtensionDescriptor.cs"","
VMX,usage,HybridCPU_ISE/CloseToRTL/Core/Virtualization/Conformance/AuthorityBoundary/GenericDomainSubstrateExtractionContract.cs,13,"""Core/VMX/Substrate/Descriptors/ExecutionDomain/SchedulingBudgetDescriptor.cs"","
VMX,usage,HybridCPU_ISE/CloseToRTL/Core/Virtualization/Conformance/AuthorityBoundary/GenericDomainSubstrateExtractionContract.cs,14,"""Core/VMX/Substrate/Descriptors/IoDomain/IoDomainDescriptor.cs"","
VMX,usage,HybridCPU_ISE/CloseToRTL/Core/Virtualization/Conformance/AuthorityBoundary/GenericDomainSubstrateExtractionContract.cs,15,"""Core/VMX/Substrate/Descriptors/IoDomain/IoVirtualizationBlock.cs"","
VMX,usage,HybridCPU_ISE/CloseToRTL/Core/Virtualization/Conformance/AuthorityBoundary/GenericDomainSubstrateExtractionContract.cs,16,"""Core/VMX/Substrate/Descriptors/Lane6Domain/Lane6DomainDescriptor.cs"","
VMX,usage,HybridCPU_ISE/CloseToRTL/Core/Virtualization/Conformance/AuthorityBoundary/GenericDomainSubstrateExtractionContract.cs,17,"""Core/VMX/Substrate/Descriptors/Lane7Accelerator/Lane7AcceleratorDescriptor.cs"","
VMX,usage,HybridCPU_ISE/CloseToRTL/Core/Virtualization/Conformance/AuthorityBoundary/GenericDomainSubstrateExtractionContract.cs,18,"""Core/VMX/Substrate/Descriptors/MemoryDomain/MemoryDomainDescriptor.cs"","
VMX,usage,HybridCPU_ISE/CloseToRTL/Core/Virtualization/Conformance/AuthorityBoundary/GenericDomainSubstrateExtractionContract.cs,19,"""Core/VMX/Substrate/Descriptors/Observability/ObservabilityDescriptor.cs"","
VMX,usage,HybridCPU_ISE/CloseToRTL/Core/Virtualization/Conformance/AuthorityBoundary/GenericDomainSubstrateExtractionContract.cs,20,"""Core/VMX/Substrate/Descriptors/TrapPolicy/TrapPolicyDescriptor.cs"","
VMX,usage,HybridCPU_ISE/CloseToRTL/Core/Virtualization/Conformance/AuthorityBoundary/GenericDomainSubstrateExtractionContract.cs,21,"""Core/VMX/Substrate/Domains/Execution/ExecutionDomainRuntime.cs"","
VMX,usage,HybridCPU_ISE/CloseToRTL/Core/Virtualization/Conformance/AuthorityBoundary/GenericDomainSubstrateExtractionContract.cs,22,"""Core/VMX/Substrate/Domains/IO/IoDomainRuntime.cs"","
VMX,usage,HybridCPU_ISE/CloseToRTL/Core/Virtualization/Conformance/AuthorityBoundary/GenericDomainSubstrateExtractionContract.cs,23,"""Core/VMX/Substrate/Domains/Lane6/Lane6DomainRuntime.cs"","
VMX,usage,HybridCPU_ISE/CloseToRTL/Core/Virtualization/Conformance/AuthorityBoundary/GenericDomainSubstrateExtractionContract.cs,24,"""Core/VMX/Substrate/Domains/Lane7/Lane7DomainRuntime.cs"","
VMX,usage,HybridCPU_ISE/CloseToRTL/Core/Virtualization/Conformance/AuthorityBoundary/GenericDomainSubstrateExtractionContract.cs,25,"""Core/VMX/Substrate/Domains/Memory/MemoryDomainRuntime.cs"","
VMX,usage,HybridCPU_ISE/CloseToRTL/Core/Virtualization/Conformance/AuthorityBoundary/GenericDomainSubstrateExtractionContract.cs,26,"""Core/VMX/Substrate/Domains/Nested/NestedDomainRuntime.cs"","
VMX,usage,HybridCPU_ISE/CloseToRTL/Core/Virtualization/Conformance/AuthorityBoundary/GenericDomainSubstrateExtractionContract.cs,27,"""Core/VMX/Substrate/Domains/VectorStream/VectorStreamDomainRuntime.cs"","
VMX,usage,HybridCPU_ISE/CloseToRTL/Core/Virtualization/Conformance/AuthorityBoundary/GenericDomainSubstrateExtractionContract.cs,28,"""Core/VMX/Substrate/Nested/Descriptors/NestedDomainDescriptor.cs"","
VMX,usage,HybridCPU_ISE/CloseToRTL/Core/Virtualization/Conformance/AuthorityBoundary/GenericDomainSubstrateExtractionContract.cs,29,"""Core/VMX/Substrate/Nested/Projection/INestedProjectionService.cs"","
VMX,usage,HybridCPU_ISE/CloseToRTL/Core/Virtualization/Conformance/AuthorityBoundary/GenericDomainSubstrateExtractionContract.cs,30,"""Core/VMX/Substrate/Nested/Projection/NestedProjectionService.cs"","
VMX,usage,HybridCPU_ISE/CloseToRTL/Core/Virtualization/Conformance/AuthorityBoundary/GenericDomainSubstrateExtractionContract.cs,31,"""Core/VMX/Substrate/Nested/Validation/NestedValidationResult.cs"","
VMX,mention,HybridCPU_ISE/CloseToRTL/Core/Virtualization/Conformance/AuthorityBoundary/GenericDomainSubstrateExtractionContract.cs,66,"""Vmx"","
VMX,usage,HybridCPU_ISE/CloseToRTL/Core/Virtualization/Conformance/AuthorityBoundary/GenericDomainSubstrateExtractionContract.cs,68,"""VMX"","
VMX,usage,HybridCPU_ISE/CloseToRTL/Core/Virtualization/Conformance/AuthorityBoundary/GenericDomainSubstrateExtractionContract.cs,104,"""Core/VMX/Compatibility/Generated/CapabilityProjection/CapabilityDescriptorSetSchema.cs"";"
VMX,usage,HybridCPU_ISE/CloseToRTL/Core/Virtualization/Conformance/AuthorityBoundary/GenericDomainSubstrateExtractionContract.cs,108,"""Core/VMX/Compatibility/Frontend/Projection/Memory/MemoryTranslationControl.cs"","
VMX,usage,HybridCPU_ISE/CloseToRTL/Core/Virtualization/Conformance/AuthorityBoundary/GenericDomainSubstrateExtractionContract.cs,109,"""Core/VMX/Compatibility/Generated/VmcsProjection/VmcsFieldProjectionSchema.cs"","
VMX,usage,HybridCPU_ISE/CloseToRTL/Core/Virtualization/Conformance/AuthorityBoundary/GenericDomainSubstrateExtractionContract.cs,110,"""Core/VMX/Compatibility/Adapters/IO/IommuVmxCompatibilityAliases.cs"","
VMX,usage,HybridCPU_ISE/CloseToRTL/Core/Virtualization/Conformance/AuthorityBoundary/GenericDomainSubstrateExtractionContract.cs,111,"""Core/VMX/Compatibility/Generated/CsrProjection/VmxCapsProjection.cs"","
VMX,usage,HybridCPU_ISE/CloseToRTL/Core/Virtualization/Conformance/AuthorityBoundary/VectorAcceleratorNestedIdentityPressureRemovalContract.cs,18,"""Core/VMX/Compatibility/Generated/VmcsProjection/VmcsV2Blocks.cs"";"
VMX,usage,HybridCPU_ISE/CloseToRTL/Core/Virtualization/Conformance/AuthorityBoundary/VectorAcceleratorNestedIdentityPressureRemovalContract.cs,51,"""Core/VMX/Compatibility/Frontend/Projection/Nested/ChildDomainIntentDescriptor.cs"";"
VMX,usage,HybridCPU_ISE/CloseToRTL/Core/Virtualization/Conformance/AuthorityBoundary/VmcsV2BlocksDirtyVectorCheckpointAuthorityRemovalContract.cs,60,"""Core/VMX/Compatibility/Generated/VmcsProjection/VmcsV2Blocks.cs"";"
VMX,usage,HybridCPU_ISE/CloseToRTL/Core/Virtualization/Conformance/AuthorityBoundary/VmcsV2BlocksDirtyVectorCheckpointAuthorityRemovalContract.cs,72,"""Core/VMX/Compatibility/Adapters/IO/IommuVmxCompatibilityAliases.cs"";"
VMX,usage,HybridCPU_ISE/CloseToRTL/Core/Virtualization/Conformance/AuthorityBoundary/VmcsV2ScalarProjectionCacheAuthorityRemovalContract.cs,36,"""Core/VMX/Compatibility/Generated/VmcsProjection/VmcsV2DescriptorProjection.cs"";"
VMX,usage,HybridCPU_ISE/CloseToRTL/Core/Virtualization/Conformance/AuthorityBoundary/VmcsV2ScalarProjectionCacheAuthorityRemovalContract.cs,39,"""Core/VMX/Compatibility/Generated/VmcsProjection/VmcsFieldProjectionSchema.cs"";"
VMX,usage,HybridCPU_ISE/CloseToRTL/Core/Virtualization/Conformance/AuthorityBoundary/VmcsV2ScalarWriteAuthorityRemovalContract.cs,33,"""Core/VMX/Compatibility/Generated/VmcsProjection/VmcsV2DescriptorProjection.cs"";"
VMX,usage,HybridCPU_ISE/CloseToRTL/Core/Virtualization/Conformance/AuthorityBoundary/VmcsV2ScalarWriteAuthorityRemovalContract.cs,36,"""Core/VMX/Compatibility/Generated/VmcsProjection/VmcsFieldProjectionSchema.cs"";"
VMX,usage,HybridCPU_ISE/CloseToRTL/Core/Virtualization/Conformance/AuthorityBoundary/VmcsV2VectorStreamProjectionAuthorityRemovalContract.cs,46,"""Core/VMX/Compatibility/Generated/VmcsProjection/VmcsV2DescriptorProjection.cs"";"
VMX,usage,HybridCPU_ISE/CloseToRTL/Core/Virtualization/Conformance/AuthorityBoundary/VmxCompletionTrapNestedRetireQuarantineContract.cs,7,"""Core/VMX/Substrate/Completion/Projection/CompletionProjectionService.cs"","
VMX,usage,HybridCPU_ISE/CloseToRTL/Core/Virtualization/Conformance/AuthorityBoundary/VmxCompletionTrapNestedRetireQuarantineContract.cs,8,"""Core/VMX/Substrate/Completion/Records/CompletionRecord.cs"","
VMX,usage,HybridCPU_ISE/CloseToRTL/Core/Virtualization/Conformance/AuthorityBoundary/VmxCompletionTrapNestedRetireQuarantineContract.cs,9,"""Core/VMX/Substrate/Events/Intercepts/TrapDecision.cs"","
VMX,usage,HybridCPU_ISE/CloseToRTL/Core/Virtualization/Conformance/AuthorityBoundary/VmxCompletionTrapNestedRetireQuarantineContract.cs,10,"""Core/VMX/Substrate/Events/Intercepts/TrapPolicyBitmap.cs"","
VMX,usage,HybridCPU_ISE/CloseToRTL/Core/Virtualization/Conformance/AuthorityBoundary/VmxCompletionTrapNestedRetireQuarantineContract.cs,11,"""Core/VMX/Substrate/Events/Intercepts/TrapPolicyService.cs"","
VMX,usage,HybridCPU_ISE/CloseToRTL/Core/Virtualization/Conformance/AuthorityBoundary/VmxCompletionTrapNestedRetireQuarantineContract.cs,12,"""Core/VMX/Substrate/Events/Traps/DomainTrapRecord.cs"","
VMX,usage,HybridCPU_ISE/CloseToRTL/Core/Virtualization/Conformance/AuthorityBoundary/VmxCompletionTrapNestedRetireQuarantineContract.cs,13,"""Core/VMX/Substrate/Events/Traps/SchedulingBudgetTimer.cs"","
VMX,usage,HybridCPU_ISE/CloseToRTL/Core/Virtualization/Conformance/AuthorityBoundary/VmxCompletionTrapNestedRetireQuarantineContract.cs,14,"""Core/VMX/Substrate/Nested/CompletionMapping/NestedCompletionMapper.cs"","
VMX,usage,HybridCPU_ISE/CloseToRTL/Core/Virtualization/Conformance/AuthorityBoundary/VmxCompletionTrapNestedRetireQuarantineContract.cs,15,"""Core/VMX/Substrate/Nested/CompletionMapping/NestedExitMapper.cs"","
VMX,usage,HybridCPU_ISE/CloseToRTL/Core/Virtualization/Conformance/AuthorityBoundary/VmxCompletionTrapNestedRetireQuarantineContract.cs,16,"""Core/VMX/Substrate/Nested/MemoryComposition/NestedExitMapper.MemoryComposition.partial.cs"","
VMX,usage,HybridCPU_ISE/CloseToRTL/Core/Virtualization/Conformance/AuthorityBoundary/VmxCompletionTrapNestedRetireQuarantineContract.cs,17,"""Core/VMX/Substrate/Nested/TrapTranslation/NestedInterceptTranslator.cs"","
VMX,usage,HybridCPU_ISE/CloseToRTL/Core/Virtualization/Conformance/AuthorityBoundary/VmxCompletionTrapNestedRetireQuarantineContract.cs,18,"""Core/VMX/Substrate/Nested/TrapTranslation/NestedInterceptTranslator.Translate.partial.cs"","
VMX,usage,HybridCPU_ISE/CloseToRTL/Core/Virtualization/Conformance/AuthorityBoundary/VmxCompletionTrapNestedRetireQuarantineContract.cs,19,"""Core/VMX/Substrate/Runtime/RetireEvidence/DomainEpochTracker.cs"","
VMX,usage,HybridCPU_ISE/CloseToRTL/Core/Virtualization/Conformance/AuthorityBoundary/VmxCompletionTrapNestedRetireQuarantineContract.cs,20,"""Core/VMX/Substrate/Runtime/RetireEvidence/RetireEvidenceBoundary.cs"","
VMX,usage,HybridCPU_ISE/CloseToRTL/Core/Virtualization/Conformance/AuthorityBoundary/VmxCompletionTrapNestedRetireQuarantineContract.cs,42,"""Core/VMX/Compatibility/Frontend/Projection/Completion/CompletionProjectionService.cs"","
VMX,usage,HybridCPU_ISE/CloseToRTL/Core/Virtualization/Conformance/AuthorityBoundary/VmxCompletionTrapNestedRetireQuarantineContract.cs,43,"""Core/VMX/Compatibility/Frontend/Projection/Completion/CompletionRecordCompatibilityProjection.cs"","
VMX,usage,HybridCPU_ISE/CloseToRTL/Core/Virtualization/Conformance/AuthorityBoundary/VmxCompletionTrapNestedRetireQuarantineContract.cs,44,"""Core/VMX/Compatibility/Frontend/Projection/Events/TrapDecision.cs"","
VMX,usage,HybridCPU_ISE/CloseToRTL/Core/Virtualization/Conformance/AuthorityBoundary/VmxCompletionTrapNestedRetireQuarantineContract.cs,45,"""Core/VMX/Compatibility/Frontend/Projection/Events/TrapPolicyService.cs"","
VMX,usage,HybridCPU_ISE/CloseToRTL/Core/Virtualization/Conformance/AuthorityBoundary/VmxCompletionTrapNestedRetireQuarantineContract.cs,46,"""Core/VMX/Compatibility/Frontend/Projection/Events/VmxTrapProjectionMapper.cs"","
VMX,usage,HybridCPU_ISE/CloseToRTL/Core/Virtualization/Conformance/AuthorityBoundary/VmxCompletionTrapNestedRetireQuarantineContract.cs,47,"""Core/VMX/Compatibility/Frontend/Projection/Nested/NestedCompletionMapper.cs"","
VMX,usage,HybridCPU_ISE/CloseToRTL/Core/Virtualization/Conformance/AuthorityBoundary/VmxCompletionTrapNestedRetireQuarantineContract.cs,48,"""Core/VMX/Compatibility/Frontend/Projection/Nested/NestedExitMapper.cs"","
VMX,usage,HybridCPU_ISE/CloseToRTL/Core/Virtualization/Conformance/AuthorityBoundary/VmxCompletionTrapNestedRetireQuarantineContract.cs,49,"""Core/VMX/Compatibility/Frontend/Projection/Nested/NestedExitMapper.MemoryComposition.partial.cs"","
VMX,usage,HybridCPU_ISE/CloseToRTL/Core/Virtualization/Conformance/AuthorityBoundary/VmxCompletionTrapNestedRetireQuarantineContract.cs,50,"""Core/VMX/Compatibility/Frontend/Projection/Nested/NestedInterceptTranslator.cs"","
VMX,usage,HybridCPU_ISE/CloseToRTL/Core/Virtualization/Conformance/AuthorityBoundary/VmxCompletionTrapNestedRetireQuarantineContract.cs,51,"""Core/VMX/Compatibility/Frontend/Projection/Nested/NestedInterceptTranslator.Translate.partial.cs"","
VMX,usage,HybridCPU_ISE/CloseToRTL/Core/Virtualization/Conformance/AuthorityBoundary/VmxCompletionTrapNestedRetireQuarantineContract.cs,52,"""Core/VMX/Compatibility/Frontend/Retire/DomainEpochTracker.cs"","
VMX,usage,HybridCPU_ISE/CloseToRTL/Core/Virtualization/Conformance/AuthorityBoundary/VmxCompletionTrapNestedRetireQuarantineContract.cs,53,"""Core/VMX/Compatibility/Frontend/Retire/RetireEvidenceBoundary.cs"","
VMX,usage,HybridCPU_ISE/CloseToRTL/Core/Virtualization/Conformance/AuthorityBoundary/VmxCompletionTrapNestedRetireQuarantineContract.cs,54,"""Core/VMX/Compatibility/Generated/VmcsProjection/VmcsV2Blocks.cs"","
VMX,mention,HybridCPU_ISE/CloseToRTL/Core/Virtualization/Conformance/AuthorityBoundary/VmxCompletionTrapNestedRetireQuarantineContract.cs,62,"""Vmx"","
VMX,usage,HybridCPU_ISE/CloseToRTL/Core/Virtualization/Conformance/AuthorityBoundary/VmxCompletionTrapNestedRetireQuarantineContract.cs,63,"""VMX"","
VMX,usage,HybridCPU_ISE/CloseToRTL/Core/Virtualization/Conformance/CapabilityAuthority/CapabilityCallerMaskIngressAuthorityRemovalContract.cs,37,"""Core/VMX/Compatibility/Frontend/Projection/Nested/NestedDomainController.cs"";"
VMX,usage,HybridCPU_ISE/CloseToRTL/Core/Virtualization/Conformance/CapabilityAuthority/CapabilityDescriptorSetGrantFirstAuthorityContract.cs,24,"""Core/VMX/Compatibility/Frontend/Projection/CapabilityCompatibilityProjection.cs"";"
VMX,usage,HybridCPU_ISE/CloseToRTL/Core/Virtualization/Conformance/CapabilityAuthority/CapabilityRuntimeSubstrateExtractionContract.cs,7,"""Core/VMX/Substrate/Descriptors/Capability/CapabilityDescriptorSet.cs"","
VMX,usage,HybridCPU_ISE/CloseToRTL/Core/Virtualization/Conformance/CapabilityAuthority/CapabilityRuntimeSubstrateExtractionContract.cs,8,"""Core/VMX/Substrate/Capabilities/Grants/CapabilityGrant.cs"","
VMX,usage,HybridCPU_ISE/CloseToRTL/Core/Virtualization/Conformance/CapabilityAuthority/CapabilityRuntimeSubstrateExtractionContract.cs,9,"""Core/VMX/Substrate/Capabilities/Negotiation/CapabilityNegotiationService.cs"","
VMX,usage,HybridCPU_ISE/CloseToRTL/Core/Virtualization/Conformance/CapabilityAuthority/CapabilityRuntimeSubstrateExtractionContract.cs,10,"""Core/VMX/Substrate/Capabilities/Publication/CapabilityPublicationPolicy.cs"","
VMX,usage,HybridCPU_ISE/CloseToRTL/Core/Virtualization/Conformance/CapabilityAuthority/CapabilityRuntimeSubstrateExtractionContract.cs,22,"""Core/VMX/Compatibility/Frontend/Projection/CapabilityCompatibilityProjection.cs"";"
VMX,mention,HybridCPU_ISE/CloseToRTL/Core/Virtualization/Conformance/CapabilityAuthority/CapabilityRuntimeSubstrateExtractionContract.cs,28,"""Vmx"","
VMX,usage,HybridCPU_ISE/CloseToRTL/Core/Virtualization/Conformance/CapabilityAuthority/CapabilityRuntimeSubstrateExtractionContract.cs,29,"""VMX"","
VMX,usage,HybridCPU_ISE/CloseToRTL/Core/Virtualization/Conformance/CapabilityAuthority/CapabilityRuntimeSubstrateExtractionContract.cs,59,"""Core\\VMX\\Substrate\\Capabilities\\Grants\\"","
VMX,usage,HybridCPU_ISE/CloseToRTL/Core/Virtualization/Conformance/CapabilityAuthority/CapabilityRuntimeSubstrateExtractionContract.cs,60,"""Core\\VMX\\Substrate\\Capabilities\\Negotiation\\"","
VMX,usage,HybridCPU_ISE/CloseToRTL/Core/Virtualization/Conformance/CapabilityAuthority/CapabilityRuntimeSubstrateExtractionContract.cs,61,"""Core\\VMX\\Substrate\\Capabilities\\Publication\\"","
VMX,usage,HybridCPU_ISE/CloseToRTL/Core/Virtualization/Conformance/CapabilityAuthority/CapabilityRuntimeSubstrateExtractionContract.cs,62,"""Core\\VMX\\Substrate\\Descriptors\\Capability\\"","
VMX,mention,HybridCPU_ISE/CloseToRTL/Core/Virtualization/Conformance/HostEvidenceNonLeak/Lane6HostOwnedEvidenceBoundaryRemovalContract.cs,32,"""Vmx"","
VMX,usage,HybridCPU_ISE/CloseToRTL/Core/Virtualization/Conformance/HostEvidenceNonLeak/Lane7HostOwnedEvidenceSubstrateExtractionContract.cs,21,"""Core/VMX/Compatibility/Frontend/Projection/Memory/MemoryTranslationControl.cs"";"
VMX,usage,HybridCPU_ISE/CloseToRTL/Core/Virtualization/Conformance/HostEvidenceNonLeak/Lane7HostOwnedEvidenceSubstrateExtractionContract.cs,24,"""Core/VMX/Compatibility/Generated/VmcsProjection/VmcsFieldProjectionSchema.cs"";"
VMX,usage,HybridCPU_ISE/CloseToRTL/Core/Virtualization/Conformance/HostEvidenceNonLeak/Lane7HostOwnedEvidenceSubstrateExtractionContract.cs,27,"""Core/VMX/Compatibility/Adapters/IO/IommuVmxCompatibilityAliases.cs"";"
VMX,mention,HybridCPU_ISE/CloseToRTL/Core/Virtualization/Conformance/HostEvidenceNonLeak/Lane7HostOwnedEvidenceSubstrateExtractionContract.cs,60,"""Vmx"","
VMX,usage,HybridCPU_ISE/CloseToRTL/Core/Virtualization/Conformance/HostEvidenceNonLeak/Lane7HostOwnedEvidenceSubstrateExtractionContract.cs,62,"""VMX"","
VMX,usage,HybridCPU_ISE/CloseToRTL/Core/Virtualization/Conformance/MemoryTranslation/AddressSpaceCanonicalIdentityAuthorityRemovalContract.cs,20,"""Core/VMX/Compatibility/Frontend/Projection/Memory/MemoryTranslationControl.cs"";"
VMX,usage,HybridCPU_ISE/CloseToRTL/Core/Virtualization/Conformance/MemoryTranslation/EventTrapDomainIdentityAuthorityRemovalContract.cs,27,"""Core/VMX/Compatibility/Generated/VmcsProjection/VmcsV2Blocks.cs"";"
VMX,usage,HybridCPU_ISE/CloseToRTL/Core/Virtualization/Conformance/MemoryTranslation/TranslationIoLaneIdentityAuthorityRemovalContract.cs,27,"""Core/VMX/Compatibility/Frontend/Projection/Memory/MemoryTranslationControl.cs"";"
VMX,usage,HybridCPU_ISE/CloseToRTL/Core/Virtualization/Conformance/MemoryTranslation/TranslationIoLaneIdentityAuthorityRemovalContract.cs,30,"""Core/VMX/Substrate/Nested/Projection/ComposedDomainProjectionComposer.cs"";"
VMX,usage,HybridCPU_ISE/CloseToRTL/Core/Virtualization/Conformance/MemoryTranslation/TranslationIoLaneIdentityAuthorityRemovalContract.cs,51,"""Core/VMX/Compatibility/Adapters/IO/IommuVmxCompatibilityAliases.cs"";"
VMX,usage,HybridCPU_ISE/CloseToRTL/Core/Virtualization/SecureCompute/Compatibility/Frontend/SecureComputeCompatibilityBoundary.cs,47,"""VMX cannot activate SecureCompute.""),"
MemorySubsystem,usage,HybridCPU_ISE/CloseToRTL/Memory/Banks/MultiBankMemoryArea.cs,444,int portId = bankId % 2; // Assuming 2 ports (configurable in MemorySubsystem)
StreamRegisterFile,usage,HybridCPU_ISE/CloseToRTL/Memory/Cache/SharedPodCache.cs,9,/// Purpose: Model a per-Pod shared cache that sits between L1 (per-core TCDM/StreamRegisterFile)
StreamEngine,usage,HybridCPU_ISE/CloseToRTL/Memory/DMA/DMAController.cs,26,/// - Allow multiple StreamEngine instances to run concurrently
StreamEngine,usage,HybridCPU_ISE/CloseToRTL/Memory/DMA/DMAController.cs,30,/// Current StreamEngine BurstIO helpers drive ExecuteCycle() synchronously;
StreamEngine,usage,HybridCPU_ISE/CloseToRTL/Memory/DMA/DMAController.cs,32,/// CPU/DMA overlap for StreamEngine or DmaStreamCompute.
BurstIO,usage,HybridCPU_ISE/CloseToRTL/Memory/DMA/DMAController.cs,30,/// Current StreamEngine BurstIO helpers drive ExecuteCycle() synchronously;
MemorySubsystem,usage,HybridCPU_ISE/CloseToRTL/Memory/MMU/IOMMU.cs,559,/// Called from MemorySubsystem.AdvanceCycles() once per clock tick.
MemorySubsystem,usage,HybridCPU_ISE/CloseToRTL/Memory/MMU/PageTableWalker.cs,237,/// Called from MemorySubsystem.AdvanceCycles() or IOMMU tick.
StreamRegisterFile,definition,HybridCPU_ISE/CloseToRTL/Memory/Registers/StreamRegisterFile.Assist.cs,6,public partial class StreamRegisterFile
StreamRegisterFile,definition,HybridCPU_ISE/CloseToRTL/Memory/Registers/StreamRegisterFile.cs,11,public partial class StreamRegisterFile
StreamRegisterFile,mention,HybridCPU_ISE/CloseToRTL/Memory/Registers/StreamRegisterFile.cs,66,/// Counts actual SRF-served reads that bypassed the live memory backend.
StreamRegisterFile,usage,HybridCPU_ISE/CloseToRTL/Memory/Registers/StreamRegisterFile.cs,73,public StreamRegisterFile(int numRegisters = 8)
StreamRegisterFile,mention,HybridCPU_ISE/CloseToRTL/Memory/Registers/StreamRegisterFile.cs,237,/// Successful reads count as real SRF bypasses.
StreamRegisterFile,mention,HybridCPU_ISE/CloseToRTL/Memory/Registers/StreamRegisterFile.cs,265,/// Try to serve an exact packed contiguous chunk from SRF.
StreamRegisterFile,mention,HybridCPU_ISE/CloseToRTL/Memory/Registers/StreamRegisterFile.cs,381,/// Invalidate any SRF window that overlaps the written address range.
StreamRegisterFile,mention,HybridCPU_ISE/CloseToRTL/Memory/Registers/StreamRegisterFile.cs,390,/// Invalidate any SRF window that overlaps the written address range and
StreamRegisterFile,usage,HybridCPU_ISE/CloseToRTL/Memory/Subsystem/MemorySubsystem.cs,131,public StreamRegisterFile StreamRegisters { get; private set; }
StreamRegisterFile,usage,HybridCPU_ISE/CloseToRTL/Memory/Subsystem/MemorySubsystem.cs,804,StreamRegisters = new StreamRegisterFile();
MemorySubsystem,definition,HybridCPU_ISE/CloseToRTL/Memory/Subsystem/MemorySubsystem.cs,11,"public partial class MemorySubsystem : IBurstBackend, IHardwareOccupancyInput"
MemorySubsystem,usage,HybridCPU_ISE/CloseToRTL/Memory/Subsystem/MemorySubsystem.cs,605,"$""{executionSurface} observed completed async MemorySubsystem request {RequestID} for {requestKind} at 0x{Address:X} "" +"
MemorySubsystem,usage,HybridCPU_ISE/CloseToRTL/Memory/Subsystem/MemorySubsystem.cs,799,"public MemorySubsystem(ref Processor proc, DMAController? dmaController = null)"
MemorySubsystem,definition,HybridCPU_ISE/CloseToRTL/Memory/Subsystem/MemorySubsystem.Helpers.cs,9,public partial class MemorySubsystem
MemorySubsystem,usage,HybridCPU_ISE/CloseToRTL/Memory/Subsystem/MemorySubsystem.Helpers.cs,298,": $""MemorySubsystem {(request.IsRead ? ""read"" : ""write"")} request failed after bank admission at 0x{request.Address:X} for {request.Length} byte(s)."";"
MemorySubsystem,definition,HybridCPU_ISE/CloseToRTL/Memory/Subsystem/MemorySubsystem.Operations.cs,9,public partial class MemorySubsystem
BurstIO,usage,HybridCPU_ISE/CloseToRTL/Memory/Subsystem/MemorySubsystem.Types.cs,35,"/// Unified memory subsystem integrating IOMMU, BurstIO, and DMA."
MemorySubsystem,usage,HybridCPU_ISE/CloseToRTL/Processor/Core/PodController.cs,185,"MemorySubsystem? memSub = null,"
MemorySubsystem,usage,HybridCPU_ISE/CloseToRTL/Processor/Core/PodController.cs,214,MemorySubsystem? memSub = null)
MemorySubsystem,usage,HybridCPU_ISE/Legacy/Obsolete/Processor.Initialization.Obsolete.cs,65,"Memory = new MemorySubsystem(ref proc, DMAController);"
MemorySubsystem,usage,HybridCPU_ISE/Machine/IIseMachineStateSource.cs,17,MemorySubsystem? GetMemorySubsystem();
MemorySubsystem,usage,HybridCPU_ISE/Machine/IseObservationService.cs,639,MemorySubsystem? mem = GetMemorySubsystem();
MemorySubsystem,usage,HybridCPU_ISE/Machine/IseObservationService.cs,684,MemorySubsystem? mem = GetMemorySubsystem();
MemorySubsystem,usage,HybridCPU_ISE/Machine/IseObservationService.MachineState.cs,50,private MemorySubsystem? GetMemorySubsystem() => GetMemorySubsystem(_machineStateSource);
MemorySubsystem,usage,HybridCPU_ISE/Machine/IseObservationService.MachineState.cs,52,private static MemorySubsystem? GetMemorySubsystem(IIseMachineStateSource machineStateSource) =>
MemorySubsystem,usage,HybridCPU_ISE/Machine/NullMachineStateSource.cs,46,public MemorySubsystem? GetMemorySubsystem() => ThrowUnavailable<MemorySubsystem?>(nameof(GetMemorySubsystem));
InstructionClass,definition,HybridCPU_ISE/NonRTL/Arch/InstructionClass.cs,8,public enum InstructionClass : byte
VMX,mention,HybridCPU_ISE/NonRTL/Arch/InstructionClass.cs,32,"Vmx             = 7,"
InstructionClassifier,definition,HybridCPU_ISE/NonRTL/Arch/InstructionClassifier.cs,14,public static class InstructionClassifier
VMX,usage,HybridCPU_ISE/NonRTL/Arch/InstructionClassifier.cs,198,// ── VMX instruction plane (ISA v4 mandatory) ─────────────────────────
VMX,usage,HybridCPU_ISE/NonRTL/Arch/InstructionClassifier.cs,199,"Processor.CPU_Core.InstructionsEnum.VMXON            => InstructionClass.Vmx,"
VMX,usage,HybridCPU_ISE/NonRTL/Arch/InstructionClassifier.cs,200,"Processor.CPU_Core.InstructionsEnum.VMXOFF           => InstructionClass.Vmx,"
VMX,usage,HybridCPU_ISE/NonRTL/Arch/InstructionClassifier.cs,201,"Processor.CPU_Core.InstructionsEnum.VMLAUNCH         => InstructionClass.Vmx,"
VMX,usage,HybridCPU_ISE/NonRTL/Arch/InstructionClassifier.cs,202,"Processor.CPU_Core.InstructionsEnum.VMRESUME         => InstructionClass.Vmx,"
VMX,usage,HybridCPU_ISE/NonRTL/Arch/InstructionClassifier.cs,203,"Processor.CPU_Core.InstructionsEnum.VMREAD           => InstructionClass.Vmx,"
VMX,usage,HybridCPU_ISE/NonRTL/Arch/InstructionClassifier.cs,204,"Processor.CPU_Core.InstructionsEnum.VMWRITE          => InstructionClass.Vmx,"
VMX,usage,HybridCPU_ISE/NonRTL/Arch/InstructionClassifier.cs,205,"Processor.CPU_Core.InstructionsEnum.VMCLEAR          => InstructionClass.Vmx,"
VMX,usage,HybridCPU_ISE/NonRTL/Arch/InstructionClassifier.cs,206,"Processor.CPU_Core.InstructionsEnum.VMPTRLD          => InstructionClass.Vmx,"
VMX,usage,HybridCPU_ISE/NonRTL/Arch/InstructionClassifier.cs,207,"Processor.CPU_Core.InstructionsEnum.VMPTRST          => InstructionClass.Vmx,"
VMX,usage,HybridCPU_ISE/NonRTL/Arch/InstructionClassifier.cs,208,"Processor.CPU_Core.InstructionsEnum.VMCALL           => InstructionClass.Vmx,"
VMX,usage,HybridCPU_ISE/NonRTL/Arch/InstructionClassifier.cs,209,"Processor.CPU_Core.InstructionsEnum.INVEPT           => InstructionClass.Vmx,"
VMX,usage,HybridCPU_ISE/NonRTL/Arch/InstructionClassifier.cs,210,"Processor.CPU_Core.InstructionsEnum.INVVPID          => InstructionClass.Vmx,"
VMX,usage,HybridCPU_ISE/NonRTL/Arch/InstructionClassifier.cs,211,"Processor.CPU_Core.InstructionsEnum.VMFUNC           => InstructionClass.Vmx,"
VMX,usage,HybridCPU_ISE/NonRTL/Arch/InstructionClassifier.cs,212,"Processor.CPU_Core.InstructionsEnum.VMSAVEX          => InstructionClass.Vmx,"
VMX,usage,HybridCPU_ISE/NonRTL/Arch/InstructionClassifier.cs,213,"Processor.CPU_Core.InstructionsEnum.VMRESTX          => InstructionClass.Vmx,"
VMX,usage,HybridCPU_ISE/NonRTL/Arch/InstructionClassifier.cs,344,// ── VMX: full pipeline serialization ─────────────────────────────────
ACCEL,usage,HybridCPU_ISE/NonRTL/Arch/InstructionClassifier.cs,169,"Processor.CPU_Core.InstructionsEnum.ACCEL_QUERY_CAPS => InstructionClass.System,"
ACCEL,usage,HybridCPU_ISE/NonRTL/Arch/InstructionClassifier.cs,170,"Processor.CPU_Core.InstructionsEnum.ACCEL_SUBMIT     => InstructionClass.System,"
ACCEL,usage,HybridCPU_ISE/NonRTL/Arch/InstructionClassifier.cs,171,"Processor.CPU_Core.InstructionsEnum.ACCEL_POLL       => InstructionClass.System,"
ACCEL,usage,HybridCPU_ISE/NonRTL/Arch/InstructionClassifier.cs,172,"Processor.CPU_Core.InstructionsEnum.ACCEL_WAIT       => InstructionClass.System,"
ACCEL,usage,HybridCPU_ISE/NonRTL/Arch/InstructionClassifier.cs,173,"Processor.CPU_Core.InstructionsEnum.ACCEL_CANCEL     => InstructionClass.System,"
ACCEL,usage,HybridCPU_ISE/NonRTL/Arch/InstructionClassifier.cs,174,"Processor.CPU_Core.InstructionsEnum.ACCEL_FENCE      => InstructionClass.System,"
ACCEL,usage,HybridCPU_ISE/NonRTL/Arch/InstructionClassifier.cs,175,"Processor.CPU_Core.InstructionsEnum.ACCEL_STATUS     => InstructionClass.System,"
ACCEL,usage,HybridCPU_ISE/NonRTL/Arch/InstructionClassifier.cs,292,"Processor.CPU_Core.InstructionsEnum.ACCEL_WAIT        => SerializationClass.FullSerial,"
ACCEL,usage,HybridCPU_ISE/NonRTL/Arch/InstructionClassifier.cs,293,"Processor.CPU_Core.InstructionsEnum.ACCEL_CANCEL      => SerializationClass.FullSerial,"
ACCEL,usage,HybridCPU_ISE/NonRTL/Arch/InstructionClassifier.cs,294,"Processor.CPU_Core.InstructionsEnum.ACCEL_FENCE       => SerializationClass.FullSerial,"
ACCEL,usage,HybridCPU_ISE/NonRTL/Arch/InstructionClassifier.cs,307,"Processor.CPU_Core.InstructionsEnum.ACCEL_SUBMIT     => SerializationClass.MemoryOrdered,"
ACCEL,usage,HybridCPU_ISE/NonRTL/Arch/InstructionClassifier.cs,369,"Processor.CPU_Core.InstructionsEnum.ACCEL_QUERY_CAPS => SerializationClass.CsrOrdered,"
ACCEL,usage,HybridCPU_ISE/NonRTL/Arch/InstructionClassifier.cs,370,"Processor.CPU_Core.InstructionsEnum.ACCEL_POLL       => SerializationClass.CsrOrdered,"
ACCEL,usage,HybridCPU_ISE/NonRTL/Arch/InstructionClassifier.cs,371,"Processor.CPU_Core.InstructionsEnum.ACCEL_STATUS     => SerializationClass.CsrOrdered,"
InstructionEncoder,definition,HybridCPU_ISE/NonRTL/Arch/InstructionEncoder.cs,26,public static class InstructionEncoder
VMX,usage,HybridCPU_ISE/NonRTL/Arch/InstructionEncoder.cs,480,"/// Encode a system instruction (CPU control, VMX, etc.)"
ACCEL,usage,HybridCPU_ISE/NonRTL/Arch/InstructionSupportStatus.cs,605,"AddOptionalEnabledL7SdcProduction(rows, ""ACCEL_QUERY_CAPS"");"
ACCEL,usage,HybridCPU_ISE/NonRTL/Arch/InstructionSupportStatus.cs,606,"AddOptionalEnabledL7SdcProduction(rows, ""ACCEL_SUBMIT"");"
ACCEL,usage,HybridCPU_ISE/NonRTL/Arch/InstructionSupportStatus.cs,607,"AddOptionalEnabledL7SdcProduction(rows, ""ACCEL_POLL"");"
ACCEL,usage,HybridCPU_ISE/NonRTL/Arch/InstructionSupportStatus.cs,608,"AddOptionalEnabledL7SdcProduction(rows, ""ACCEL_WAIT"");"
ACCEL,usage,HybridCPU_ISE/NonRTL/Arch/InstructionSupportStatus.cs,609,"AddOptionalEnabledL7SdcProduction(rows, ""ACCEL_CANCEL"");"
ACCEL,usage,HybridCPU_ISE/NonRTL/Arch/InstructionSupportStatus.cs,610,"AddOptionalEnabledL7SdcProduction(rows, ""ACCEL_FENCE"");"
ACCEL,usage,HybridCPU_ISE/NonRTL/Arch/InstructionSupportStatus.cs,611,"AddOptionalEnabledL7SdcProduction(rows, ""ACCEL_STATUS"");"
ACCEL,usage,HybridCPU_ISE/NonRTL/Arch/InstructionSupportStatus.cs,612,"AddReservedNoAllocation(rows, ""ACCEL_QUERY_ABI"", ""Lane7TopologyQueue"");"
ACCEL,usage,HybridCPU_ISE/NonRTL/Arch/InstructionSupportStatus.cs,613,"AddReservedNoAllocation(rows, ""ACCEL_QUERY_TOPOLOGY"", ""Lane7TopologyQueue"");"
ACCEL,usage,HybridCPU_ISE/NonRTL/Arch/InstructionSupportStatus.cs,614,"AddReservedNoAllocation(rows, ""ACCEL_OPEN"", ""Lane7TopologyQueue"");"
ACCEL,usage,HybridCPU_ISE/NonRTL/Arch/InstructionSupportStatus.cs,615,"AddReservedNoAllocation(rows, ""ACCEL_CLOSE"", ""Lane7TopologyQueue"");"
ACCEL,usage,HybridCPU_ISE/NonRTL/Arch/InstructionSupportStatus.cs,616,"AddReservedNoAllocation(rows, ""ACCEL_BIND_QUEUE"", ""Lane7TopologyQueue"");"
ACCEL,usage,HybridCPU_ISE/NonRTL/Arch/InstructionSupportStatus.cs,617,"AddReservedNoAllocation(rows, ""ACCEL_UNBIND_QUEUE"", ""Lane7TopologyQueue"");"
VMX,usage,HybridCPU_ISE/NonRTL/Arch/IsaV4Surface.cs,38,"""Vmx"",           // VMXON/VMXOFF/VMLAUNCH/VMRESUME/VMREAD/VMWRITE/VMCLEAR/VMPTRLD"
VMX,usage,HybridCPU_ISE/NonRTL/Arch/IsaV4Surface.cs,81,// VMX instruction plane
VMX,usage,HybridCPU_ISE/NonRTL/Arch/IsaV4Surface.cs,432,/// full VMX instruction plane formalization.
ACCEL,usage,HybridCPU_ISE/NonRTL/Arch/IsaV4Surface.cs,93,"""ACCEL_QUERY_CAPS"","
ACCEL,usage,HybridCPU_ISE/NonRTL/Arch/IsaV4Surface.cs,94,"""ACCEL_SUBMIT"","
ACCEL,usage,HybridCPU_ISE/NonRTL/Arch/IsaV4Surface.cs,95,"""ACCEL_POLL"","
ACCEL,usage,HybridCPU_ISE/NonRTL/Arch/IsaV4Surface.cs,96,"""ACCEL_WAIT"","
ACCEL,usage,HybridCPU_ISE/NonRTL/Arch/IsaV4Surface.cs,97,"""ACCEL_CANCEL"","
ACCEL,usage,HybridCPU_ISE/NonRTL/Arch/IsaV4Surface.cs,98,"""ACCEL_FENCE"","
ACCEL,usage,HybridCPU_ISE/NonRTL/Arch/IsaV4Surface.cs,99,"""ACCEL_STATUS"","
ACCEL,usage,HybridCPU_ISE/NonRTL/Arch/IsaV4Surface.cs,211,"""ACCEL_QUERY_CAPS"","
ACCEL,usage,HybridCPU_ISE/NonRTL/Arch/IsaV4Surface.cs,212,"""ACCEL_SUBMIT"","
ACCEL,usage,HybridCPU_ISE/NonRTL/Arch/IsaV4Surface.cs,213,"""ACCEL_POLL"","
ACCEL,usage,HybridCPU_ISE/NonRTL/Arch/IsaV4Surface.cs,214,"""ACCEL_WAIT"","
ACCEL,usage,HybridCPU_ISE/NonRTL/Arch/IsaV4Surface.cs,215,"""ACCEL_CANCEL"","
ACCEL,usage,HybridCPU_ISE/NonRTL/Arch/IsaV4Surface.cs,216,"""ACCEL_FENCE"","
ACCEL,usage,HybridCPU_ISE/NonRTL/Arch/IsaV4Surface.cs,217,"""ACCEL_STATUS"","
ACCEL,usage,HybridCPU_ISE/NonRTL/Arch/IsaV4Surface.cs,405,"[""ACCEL_QUERY_CAPS""] = ""SYS_SERIAL"", [""ACCEL_SUBMIT""] = ""SYS_SERIAL"","
ACCEL,usage,HybridCPU_ISE/NonRTL/Arch/IsaV4Surface.cs,406,"[""ACCEL_POLL""] = ""SYS_SERIAL"",       [""ACCEL_WAIT""] = ""SYS_SERIAL"","
ACCEL,usage,HybridCPU_ISE/NonRTL/Arch/IsaV4Surface.cs,407,"[""ACCEL_CANCEL""] = ""SYS_SERIAL"",     [""ACCEL_FENCE""] = ""SYS_SERIAL"","
ACCEL,usage,HybridCPU_ISE/NonRTL/Arch/IsaV4Surface.cs,408,"[""ACCEL_STATUS""] = ""SYS_SERIAL"","
VMX,usage,HybridCPU_ISE/NonRTL/Arch/OpcodeInfo.Registry.Data.Scalar.cs,296,// ========== Non-VMX CloseToRTL Iteration 03C: Optional scalar rotates ==========
VMX,usage,HybridCPU_ISE/NonRTL/Arch/OpcodeInfo.Registry.Data.System.cs,44,// ========== ISA v4: VMX Instruction Plane ==========
VMX,usage,HybridCPU_ISE/NonRTL/Arch/OpcodeInfo.Registry.Data.System.cs,50,"new OpcodeInfo((uint)Processor.CPU_Core.InstructionsEnum.VMXON, ""VMXON"", OpcodeCategory.Privileged, 1, InstructionFlags.Privileged, 1, 0, InstructionClass.Vmx, SerializationClass.VmxSerial),"
VMX,usage,HybridCPU_ISE/NonRTL/Arch/OpcodeInfo.Registry.Data.System.cs,51,"new OpcodeInfo((uint)Processor.CPU_Core.InstructionsEnum.VMXOFF, ""VMXOFF"", OpcodeCategory.Privileged, 0, InstructionFlags.Privileged, 1, 0, InstructionClass.Vmx, SerializationClass.VmxSerial),"
VMX,usage,HybridCPU_ISE/NonRTL/Arch/OpcodeInfo.Registry.Data.System.cs,52,"new OpcodeInfo((uint)Processor.CPU_Core.InstructionsEnum.VMLAUNCH, ""VMLAUNCH"", OpcodeCategory.Privileged, 0, InstructionFlags.Privileged, 1, 0, InstructionClass.Vmx, SerializationClass.VmxSerial),"
VMX,usage,HybridCPU_ISE/NonRTL/Arch/OpcodeInfo.Registry.Data.System.cs,53,"new OpcodeInfo((uint)Processor.CPU_Core.InstructionsEnum.VMRESUME, ""VMRESUME"", OpcodeCategory.Privileged, 0, InstructionFlags.Privileged, 1, 0, InstructionClass.Vmx, SerializationClass.VmxSerial),"
VMX,usage,HybridCPU_ISE/NonRTL/Arch/OpcodeInfo.Registry.Data.System.cs,54,"new OpcodeInfo((uint)Processor.CPU_Core.InstructionsEnum.VMREAD, ""VMREAD"", OpcodeCategory.Privileged, 2, InstructionFlags.Privileged, 1, 0, InstructionClass.Vmx, SerializationClass.VmxSerial),"
VMX,usage,HybridCPU_ISE/NonRTL/Arch/OpcodeInfo.Registry.Data.System.cs,55,"new OpcodeInfo((uint)Processor.CPU_Core.InstructionsEnum.VMWRITE, ""VMWRITE"", OpcodeCategory.Privileged, 2, InstructionFlags.Privileged, 1, 0, InstructionClass.Vmx, SerializationClass.VmxSerial),"
VMX,usage,HybridCPU_ISE/NonRTL/Arch/OpcodeInfo.Registry.Data.System.cs,56,"new OpcodeInfo((uint)Processor.CPU_Core.InstructionsEnum.VMCLEAR, ""VMCLEAR"", OpcodeCategory.Privileged, 1, InstructionFlags.Privileged, 1, 0, InstructionClass.Vmx, SerializationClass.VmxSerial),"
VMX,usage,HybridCPU_ISE/NonRTL/Arch/OpcodeInfo.Registry.Data.System.cs,57,"new OpcodeInfo((uint)Processor.CPU_Core.InstructionsEnum.VMPTRLD, ""VMPTRLD"", OpcodeCategory.Privileged, 1, InstructionFlags.Privileged, 1, 0, InstructionClass.Vmx, SerializationClass.VmxSerial),"
VMX,usage,HybridCPU_ISE/NonRTL/Arch/OpcodeInfo.Registry.Data.System.cs,58,"new OpcodeInfo((uint)Processor.CPU_Core.InstructionsEnum.VMPTRST, ""VMPTRST"", OpcodeCategory.Privileged, 1, InstructionFlags.Privileged, 1, 0, InstructionClass.Vmx, SerializationClass.VmxSerial),"
VMX,usage,HybridCPU_ISE/NonRTL/Arch/OpcodeInfo.Registry.Data.System.cs,59,"new OpcodeInfo((uint)Processor.CPU_Core.InstructionsEnum.VMCALL, ""VMCALL"", OpcodeCategory.Privileged, 2, InstructionFlags.Privileged, 1, 0, InstructionClass.Vmx, SerializationClass.VmxSerial),"
VMX,usage,HybridCPU_ISE/NonRTL/Arch/OpcodeInfo.Registry.Data.System.cs,60,"new OpcodeInfo((uint)Processor.CPU_Core.InstructionsEnum.INVEPT, ""INVEPT"", OpcodeCategory.Privileged, 2, InstructionFlags.Privileged, 1, 0, InstructionClass.Vmx, SerializationClass.VmxSerial),"
VMX,usage,HybridCPU_ISE/NonRTL/Arch/OpcodeInfo.Registry.Data.System.cs,61,"new OpcodeInfo((uint)Processor.CPU_Core.InstructionsEnum.INVVPID, ""INVVPID"", OpcodeCategory.Privileged, 2, InstructionFlags.Privileged, 1, 0, InstructionClass.Vmx, SerializationClass.VmxSerial),"
VMX,usage,HybridCPU_ISE/NonRTL/Arch/OpcodeInfo.Registry.Data.System.cs,62,"new OpcodeInfo((uint)Processor.CPU_Core.InstructionsEnum.VMFUNC, ""VMFUNC"", OpcodeCategory.Privileged, 2, InstructionFlags.Privileged, 1, 0, InstructionClass.Vmx, SerializationClass.VmxSerial),"
VMX,usage,HybridCPU_ISE/NonRTL/Arch/OpcodeInfo.Registry.Data.System.cs,63,"new OpcodeInfo((uint)Processor.CPU_Core.InstructionsEnum.VMSAVEX, ""VMSAVEX"", OpcodeCategory.Privileged, 2, InstructionFlags.Privileged, 1, 0, InstructionClass.Vmx, SerializationClass.VmxSerial),"
VMX,usage,HybridCPU_ISE/NonRTL/Arch/OpcodeInfo.Registry.Data.System.cs,64,"new OpcodeInfo((uint)Processor.CPU_Core.InstructionsEnum.VMRESTX, ""VMRESTX"", OpcodeCategory.Privileged, 2, InstructionFlags.Privileged, 1, 0, InstructionClass.Vmx, SerializationClass.VmxSerial),"
ACCEL,usage,HybridCPU_ISE/NonRTL/Arch/OpcodeInfo.Registry.Data.System.cs,71,"new OpcodeInfo((uint)Processor.CPU_Core.InstructionsEnum.ACCEL_QUERY_CAPS, ""ACCEL_QUERY_CAPS"", OpcodeCategory.System, 0, InstructionFlags.None, 1, 0, InstructionClass.System, SerializationClass.CsrOrdered),"
ACCEL,usage,HybridCPU_ISE/NonRTL/Arch/OpcodeInfo.Registry.Data.System.cs,72,"new OpcodeInfo((uint)Processor.CPU_Core.InstructionsEnum.ACCEL_SUBMIT, ""ACCEL_SUBMIT"", OpcodeCategory.System, 0, InstructionFlags.None, 1, 0, InstructionClass.System, SerializationClass.MemoryOrdered),"
ACCEL,usage,HybridCPU_ISE/NonRTL/Arch/OpcodeInfo.Registry.Data.System.cs,73,"new OpcodeInfo((uint)Processor.CPU_Core.InstructionsEnum.ACCEL_POLL, ""ACCEL_POLL"", OpcodeCategory.System, 0, InstructionFlags.None, 1, 0, InstructionClass.System, SerializationClass.CsrOrdered),"
ACCEL,usage,HybridCPU_ISE/NonRTL/Arch/OpcodeInfo.Registry.Data.System.cs,74,"new OpcodeInfo((uint)Processor.CPU_Core.InstructionsEnum.ACCEL_WAIT, ""ACCEL_WAIT"", OpcodeCategory.System, 0, InstructionFlags.None, 1, 0, InstructionClass.System, SerializationClass.FullSerial),"
ACCEL,usage,HybridCPU_ISE/NonRTL/Arch/OpcodeInfo.Registry.Data.System.cs,75,"new OpcodeInfo((uint)Processor.CPU_Core.InstructionsEnum.ACCEL_CANCEL, ""ACCEL_CANCEL"", OpcodeCategory.System, 0, InstructionFlags.None, 1, 0, InstructionClass.System, SerializationClass.FullSerial),"
ACCEL,usage,HybridCPU_ISE/NonRTL/Arch/OpcodeInfo.Registry.Data.System.cs,76,"new OpcodeInfo((uint)Processor.CPU_Core.InstructionsEnum.ACCEL_FENCE, ""ACCEL_FENCE"", OpcodeCategory.System, 0, InstructionFlags.None, 1, 0, InstructionClass.System, SerializationClass.FullSerial),"
ACCEL,usage,HybridCPU_ISE/NonRTL/Arch/OpcodeInfo.Registry.Data.System.cs,77,"new OpcodeInfo((uint)Processor.CPU_Core.InstructionsEnum.ACCEL_STATUS, ""ACCEL_STATUS"", OpcodeCategory.System, 0, InstructionFlags.None, 1, 0, InstructionClass.System, SerializationClass.CsrOrdered),"
VMX,mention,HybridCPU_ISE/NonRTL/Arch/OpcodeInfo.Registry.Helpers.cs,200,InstructionClass.Vmx;
VMX,mention,HybridCPU_ISE/NonRTL/Arch/OpcodeInfo.Registry.Helpers.cs,227,InstructionClass.Vmx;
ACCEL,usage,HybridCPU_ISE/NonRTL/Arch/OpcodeInfo.Registry.Helpers.cs,50,Processor.CPU_Core.IsaOpcodeValues.ACCEL_QUERY_CAPS or
ACCEL,usage,HybridCPU_ISE/NonRTL/Arch/OpcodeInfo.Registry.Helpers.cs,51,Processor.CPU_Core.IsaOpcodeValues.ACCEL_SUBMIT or
ACCEL,usage,HybridCPU_ISE/NonRTL/Arch/OpcodeInfo.Registry.Helpers.cs,52,Processor.CPU_Core.IsaOpcodeValues.ACCEL_POLL or
ACCEL,usage,HybridCPU_ISE/NonRTL/Arch/OpcodeInfo.Registry.Helpers.cs,53,Processor.CPU_Core.IsaOpcodeValues.ACCEL_WAIT or
ACCEL,usage,HybridCPU_ISE/NonRTL/Arch/OpcodeInfo.Registry.Helpers.cs,54,Processor.CPU_Core.IsaOpcodeValues.ACCEL_CANCEL or
ACCEL,usage,HybridCPU_ISE/NonRTL/Arch/OpcodeInfo.Registry.Helpers.cs,55,Processor.CPU_Core.IsaOpcodeValues.ACCEL_FENCE or
ACCEL,usage,HybridCPU_ISE/NonRTL/Arch/OpcodeInfo.Registry.Helpers.cs,56,Processor.CPU_Core.IsaOpcodeValues.ACCEL_STATUS;
VMX,usage,HybridCPU_ISE/NonRTL/Arch/OpcodeInfo.Types.cs,165,"System = 4,         // System control, VMX, interrupts"
VMX,usage,HybridCPU_ISE/NonRTL/Arch/SerializationClass.cs,43,/// VMX-serial: instruction transitions the pipeline FSM.
VMX,usage,HybridCPU_ISE/NonRTL/Arch/SerializationClass.cs,44,/// All VMX instructions are fully serialized.
VMX,usage,HybridCPU_ISE/NonRTL/Arch/VmxSpecTable.cs,7,/// Machine-readable VMX architecture seed for Phase 00.
VMX,usage,HybridCPU_ISE/NonRTL/Arch/VmxSpecTable.cs,8,/// VMX8 entries are the frozen compatibility baseline; VMX-v2 drafts remain
VMX,usage,HybridCPU_ISE/NonRTL/Arch/VmxSpecTable.cs,27,"CompatibilityNote: ""VMX8 preserves one encoded operand as reserved/ignored; VMX-v2 may reinterpret rs1 only behind a future capability.""),"
VMX,usage,HybridCPU_ISE/NonRTL/Arch/VmxSpecTable.cs,129,"new(""VmxEnable"", 0x820, VmxCsrAccessPolicy.MachineReadWrite, ""Legacy VMX enable alias.""),"
VMX,usage,HybridCPU_ISE/NonRTL/Arch/VmxSpecTable.cs,130,"new(""VmxCaps"", 0x821, VmxCsrAccessPolicy.ReadOnly, ""Legacy VMX capability alias.""),"
VMX,usage,HybridCPU_ISE/NonRTL/Arch/VmxSpecTable.cs,131,"new(""VmxControl"", 0x822, VmxCsrAccessPolicy.MachineReadWrite, ""Legacy VMX control alias.""),"
VMX,usage,HybridCPU_ISE/NonRTL/Arch/VmxSpecTable.cs,132,"new(""VmxExitReason"", 0x823, VmxCsrAccessPolicy.MachineReadWrite, ""Legacy VMX exit/failure reason projection alias.""),"
VMX,usage,HybridCPU_ISE/NonRTL/Arch/VmxSpecTable.cs,133,"new(""VmxExitQual"", 0x824, VmxCsrAccessPolicy.MachineReadWrite, ""Legacy VMX exit qualification projection alias."")"
VMX,usage,HybridCPU_ISE/NonRTL/Arch/VmxSpecTable.cs,200,public InstructionClass InstructionClass => InstructionClass.Vmx;
VMX,usage,HybridCPU_ISE/NonRTL/Core/Contracts/CompilerContract.cs,120,///   <item><b>V6 Phase 6 (VMX subsystem — J47–J52):</b>
VMX,usage,HybridCPU_ISE/NonRTL/Core/Contracts/CompilerContract.cs,121,///     typed VMX compatibility retire effects introduced; <c>PipelineState.VmEntry</c> / <c>PipelineState.VmExit</c>
VMX,usage,HybridCPU_ISE/NonRTL/Core/Contracts/CompilerContract.cs,122,///     added; VMX instructions serialised via <c>SerializationClass.VmxSerial</c>;
ACCEL,usage,HybridCPU_ISE/NonRTL/Core/Decoder/DecodedBundleTransportProjector.cs,219,if (opCode != Processor.CPU_Core.IsaOpcodeValues.ACCEL_SUBMIT)
ACCEL,usage,HybridCPU_ISE/NonRTL/Core/Decoder/DecodedBundleTransportProjector.cs,224,"""AcceleratorCommandDescriptor sideband reached projector on a non-ACCEL_SUBMIT opcode."","
ACCEL,usage,HybridCPU_ISE/NonRTL/Core/Decoder/DecodedBundleTransportProjector.cs,251,"""ACCEL_SUBMIT admission guard rejected before carrier materialization. "" +"
VMX,mention,HybridCPU_ISE/NonRTL/Core/Diagnostics/InstructionRegistry.Helpers.Core.cs,561,if (!opcodeInfo.HasValue || opcodeInfo.Value.InstructionClass != InstructionClass.Vmx)
VMX,mention,HybridCPU_ISE/NonRTL/Core/Diagnostics/InstructionRegistry.Helpers.Core.cs,823,(InstructionClass.System or InstructionClass.Csr or InstructionClass.SmtVt or InstructionClass.Vmx))
VMX,usage,HybridCPU_ISE/NonRTL/Core/Diagnostics/InstructionRegistry.Helpers.Core.cs,826,"$""Opcode {OpcodeRegistry.GetMnemonicOrHex(opCode)} is not a published system/CSR/VMX contour and cannot use the canonical system-like descriptor path."");"
VMX,usage,HybridCPU_ISE/NonRTL/Core/Diagnostics/InstructionRegistry.Helpers.Core.cs,1319,"/// Register a VMX plane instruction that produces a <see cref=""VmxMicroOp""/>."
VMX,usage,HybridCPU_ISE/NonRTL/Core/Diagnostics/InstructionRegistry.Helpers.Core.cs,1320,"/// VMX instructions are always fully serialised, cannot be stolen, and require"
VMX,usage,HybridCPU_ISE/NonRTL/Core/Diagnostics/InstructionRegistry.Helpers.Core.cs,1334,"$""Opcode {OpcodeRegistry.GetMnemonicOrHex(opcode)} reached InstructionRegistry.CreateMicroOp(...) with a non-canonical VMX register encoding. "" +"
VMX,usage,HybridCPU_ISE/NonRTL/Core/Diagnostics/InstructionRegistry.Helpers.Core.cs,1335,"""VMX manual publication requires flat architectural register ids or an explicit NoReg/NoArchReg sentinel."");"
ACCEL,usage,HybridCPU_ISE/NonRTL/Core/Diagnostics/InstructionRegistry.Helpers.Core.cs,645,case OpcodeValues.ACCEL_QUERY_CAPS:
ACCEL,usage,HybridCPU_ISE/NonRTL/Core/Diagnostics/InstructionRegistry.Helpers.Core.cs,646,case OpcodeValues.ACCEL_SUBMIT:
ACCEL,usage,HybridCPU_ISE/NonRTL/Core/Diagnostics/InstructionRegistry.Helpers.Core.cs,649,case OpcodeValues.ACCEL_POLL:
ACCEL,usage,HybridCPU_ISE/NonRTL/Core/Diagnostics/InstructionRegistry.Helpers.Core.cs,650,case OpcodeValues.ACCEL_STATUS:
ACCEL,usage,HybridCPU_ISE/NonRTL/Core/Diagnostics/InstructionRegistry.Helpers.Core.cs,651,case OpcodeValues.ACCEL_WAIT:
ACCEL,usage,HybridCPU_ISE/NonRTL/Core/Diagnostics/InstructionRegistry.Helpers.Core.cs,652,case OpcodeValues.ACCEL_CANCEL:
ACCEL,usage,HybridCPU_ISE/NonRTL/Core/Diagnostics/InstructionRegistry.Helpers.Core.cs,653,case OpcodeValues.ACCEL_FENCE:
ACCEL,usage,HybridCPU_ISE/NonRTL/Core/Diagnostics/InstructionRegistry.Initialize.Base.cs,113,"(uint)Processor.CPU_Core.InstructionsEnum.ACCEL_QUERY_CAPS,"
ACCEL,usage,HybridCPU_ISE/NonRTL/Core/Diagnostics/InstructionRegistry.Initialize.Base.cs,120,"""ACCEL_QUERY_CAPS uses the canonical packed register ABI rd, x0, x0."");"
ACCEL,usage,HybridCPU_ISE/NonRTL/Core/Diagnostics/InstructionRegistry.Initialize.Base.cs,126,"(uint)Processor.CPU_Core.InstructionsEnum.ACCEL_SUBMIT,"
ACCEL,usage,HybridCPU_ISE/NonRTL/Core/Diagnostics/InstructionRegistry.Initialize.Base.cs,133,"""ACCEL_SUBMIT uses the canonical packed register ABI rd, x0, x0 plus typed descriptor sideband."");"
ACCEL,usage,HybridCPU_ISE/NonRTL/Core/Diagnostics/InstructionRegistry.Initialize.Base.cs,139,"(uint)Processor.CPU_Core.InstructionsEnum.ACCEL_POLL,"
ACCEL,usage,HybridCPU_ISE/NonRTL/Core/Diagnostics/InstructionRegistry.Initialize.Base.cs,142,"(uint)Processor.CPU_Core.InstructionsEnum.ACCEL_WAIT,"
ACCEL,usage,HybridCPU_ISE/NonRTL/Core/Diagnostics/InstructionRegistry.Initialize.Base.cs,145,"(uint)Processor.CPU_Core.InstructionsEnum.ACCEL_CANCEL,"
ACCEL,usage,HybridCPU_ISE/NonRTL/Core/Diagnostics/InstructionRegistry.Initialize.Base.cs,148,"(uint)Processor.CPU_Core.InstructionsEnum.ACCEL_FENCE,"
ACCEL,usage,HybridCPU_ISE/NonRTL/Core/Diagnostics/InstructionRegistry.Initialize.Base.cs,151,"(uint)Processor.CPU_Core.InstructionsEnum.ACCEL_STATUS,"
ACCEL,usage,HybridCPU_ISE/NonRTL/Core/Diagnostics/InstructionRegistry.Initialize.Base.cs,157,"""ACCEL_STATUS uses the canonical packed register ABI rd, rs1(token-id), x0."");"
StreamEngine,usage,HybridCPU_ISE/NonRTL/Core/Diagnostics/InstructionRegistry.Initialize.Vector.cs,21,// Legacy vector transfer opcodes still execute through StreamEngine but must now
StreamEngine,usage,HybridCPU_ISE/NonRTL/Core/Diagnostics/InstructionRegistry.Types.cs,174,/// 3 = Stream memory (large burst transactions via StreamEngine)
VMX,usage,HybridCPU_ISE/NonRTL/Core/Diagnostics/IV4TraceEventSink.cs,12,"/// (ALU, memory, atomic, CSR, SMT/VT, VMX, FSP) route events through this"
VMX,usage,HybridCPU_ISE/NonRTL/Core/Diagnostics/TraceEventKind.cs,108,// ─── VMX Events ─────────────────────────────────────────────────────
VMX,usage,HybridCPU_ISE/NonRTL/Core/Diagnostics/TraceEventKind.cs,109,/// <summary>VMXON executed: VMX operation enabled.</summary>
VMX,usage,HybridCPU_ISE/NonRTL/Core/Diagnostics/TraceEventKind.cs,112,/// <summary>VMXOFF executed: VMX operation disabled.</summary>
StreamEngine,usage,HybridCPU_ISE/NonRTL/Core/Execution/DmaStreamCompute/DmaStreamComputeDescriptorParser.cs,18,"""unsupported descriptor shapes and operations still fail closed without StreamEngine or DMAController fallback."";"
StreamRegisterFile,mention,HybridCPU_ISE/NonRTL/Core/Execution/DmaStreamCompute/DmaStreamComputeTokenStore.cs,814,"""DmaStreamCompute SRF credit pressure rejected issue/admission before token creation."","
VMX,usage,HybridCPU_ISE/NonRTL/Core/Execution/DmaStreamCompute/VmxDmaDescriptorValidator.cs,76,"""VMX DMA descriptor accepted and materialized into host-owned Lane6 evidence."");"
VMX,usage,HybridCPU_ISE/NonRTL/Core/Execution/DmaStreamCompute/VmxDmaDescriptorValidator.cs,208,"""VMX guest Lane6 execution requires descriptor validation evidence before MicroOp execution."");"
VMX,usage,HybridCPU_ISE/NonRTL/Core/Execution/DmaStreamCompute/VmxDmaDescriptorValidator.cs,225,"""VMX guest Lane6 descriptor validation evidence is stale after IOMMU/domain/IOTLB epoch change."");"
VMX,usage,HybridCPU_ISE/NonRTL/Core/Execution/DmaStreamCompute/VmxDmaDescriptorValidator.cs,258,"""VMX DMA descriptor contains an empty or overflowing memory range."");"
VMX,usage,HybridCPU_ISE/NonRTL/Core/Execution/DmaStreamCompute/VmxDmaDescriptorValidator.cs,316,"""VMX DMA descriptor range spans non-contiguous host physical pages."");"
VMX,usage,HybridCPU_ISE/NonRTL/Core/Execution/ExecutionDispatcherV4.Trace.cs,33,"InstructionClass.Vmx => ClassifyVmxEvent(instr, result),"
VMX,mention,HybridCPU_ISE/NonRTL/Core/Execution/ExecutionDispatcherV4.Trace.cs,330,return opcodeInfo.Value.InstructionClass == InstructionClass.Vmx;
StreamRegisterFile,usage,HybridCPU_ISE/NonRTL/Core/Execution/ExternalAccelerators/Commit/AcceleratorCommitModel.cs,153,"StreamRegisterFile? streamRegisterFile,"
StreamRegisterFile,usage,HybridCPU_ISE/NonRTL/Core/Execution/ExternalAccelerators/Commit/AcceleratorCommitModel.cs,158,StreamRegisterFile = streamRegisterFile;
StreamRegisterFile,usage,HybridCPU_ISE/NonRTL/Core/Execution/ExternalAccelerators/Commit/AcceleratorCommitModel.cs,164,public StreamRegisterFile? StreamRegisterFile { get; }
StreamRegisterFile,usage,HybridCPU_ISE/NonRTL/Core/Execution/ExternalAccelerators/Commit/AcceleratorCommitModel.cs,188,StreamRegisterFile? streamRegisterFile = null) =>
StreamRegisterFile,usage,HybridCPU_ISE/NonRTL/Core/Execution/ExternalAccelerators/Commit/AcceleratorCommitModel.cs,198,"StreamRegisterFile,"
StreamRegisterFile,mention,HybridCPU_ISE/NonRTL/Core/Execution/ExternalAccelerators/Commit/AcceleratorCommitModel.cs,1344,"$""L7-SDC SRF/cache invalidation requires CommitPending token state, but token is {token.State}."");"
StreamRegisterFile,mention,HybridCPU_ISE/NonRTL/Core/Execution/ExternalAccelerators/Commit/AcceleratorCommitModel.cs,1357,"""L7-SDC SRF/cache invalidation requires fresh owner/domain and mapping/IOMMU epoch authority. "" +"
StreamRegisterFile,usage,HybridCPU_ISE/NonRTL/Core/Execution/ExternalAccelerators/Commit/AcceleratorCommitModel.cs,1406,invalidationPlan.StreamRegisterFile?.InvalidateOverlappingRange(
StreamRegisterFile,mention,HybridCPU_ISE/NonRTL/Core/Execution/ExternalAccelerators/Conflicts/ExternalAcceleratorConflictManager.cs,593,"""L7-SDC submit rejected because accelerator writes overlap an SRF warmed window; v1 does not relax this dependency."","
StreamRegisterFile,mention,HybridCPU_ISE/NonRTL/Core/Execution/ExternalAccelerators/Conflicts/ExternalAcceleratorConflictManager.cs,766,"""SRF warm window overlaps an active accelerator write footprint; v1 rejects the warm/accelerator overlap instead of treating warm evidence as authority."","
StreamRegisterFile,mention,HybridCPU_ISE/NonRTL/Core/Execution/ExternalAccelerators/Conflicts/ExternalAcceleratorConflictManager.cs,788,"""SRF warm window recorded as non-authoritative conflict evidence for future L7-SDC submit checks."");"
StreamRegisterFile,mention,HybridCPU_ISE/NonRTL/Core/Execution/ExternalAccelerators/Conflicts/ExternalAcceleratorConflictManager.cs,896,"""L7-SDC commit rejected because a recorded SRF warmed window overlaps the token write footprint."","
StreamRegisterFile,mention,HybridCPU_ISE/NonRTL/Core/Execution/ExternalAccelerators/Conflicts/ExternalAcceleratorConflictManager.cs,970,"$""L7-SDC conflict-manager SRF/cache cleanup requires a Phase 08 committed token, but token is {token.State}."","
StreamRegisterFile,mention,HybridCPU_ISE/NonRTL/Core/Execution/ExternalAccelerators/Conflicts/ExternalAcceleratorConflictManager.cs,986,"""L7-SDC conflict-manager SRF/cache cleanup requires fresh guard authority and cannot replace Phase 08 invalidation. "" +"
ACCEL,usage,HybridCPU_ISE/NonRTL/Core/Execution/ExternalAccelerators/Descriptors/AcceleratorDescriptorParser.cs,701,if ((opcode is Processor.CPU_Core.IsaOpcodeValues.ACCEL_QUERY_CAPS
ACCEL,usage,HybridCPU_ISE/NonRTL/Core/Execution/ExternalAccelerators/Descriptors/AcceleratorDescriptorParser.cs,702,or Processor.CPU_Core.IsaOpcodeValues.ACCEL_SUBMIT) &&
ACCEL,usage,HybridCPU_ISE/NonRTL/Core/Execution/ExternalAccelerators/Descriptors/AcceleratorDescriptorParser.cs,719,if (opcode == Processor.CPU_Core.IsaOpcodeValues.ACCEL_SUBMIT &&
ACCEL,usage,HybridCPU_ISE/NonRTL/Core/Execution/ExternalAccelerators/Descriptors/AcceleratorDescriptorParser.cs,724,"""ACCEL_SUBMIT requires typed AcceleratorCommandDescriptor sideband."");"
VMX,usage,HybridCPU_ISE/NonRTL/Core/Execution/ExternalAccelerators/Descriptors/AcceleratorDescriptorTaxonomyCatalog.cs,99,"""Reserved Lane7 tensor taxonomy entry for VMX-facing descriptor planning. It is metadata-only and grants no descriptor acceptance, token, execution, commit, or compiler-emission authority.""),"
VMX,usage,HybridCPU_ISE/NonRTL/Core/Execution/ExternalAccelerators/Descriptors/AcceleratorDescriptorTaxonomyCatalog.cs,108,"""Reserved Lane7 topology/queue taxonomy contract for VMX preparation. It is metadata-only and grants no topology query, queue open, queue bind, descriptor acceptance, token, execution, commit, or compiler-emission authority.""),"
ACCEL,usage,HybridCPU_ISE/NonRTL/Core/Execution/ExternalAccelerators/ExternalAcceleratorRuntime.cs,281,"""ACCEL_FENCE rd receives packed fence status after guarded scoped-token serialization and optional commit."")"
ACCEL,usage,HybridCPU_ISE/NonRTL/Core/Execution/ExternalAccelerators/ExternalAcceleratorRuntime.cs,286,"""ACCEL_FENCE rd is written only after the scoped token set serializes without rejection."");"
ACCEL,usage,HybridCPU_ISE/NonRTL/Core/Execution/ExternalAccelerators/Fences/AcceleratorFenceModel.cs,266,// Runtime-side fence coordinator for Phase 08. ACCEL_FENCE reaches this
ACCEL,usage,HybridCPU_ISE/NonRTL/Core/Execution/ExternalAccelerators/Fences/AcceleratorFenceModel.cs,314,"""ACCEL_FENCE requested commit of a completed token but no Phase 08 commit surfaces were supplied."","
ACCEL,usage,HybridCPU_ISE/NonRTL/Core/Execution/ExternalAccelerators/Fences/AcceleratorFenceModel.cs,337,"""ACCEL_FENCE committed a completed token through the Phase 08 coordinator after fresh guard validation."")"
ACCEL,usage,HybridCPU_ISE/NonRTL/Core/Execution/ExternalAccelerators/Fences/AcceleratorFenceModel.cs,355,"""ACCEL_FENCE observed a completed token without commit publication by scope policy.""));"
ACCEL,usage,HybridCPU_ISE/NonRTL/Core/Execution/ExternalAccelerators/Fences/AcceleratorFenceModel.cs,381,"""ACCEL_FENCE observed a terminal scoped token after fresh guard validation.""));"
ACCEL,usage,HybridCPU_ISE/NonRTL/Core/Execution/ExternalAccelerators/Fences/AcceleratorFenceModel.cs,385,"? ""ACCEL_FENCE serialized the scoped token set; any architectural memory publication used only the Phase 08 commit coordinator."""
ACCEL,usage,HybridCPU_ISE/NonRTL/Core/Execution/ExternalAccelerators/Fences/AcceleratorFenceModel.cs,386,": ""ACCEL_FENCE rejected at least one scoped token conservatively; no rejected token gained commit authority."";"
ACCEL,usage,HybridCPU_ISE/NonRTL/Core/Execution/ExternalAccelerators/Fences/AcceleratorFenceModel.cs,425,"""ACCEL_FENCE conservatively rejected an active scoped token; Phase 10 overlap tracking is not implemented."","
ACCEL,usage,HybridCPU_ISE/NonRTL/Core/Execution/ExternalAccelerators/Fences/AcceleratorFenceModel.cs,465,"""ACCEL_FENCE faulted an active scoped token by explicit guarded policy; no commit authority was granted."")"
ACCEL,usage,HybridCPU_ISE/NonRTL/Core/Execution/ExternalAccelerators/Tokens/AcceleratorRegisterAbi.cs,84,"""ACCEL_SUBMIT rd receives a nonzero opaque token handle after guarded admission."");"
ACCEL,usage,HybridCPU_ISE/NonRTL/Core/Execution/ExternalAccelerators/Tokens/AcceleratorRegisterAbi.cs,91,"""ACCEL_SUBMIT precise fault performs no architectural rd write."");"
ACCEL,usage,HybridCPU_ISE/NonRTL/Core/Execution/ExternalAccelerators/Tokens/AcceleratorRegisterAbi.cs,96,"""ACCEL_SUBMIT non-trapping rejection writes zero to rd."","
ACCEL,usage,HybridCPU_ISE/NonRTL/Core/Execution/ExternalAccelerators/Tokens/AcceleratorRegisterAbi.cs,114,"""ACCEL_STATUS/POLL/WAIT/CANCEL/FENCE rd receives packed status after guarded lookup."");"
ACCEL,usage,HybridCPU_ISE/NonRTL/Core/Execution/ExternalAccelerators/Tokens/AcceleratorRegisterAbi.cs,126,"""ACCEL_QUERY_CAPS rd is written only after guard-backed capability acceptance."");"
ACCEL,usage,HybridCPU_ISE/NonRTL/Core/Execution/ExternalAccelerators/Tokens/AcceleratorRegisterAbi.cs,137,"""ACCEL_QUERY_CAPS rd receives a bounded metadata summary after guard-backed capability acceptance."");"
ACCEL,usage,HybridCPU_ISE/NonRTL/Core/Execution/ExternalAccelerators/Tokens/AcceleratorToken.cs,102,"""ACCEL_SUBMIT token validated as model-only Phase 06 state."");"
ACCEL,usage,HybridCPU_ISE/NonRTL/Core/Execution/ExternalAccelerators/Tokens/AcceleratorTokenResults.cs,131,"""ACCEL_SUBMIT accepted by descriptor, capability, and submit guards; token handle is evidence only."");"
ACCEL,usage,HybridCPU_ISE/NonRTL/Core/Execution/ExternalAccelerators/Tokens/AcceleratorTokenStore.cs,230,"""ACCEL_WAIT observed a final or device-complete token state after fresh guard revalidation; no staged write was published."");"
ACCEL,usage,HybridCPU_ISE/NonRTL/Core/Execution/ExternalAccelerators/Tokens/AcceleratorTokenStore.cs,239,"""ACCEL_WAIT observed a non-final token state after fresh guard revalidation; no direct device write was published."");"
ACCEL,usage,HybridCPU_ISE/NonRTL/Core/Execution/ExternalAccelerators/Tokens/AcceleratorTokenStore.cs,264,"$""ACCEL_WAIT timeout policy marked the guarded token TimedOut after {waitPolicy.TimeoutTicks} tick(s); no commit authority was granted."");"
ACCEL,usage,HybridCPU_ISE/NonRTL/Core/Execution/ExternalAccelerators/Tokens/AcceleratorTokenStore.cs,280,"$""ACCEL_WAIT observed timeout after {waitPolicy.TimeoutTicks} tick(s); token state was not promoted and staged writes remain invisible."");"
ACCEL,usage,HybridCPU_ISE/NonRTL/Core/Execution/ExternalAccelerators/Tokens/AcceleratorTokenStore.cs,312,"""ACCEL_CANCEL observed an already-terminal token after guard revalidation; no commit authority was granted."");"
ACCEL,usage,HybridCPU_ISE/NonRTL/Core/Execution/ExternalAccelerators/Tokens/AcceleratorTokenStore.cs,322,"""ACCEL_CANCEL cannot discard DeviceComplete or CommitPending staged-write obligations; Phase 08 commit coordinator or a guarded fault path must resolve them."","
ACCEL,usage,HybridCPU_ISE/NonRTL/Core/Execution/ExternalAccelerators/Tokens/AcceleratorTokenStore.cs,335,"""ACCEL_CANCEL rejected a running token under non-cooperative cancel policy; cancellation did not grant commit authority."","
ACCEL,usage,HybridCPU_ISE/NonRTL/Core/Execution/ExternalAccelerators/Tokens/AcceleratorTokenStore.cs,354,"""ACCEL_CANCEL faulted a running token under explicit guarded policy; no staged writes were committed."")"
VectorALU,usage,HybridCPU_ISE/NonRTL/Core/Execution/Validation/ReferenceModel.cs,12,/// Used for self-checking and validation of the optimized VectorALU.
VectorALU,usage,HybridCPU_ISE/NonRTL/Core/Execution/Validation/ReferenceModel.cs,24,/// - Compare VectorALU results with ReferenceModel
VectorALU,usage,HybridCPU_ISE/NonRTL/Core/Execution/Validation/ReferenceModel.cs,248,/// Validate VectorALU result against ReferenceModel.
VectorALU,usage,HybridCPU_ISE/NonRTL/Core/Execution/Validation/ReferenceModel.cs,253,"/// <param name=""actual"">Actual result from VectorALU</param>"
VMX,usage,HybridCPU_ISE/NonRTL/Core/Legality/BundleLegalityAnalyzer.cs,248,"InstructionClass.Vmx => SlotClass.SystemSingleton,"
VMX,mention,HybridCPU_ISE/NonRTL/Core/Legality/BundleLegalityAnalyzer.cs,439,if (instruction.Class == InstructionClass.Vmx &&
VMX,usage,HybridCPU_ISE/NonRTL/Core/Legality/BundleLegalityAnalyzer.cs,458,"InstructionClass.Vmx => false,"
VMX,usage,HybridCPU_ISE/NonRTL/Core/Legality/BundleLegalityAnalyzer.cs,471,"InstructionClass.Vmx => false,"
VMX,mention,HybridCPU_ISE/NonRTL/Core/Legality/BundleLegalityAnalyzer.cs,588,if (instruction.Class == InstructionClass.Vmx &&
VMX,mention,HybridCPU_ISE/NonRTL/Core/Legality/BundleLegalityAnalyzer.cs,638,if (instruction.Class == InstructionClass.Vmx &&
ACCEL,usage,HybridCPU_ISE/NonRTL/Core/Legality/BundleLegalityAnalyzer.cs,716,Processor.CPU_Core.IsaOpcodeValues.ACCEL_QUERY_CAPS or
ACCEL,usage,HybridCPU_ISE/NonRTL/Core/Legality/BundleLegalityAnalyzer.cs,717,Processor.CPU_Core.IsaOpcodeValues.ACCEL_SUBMIT or
ACCEL,usage,HybridCPU_ISE/NonRTL/Core/Legality/BundleLegalityAnalyzer.cs,718,Processor.CPU_Core.IsaOpcodeValues.ACCEL_POLL or
ACCEL,usage,HybridCPU_ISE/NonRTL/Core/Legality/BundleLegalityAnalyzer.cs,719,Processor.CPU_Core.IsaOpcodeValues.ACCEL_WAIT or
ACCEL,usage,HybridCPU_ISE/NonRTL/Core/Legality/BundleLegalityAnalyzer.cs,720,Processor.CPU_Core.IsaOpcodeValues.ACCEL_CANCEL or
ACCEL,usage,HybridCPU_ISE/NonRTL/Core/Legality/BundleLegalityAnalyzer.cs,721,Processor.CPU_Core.IsaOpcodeValues.ACCEL_FENCE or
ACCEL,usage,HybridCPU_ISE/NonRTL/Core/Legality/BundleLegalityAnalyzer.cs,722,Processor.CPU_Core.IsaOpcodeValues.ACCEL_STATUS;
MemorySubsystem,usage,HybridCPU_ISE/NonRTL/Core/Memory/IHardwareOccupancyInput.cs,256,/// Callers: pipeline tick driver / MemorySubsystem.AdvanceCycles().
StreamRegisterFile,usage,HybridCPU_ISE/NonRTL/Core/Memory/MemoryCoherencyObserver.cs,281,private readonly List<StreamRegisterFile> _streamRegisterFiles = new();
StreamRegisterFile,usage,HybridCPU_ISE/NonRTL/Core/Memory/MemoryCoherencyObserver.cs,301,StreamRegisterFile streamRegisterFile)
VMX,usage,HybridCPU_ISE/NonRTL/Core/Pipeline/Core/CPU_Core.PipelineExecution.SurfaceContract.cs,106,"$""VMX slot {slotIndex} (opcode 0x{opCode:X}) at PC 0x{bundlePc:X} reached decode/admission without a wired VMX execution plane. "" +"
VMX,usage,HybridCPU_ISE/NonRTL/Core/Pipeline/Core/CPU_Core.PipelineExecution.SurfaceContract.cs,107,"""Admission/routing must reject or defer VMX before execute."");"
VMX,usage,HybridCPU_ISE/NonRTL/Core/Pipeline/Core/CPU_Core.PipelineExecution.SurfaceContract.cs,116,"$""VMX slot {slotIndex} (opcode 0x{opCode:X}) at PC 0x{bundlePc:X} reached issue-packet execute materialization without a wired VMX execution plane. "" +"
VMX,usage,HybridCPU_ISE/NonRTL/Core/Pipeline/Core/CPU_Core.PipelineExecution.SurfaceContract.cs,117,"""Issue-packet routing must reject live VMX lanes explicitly instead of dropping them before execute."");"
StreamEngine,usage,HybridCPU_ISE/NonRTL/Core/Pipeline/Core/CPU_Core.TestSupport.cs,349,YAKSys_Hybrid_CPU.Execution.StreamEngine.CaptureRetireWindowPublications(
StreamEngine,usage,HybridCPU_ISE/NonRTL/Core/Pipeline/Core/CPU_Core.TestSupport.cs,368,YAKSys_Hybrid_CPU.Execution.StreamEngine.Execute(
StreamEngine,usage,HybridCPU_ISE/NonRTL/Core/Pipeline/Core/CPU_Core.TestSupport.cs,375,/// TEST-ONLY: drive StreamEngine direct retire publication through the
StreamEngine,usage,HybridCPU_ISE/NonRTL/Core/Pipeline/Core/CPU_Core.TestSupport.cs,388,YAKSys_Hybrid_CPU.Execution.StreamEngine.CaptureRetireWindowPublications(
StreamEngine,usage,HybridCPU_ISE/NonRTL/Core/Pipeline/Core/CPU_Core.TestSupport.cs,425,"""Direct callers must not rely on compat-side StreamEngine.Execute(...) no-op behavior for this contour; use the canonical mainline path or add an explicit direct compat follow-through before reopening it."");"
StreamEngine,usage,HybridCPU_ISE/NonRTL/Core/Pipeline/Core/CPU_Core.TestSupport.cs,1176,"""Mainline vector/stream execution must enter the explicit MicroOp-owned runtime contour; direct StreamEngine fallback from the reference raw execute path is no longer permitted."");"
VMX,mention,HybridCPU_ISE/NonRTL/Core/Pipeline/InternalOpBuilder.cs,403,case InstructionClass.Vmx:
VMX,mention,HybridCPU_ISE/NonRTL/Core/Pipeline/InternalOpBuilder.cs,407,"Class = InstructionClass.Vmx,"
VMX,usage,HybridCPU_ISE/NonRTL/Core/Pipeline/InternalOpBuilder.cs,435,"$""Published VMX opcode {opcode} did not resolve to an authoritative internal-op kind.""),"
VMX,usage,HybridCPU_ISE/NonRTL/Core/Pipeline/InternalOpBuilder.cs,534,// ── VMX ───────────────────────────────────────────────────────
BundleMetadata,definition,HybridCPU_ISE/NonRTL/Core/Pipeline/Metadata/BundleMetadata.cs,16,public sealed record BundleMetadata
SlotMetadata,definition,HybridCPU_ISE/NonRTL/Core/Pipeline/Metadata/SlotMetadata.cs,13,public sealed record SlotMetadata
VMX,usage,HybridCPU_ISE/NonRTL/Core/Pipeline/PipelineEvent.cs,9,/// VMX transitions are intentionally absent here and retire through the typed
VMX,usage,HybridCPU_ISE/NonRTL/Core/Pipeline/PipelineEvent.cs,10,/// VMX retire/outcome plane instead of a compatibility event mirror.
VMX,usage,HybridCPU_ISE/NonRTL/Core/Pipeline/PipelineFsmEventHandler.cs,8,"/// Handles first-class non-VMX system and privileged <see cref=""PipelineEvent""/> instances."
VMX,usage,HybridCPU_ISE/NonRTL/Core/Pipeline/PipelineFsmEventHandler.cs,9,/// Production VMX no longer flows through this event plane or its constructor
VMX,usage,HybridCPU_ISE/NonRTL/Core/Pipeline/PipelineFsmEventHandler.cs,10,/// dependencies; it retires through typed VMX retire outcomes instead.
StreamEngine,usage,HybridCPU_ISE/NonRTL/Core/Pipeline/Safety/ResourceBitset.cs,50,"/// Extended DMA, StreamEngine, Accelerators, future resources"
VMX,usage,HybridCPU_ISE/NonRTL/Core/SafetyMaskBuilder.cs,123,"InternalOpCategory.VmxEvent     => InstructionClass.Vmx,"
VMX,usage,HybridCPU_ISE/NonRTL/Core/SafetyMaskBuilder.cs,141,"InstructionClass.Vmx         => SerializationClass.VmxSerial,"
VMX,usage,HybridCPU_ISE/NonRTL/Core/State/ICpuState.cs,4,"/// Canonical VT-scoped architectural state surface used by execution, pipeline, and VMX paths."
VMX,usage,HybridCPU_ISE/NonRTL/Core/System/IVmxEventSink.cs,6,/// Sink for VMX diagnostic events.
VMX,usage,HybridCPU_ISE/NonRTL/Core/System/IVmxEventSink.cs,8,/// This is an observability mirror of retired VMX outcomes. It is not a
VMX,usage,HybridCPU_ISE/NonRTL/Core/System/IVmxEventSink.cs,9,"/// production semantic owner for VMX execution, VMCS lifecycle, or VM-entry /"
VMX,usage,HybridCPU_ISE/NonRTL/Core/System/IVmxEventSink.cs,17,/// Record a VMX event for diagnostic trace and replay observability.
VMX,usage,HybridCPU_ISE/NonRTL/Core/System/IVmxEventSink.cs,19,"/// <param name=""kind"">The kind of VMX event.</param>"
VMX,usage,HybridCPU_ISE/NonRTL/Core/System/IVmxEventSink.cs,26,/// No-op VMX event sink that discards all events.
VMX,mention,HybridCPU_ISE/NonRTL/Core/System/Vmx/Compatibility/VmcsCompatMapper.cs,4,namespace YAKSys_Hybrid_CPU.Core.Vmx.Compatibility;
VMX,usage,HybridCPU_ISE/NonRTL/Core/System/VmxEventKind.cs,6,/// Event kinds for VMX diagnostic trace recording.
VMX,usage,HybridCPU_ISE/NonRTL/Core/System/VmxEventKind.cs,7,/// Each VMX operation generates one or more events that are
VMX,usage,HybridCPU_ISE/NonRTL/Core/System/VmxEventKind.cs,14,/// <summary>VMXON: VMX operation enabled.</summary>
VMX,usage,HybridCPU_ISE/NonRTL/Core/System/VmxEventKind.cs,17,/// <summary>VMXOFF: VMX operation disabled.</summary>
VMX,usage,HybridCPU_ISE/NonRTL/Core/System/VmxEventKind.cs,50,/// <summary>Root-owned VMX preemption timer expired.</summary>
MemorySubsystem,usage,HybridCPU_ISE/NonRTL/Legacy/LegacyProcessorMachineStateSource.cs,144,public MemorySubsystem? GetMemorySubsystem() => Processor.Memory;
StreamRegisterFile,definition,HybridCPU_ISE/NonRTL/Memory/Registers/StreamRegisterFile.Telemetry.cs,65,public partial class StreamRegisterFile
MemorySubsystem,usage,HybridCPU_ISE/NonRTL/Processor/Core/Processor.cs,22,public static YAKSys_Hybrid_CPU.Memory.MemorySubsystem? Memory;
StreamEngine,usage,HybridCPU_ISE/NonRTL/Processor/Interrupts/Processor.InterruptData.cs,14,"StreamEngine = 2,"
StreamRegisterFile,mention,HybridCPU_ISE/NonRTL/Processor/Performance/PerformanceReport.StreamAndDma.cs,11,/// L1 bypass hits: stream data served from SRF (RegisterState.Valid)
StreamRegisterFile,mention,HybridCPU_ISE/NonRTL/Processor/Performance/PerformanceReport.StreamAndDma.cs,18,/// Foreground (non-assist) ingress warm attempts issued through the SRF seam.
StreamRegisterFile,mention,HybridCPU_ISE/NonRTL/Processor/Performance/PerformanceReport.StreamAndDma.cs,23,/// Foreground ingress warm attempts that successfully left reusable SRF state behind.
StreamRegisterFile,mention,HybridCPU_ISE/NonRTL/Processor/Performance/PerformanceReport.StreamAndDma.cs,28,/// Foreground warm attempts that reused an already-valid SRF window.
StreamRegisterFile,mention,HybridCPU_ISE/NonRTL/Processor/Performance/PerformanceReport.StreamAndDma.cs,33,/// Foreground execution reads that were served from SRF rather than backend memory.
StreamRegisterFile,mention,HybridCPU_ISE/NonRTL/Processor/Performance/PerformanceReport.StreamAndDma.cs,38,/// Assist-driven lane6/DMA ingress warm attempts issued through the SRF seam.
StreamRegisterFile,mention,HybridCPU_ISE/NonRTL/Processor/Performance/PerformanceReport.StreamAndDma.cs,43,/// Assist-driven ingress warm attempts that successfully published reusable SRF state.
StreamRegisterFile,mention,HybridCPU_ISE/NonRTL/Processor/Performance/PerformanceReport.StreamAndDma.cs,48,/// Assist-driven warm attempts that found an already-valid SRF window.
StreamRegisterFile,mention,HybridCPU_ISE/NonRTL/Processor/Performance/PerformanceReport.StreamAndDma.cs,53,/// Assist-originated execution reads that were served from SRF rather than backend memory.
StreamRegisterFile,mention,HybridCPU_ISE/NonRTL/Processor/Performance/PerformanceReport.StreamAndDma.cs,68,/// Assist warm attempts rejected because the assist SRF resident budget was exhausted.
StreamRegisterFile,mention,HybridCPU_ISE/NonRTL/Processor/Performance/PerformanceReport.StreamAndDma.cs,73,/// Assist warm attempts rejected because the assist SRF loading budget was exhausted.
StreamRegisterFile,mention,HybridCPU_ISE/NonRTL/Processor/Performance/PerformanceReport.StreamAndDma.cs,78,/// Assist warm attempts rejected because no assist-owned SRF victim was available.
StreamEngine,usage,HybridCPU_ISE/NonRTL/Processor/Performance/Processor.Performance.cs,223,// Note: These would come from StreamEngine/VectorALU tracking
VectorALU,usage,HybridCPU_ISE/NonRTL/Processor/Performance/Processor.Performance.cs,223,// Note: These would come from StreamEngine/VectorALU tracking
MemorySubsystem,usage,HybridCPU_ISE/NonRTL/Processor/Performance/Processor.Performance.cs,384,"private static void OnBurstStarted(object? sender, YAKSys_Hybrid_CPU.Memory.MemorySubsystem.BurstEventArgs e)"
MemorySubsystem,usage,HybridCPU_ISE/NonRTL/Processor/Performance/Processor.Performance.cs,392,"private static void OnBurstCompleted(object? sender, YAKSys_Hybrid_CPU.Memory.MemorySubsystem.BurstEventArgs e)"
ACCEL,usage,MinimalAsmApp/Examples/13_InstructionClosure/Lane7AccelSubmitDescriptorIntentExample.cs,15,"public string Description => ""Emits the scoped ACCEL_SUBMIT descriptor-intent carrier through CompileAcceleratorSubmit."";"
ACCEL,usage,MinimalAsmApp/Examples/13_InstructionClosure/Lane7AccelSubmitDescriptorIntentExample.cs,42,(Instruction)instructions[0].OpCode != Instruction.ACCEL_SUBMIT)
ACCEL,usage,MinimalAsmApp/Examples/13_InstructionClosure/Lane7AccelSubmitDescriptorIntentExample.cs,44,"throw new InvalidOperationException(""Expected one scoped ACCEL_SUBMIT carrier."");"
ACCEL,usage,MinimalAsmApp/Examples/13_InstructionClosure/Lane7AccelSubmitDescriptorIntentExample.cs,52,"throw new InvalidOperationException(""ACCEL_SUBMIT carrier did not preserve the token destination register ABI."");"
ACCEL,usage,MinimalAsmApp/Examples/13_InstructionClosure/Lane7AccelSubmitDescriptorIntentExample.cs,60,"throw new InvalidOperationException(""ACCEL_SUBMIT descriptor sideband was not preserved on the compiler carrier."");"
ACCEL,usage,MinimalAsmApp/Examples/13_InstructionClosure/Lane7AccelSubmitDescriptorIntentExample.cs,68,"throw new InvalidOperationException(""Expected ACCEL_SUBMIT IR to carry only Lane7 accelerator descriptor sideband."");"
ACCEL,usage,MinimalAsmApp/Examples/13_InstructionClosure/Lane7AccelSubmitDescriptorIntentExample.cs,72,"""Compiler emitted the approved ACCEL_SUBMIT descriptor-intent carrier; direct accelerator-control helpers remain closed."","
ACCEL,usage,MinimalAsmApp/Examples/13_InstructionClosure/Lane7AccelSubmitDescriptorIntentExample.cs,79,".. NonVmxCompilerExampleSupport.DescribeInstruction(""ACCEL_SUBMIT carrier:"", in instructions[0]),"
StreamRegisterFile,mention,TestAssemblerConsoleApps/Program.cs,674,"Console.WriteLine($""SRF L1 bypass hits: {metrics.L1BypassHits}"");"
VMX,usage,TestAssemblerConsoleApps/Program.cs,692,"Console.WriteLine($""Showcase covers VMX plane: {metrics.ShowcaseCoversVmx}"");"
VMX,mention,TestAssemblerConsoleApps/SimpleAsmApp.Showcase.cs,549,result.Decode.Payload.OperandForm == Core.Vmx.VmxOperandForm.FieldSelectorToRegister &&
StreamEngine,usage,TestAssemblerConsoleApps/StreamVectorSpecSuite.cs,236,"""StreamEngine raw/direct VLOAD/VSTORE and descriptorless FMA remain fail-closed; executable vectors use materialized mainline carriers."","
VectorALU,usage,TestAssemblerConsoleApps/StreamVectorSpecSuite.cs,237,"""VectorALU coverage: binary arithmetic, dot product, comparisons, predicative movement, shifts, bit ops, population count."","
VectorALU,usage,TestAssemblerConsoleApps/StreamVectorSpecSuite.cs,251,"executionSurface: ""Materialized vector transfer + VectorALU binary carriers"","
VectorALU,usage,TestAssemblerConsoleApps/StreamVectorSpecSuite.cs,300,"executionSurface: ""Materialized VectorALU logical, shift, add, and unary bit-manip carriers"","
VectorALU,usage,TestAssemblerConsoleApps/StreamVectorSpecSuite.cs,316,"executionSurface: ""Materialized VectorALU row-wise 1D carriers"","
StreamEngine,usage,TestAssemblerConsoleApps/WhiteBookContractDiagnostics.cs,178,"RequireContains(exception.Message, ""no StreamEngine or DMAController fallback"", ""lane6 execution exception no longer rejects fallback routing."");"
